pickup_community_area,iso_year,iso_week,trip_count,total_fare,fare_count,avg_fare,total_trip_total,total_tips_card,total_fare_card,card_trip_count,total_trip_seconds,seconds_count,total_trip_miles,miles_count
1,2024,1,653,15066.25,650,23.18,15741.49,432.74,9682.53,404,907168,638,4293.26,594
1,2024,2,595,13748.99,593,23.19,14297.81,402.49,8961.78,371,953802,577,4084.51,543
1,2024,3,591,13528.38,589,22.97,14201.85,352.72,8582.15,346,1144223,571,3785.34,523
1,2024,4,684,15612.69,682,22.89,16171.27,414.83,9832.04,406,1033407,667,4549.74,617
1,2024,5,648,15271.71,646,23.64,16206.53,472.62,9604.15,389,1054356,635,4423.34,572
1,2024,6,659,15474.52,658,23.52,16071.06,434.04,9655.13,393,1004734,651,4584.88,604
1,2024,7,666,15883.43,665,23.88,16493.97,399.54,10114.82,414,1064972,659,4801.17,635
1,2024,8,601,14627.51,599,24.42,15183.45,433.74,9610.74,379,940222,588,4396.3,552
1,2024,9,708,16990.84,706,24.07,17529.24,370.4,10200.9,410,1094812,696,4854.9,648
1,2024,10,670,16277.06,669,24.33,16893.73,448.67,9956.88,408,1090049,662,4869.3,623
1,2024,11,672,16403.15,668,24.56,17236.38,599.68,10115.7,401,1139604,660,4725.12,623
1,2024,12,734,17719.02,732,24.21,18631.85,528.83,10968.51,438,1227706,724,5284.75,661
1,2024,13,656,15186.67,650,23.36,15815.94,383.52,9580.08,395,927851,637,4464.32,579
1,2024,14,700,16049.72,697,23.03,16838.08,502.36,10615.83,443,1101128,685,4629.22,629
1,2024,15,631,14272.16,629,22.69,14913.78,508.37,9493.56,383,905310,616,4159.33,564
1,2024,16,731,16490.39,724,22.78,17365.14,560.5,11587.51,476,1061423,713,5030.01,662
1,2024,17,731,16806.42,728,23.09,17456.36,424.69,11174.18,473,1137667,719,5086.35,656
1,2024,18,722,17273.2,719,24.02,17953.11,473.76,11694.27,472,1172923,712,5151.72,642
1,2024,19,760,17921.11,757,23.67,18660.46,541.35,11589.66,474,1261079,750,5128.65,691
1,2024,20,737,17305.56,733,23.61,18200.01,610.95,11784.69,465,1111077,718,5090.49,659
1,2024,21,703,16178.64,696,23.25,16945.66,496.52,11427.78,451,1102138,681,4590.49,601
1,2024,22,663,15917.38,659,24.15,16648.59,453.51,10462.51,420,1039782,654,4796.32,598
1,2024,23,704,16498.41,698,23.64,17325.42,500.26,10905.88,452,1185577,692,4851.14,629
1,2024,24,657,16081.63,652,24.67,16995.71,592.33,10356.43,416,1010288,646,4772.73,585
1,2024,25,637,15515.03,631,24.59,16263.15,553.12,10245.46,404,1006715,621,4508.28,556
1,2024,26,688,17234.79,679,25.38,18023.85,450.56,10656.23,424,1052495,665,4965.37,587
1,2024,27,609,14664.51,606,24.2,15278.42,430.16,9193.31,393,967925,604,4453.53,558
1,2024,28,696,16954.21,693,24.46,17639.39,434.98,10133.22,410,1072631,687,5016.43,630
1,2024,29,682,16721.24,679,24.63,17588.87,527.68,10536.38,420,1031975,668,5090.54,615
1,2024,30,620,15483.7,618,25.05,16190.84,473.64,9391.9,381,944129,608,4597.58,564
1,2024,31,668,15891.11,661,24.04,16652.26,411.4,10451.28,412,1033463,652,4771.41,597
1,2024,32,675,16885.61,672,25.13,17583.05,533.44,10845.21,433,1034314,665,5211.94,620
1,2024,33,661,15963.18,656,24.33,16602.12,459.94,9970.22,411,1037403,649,4891.25,603
1,2024,34,673,15984.73,667,23.97,16642.6,454.12,9813.23,407,1032754,659,4904.03,607
1,2024,35,772,18355.45,770,23.84,19004.58,492.38,11935.22,482,1272043,761,5756.32,701
1,2024,36,732,16928.87,728,23.25,17699.27,479.15,11155.96,456,1083222,722,5278.89,654
1,2024,37,659,15594.07,657,23.74,16133.86,343.78,9430.02,402,1131703,655,4935.91,618
1,2024,38,690,16516.23,688,24.01,17310.15,502.42,9950.86,410,1084286,680,4996.14,605
1,2024,39,722,17409.22,717,24.28,18086.44,423.72,10420.47,426,1195869,713,5234.47,658
1,2024,40,692,16791.51,682,24.62,17516.18,547.17,10766.78,428,1074332,675,5153.06,619
1,2024,41,707,17962.39,702,25.59,18791.23,586.35,10834.66,425,1095085,689,5193.14,630
1,2024,42,672,16919.3,669,25.29,17919.64,566.84,10580.21,416,1146570,659,5013.64,609
1,2024,43,633,14950.85,629,23.77,15574.62,478.52,9883.07,400,979499,625,4567.73,586
1,2024,44,724,16715.88,720,23.22,17358.95,461.82,10891.53,448,1021622,713,5102.94,658
1,2024,45,738,18474.18,732,25.24,19257.3,623.52,12135.59,470,1110511,727,5474.91,670
1,2024,46,687,16434.11,683,24.06,17054.54,428.68,9732.07,394,1066818,677,5009.92,638
1,2024,47,709,16573.24,706,23.47,17321.34,584.6,10621.77,440,1050715,702,4890.89,639
1,2024,48,698,16699.09,693,24.1,17464.58,513.89,10616.38,426,945169,681,5182.69,634
1,2024,49,714,16267.36,702,23.17,16933.26,420.65,9642.58,412,1060930,694,4844.57,646
1,2024,50,714,17028.9,709,24.02,17571.97,459.57,10763.59,432,1076998,703,5191.81,647
1,2024,51,671,16490.36,668,24.69,17373.44,576.33,10285.26,408,1086889,667,5020.51,625
1,2024,52,616,15624.3,614,25.45,16076.85,366.55,9264.11,367,964163,611,4998.93,578
1,2025,1,651,15429.72,650,23.74,16085.0,411.43,9126.3,369,923429,647,4901.96,602
1,2025,2,655,15555.0,652,23.86,16031.87,349.62,9689.28,394,958824,646,4828.13,604
1,2025,3,709,17292.87,707,24.46,17951.8,497.68,10525.11,424,1053622,703,5297.45,657
1,2025,4,603,13884.33,599,23.18,14538.52,369.19,8507.02,369,891593,596,4345.54,562
1,2025,5,674,15674.59,669,23.43,16158.38,358.04,9860.56,415,1006104,662,4953.28,632
1,2025,6,710,17462.72,708,24.66,18037.37,363.15,10520.94,416,1117684,702,5275.92,650
1,2025,7,706,16689.44,705,23.67,17448.78,455.84,10702.9,441,1117617,689,4970.24,647
1,2025,8,736,17365.21,734,23.66,18164.22,569.01,11585.62,474,1051306,731,5499.84,692
1,2025,9,724,17499.39,722,24.24,18094.94,418.05,10677.7,437,1038890,718,5603.39,679
1,2025,10,768,18388.44,765,24.04,18926.5,361.56,12118.96,486,1226365,758,5892.87,720
1,2025,11,772,18837.34,771,24.43,19584.85,486.76,12995.06,511,1187172,760,5885.72,724
1,2025,12,766,18088.08,764,23.68,18713.02,445.93,12012.48,501,1144267,760,5577.96,725
1,2025,13,696,17500.43,692,25.29,18237.05,597.62,11040.39,435,1081000,688,5575.51,651
1,2025,14,770,17919.35,767,23.36,18592.0,433.65,11675.47,502,1102255,756,5494.09,722
1,2025,15,713,17910.15,711,25.19,18654.48,554.33,11407.95,442,1062021,706,5532.04,673
1,2025,16,774,19549.45,771,25.36,20271.36,533.41,12644.41,499,1256576,767,6054.21,730
1,2025,17,766,18315.03,763,24.0,19202.36,615.58,12434.99,503,1147496,756,5650.7,719
1,2025,18,754,17655.25,750,23.54,18270.09,418.34,11460.93,481,1165106,740,5530.89,705
1,2025,19,775,18750.79,772,24.29,19603.31,501.52,11960.87,485,1249311,760,5558.07,709
1,2025,20,814,20261.34,807,25.11,21113.55,644.21,13089.28,530,1375294,799,5968.34,762
1,2025,21,764,18256.76,763,23.93,19013.84,489.08,11958.3,497,1259097,761,5546.73,718
1,2025,22,727,17945.37,724,24.79,18603.8,441.18,11883.54,484,1252916,714,5390.02,686
1,2025,23,762,18491.69,757,24.43,19198.8,394.61,12407.2,506,1261800,750,5627.45,728
1,2025,24,788,20110.09,787,25.55,20999.67,555.33,13702.7,543,1240928,785,6177.71,756
1,2025,25,674,17040.64,671,25.4,17694.21,529.07,11518.02,459,1140097,671,5134.72,643
1,2025,26,726,18233.61,721,25.29,19063.4,484.04,11347.52,452,1189785,710,5577.06,680
1,2025,27,667,15831.56,663,23.88,16517.26,463.2,9584.09,401,1076882,658,4858.57,629
1,2025,28,654,15983.66,651,24.55,16629.16,421.24,10154.56,407,1025605,646,4950.24,620
1,2025,29,699,17594.6,696,25.28,18360.02,498.16,11489.41,454,1212854,690,5383.79,656
1,2025,30,737,18441.7,732,25.19,19095.38,529.43,11546.38,455,1268291,726,5680.91,695
1,2025,31,735,19210.26,732,26.24,20190.84,610.08,12336.66,486,1155295,726,5817.36,687
1,2025,32,652,16464.62,650,25.33,17128.92,523.3,10526.73,425,988624,643,5087.75,614
1,2025,33,694,17410.07,692,25.16,18340.35,533.53,11364.47,460,1127203,685,5348.93,646
1,2025,34,688,17534.48,686,25.56,18482.65,533.67,10549.2,432,1142494,679,5458.98,647
1,2025,35,740,18864.36,737,25.6,19746.62,495.81,11165.63,458,1301866,729,5817.5,696
1,2025,36,677,17309.35,670,25.83,17886.63,354.28,9764.18,393,1120773,657,5313.99,624
1,2025,37,714,19046.9,713,26.71,19717.49,532.84,12153.46,462,1186389,708,5966.9,666
1,2025,38,696,19161.35,693,27.65,19835.18,537.83,11188.41,426,1225732,686,5990.96,657
1,2025,39,759,19507.96,756,25.8,20304.76,575.05,11952.14,466,1188156,743,6083.49,702
1,2025,40,709,18176.28,708,25.67,18913.72,502.69,10225.18,424,1113984,705,5651.61,676
1,2025,41,633,16247.38,630,25.79,17170.99,563.51,9513.11,400,1027562,620,5031.83,586
1,2025,42,596,14970.45,591,25.33,15739.05,516.35,9276.64,384,891928,587,4523.42,544
1,2025,43,596,14298.35,595,24.03,14964.12,487.76,8370.59,364,818672,590,4332.97,563
1,2025,44,586,14483.68,581,24.93,15262.58,490.15,8354.46,367,804123,571,4142.27,544
1,2025,45,582,14703.76,581,25.31,15379.59,534.58,8951.59,367,1009467,575,4532.97,540
1,2025,46,589,15028.3,589,25.51,15667.55,483.51,9263.36,380,893934,584,4640.46,562
1,2025,47,611,14721.06,607,24.25,15518.12,521.54,8932.71,384,909693,595,4362.79,568
1,2025,48,488,11577.3,487,23.77,12316.56,435.26,6182.98,267,621135,483,3609.85,451
1,2025,49,722,17598.42,712,24.72,18547.16,633.69,11175.94,483,1061155,705,5261.88,675
1,2025,50,698,17029.03,696,24.47,17930.73,569.45,10667.26,469,1114526,685,5014.28,660
1,2025,51,641,15852.61,635,24.96,16588.01,586.06,9142.48,380,1031251,628,5061.57,604
1,2025,52,497,13422.26,494,27.17,14216.13,641.62,7371.48,279,726472,486,4286.81,458
1,2026,1,463,10663.4,461,23.13,11181.64,374.24,6141.06,284,599713,459,3284.2,426
1,2026,2,552,13667.4,550,24.85,14249.7,387.3,7851.25,337,829396,547,4369.63,522
1,2026,3,598,14590.67,591,24.69,15185.37,416.69,8468.19,361,877959,585,4485.69,553
1,2026,4,497,11704.16,494,23.69,12421.34,493.43,6660.1,288,677333,488,3518.12,454
1,2026,5,637,15169.71,632,24.0,15963.3,520.59,9032.45,387,989918,629,4549.55,588
1,2026,6,639,15147.21,637,23.78,15794.57,449.36,8408.23,369,970995,633,4764.91,597
1,2026,7,586,15123.07,583,25.94,15733.48,497.41,8020.52,343,886623,575,4663.44,536
1,2026,8,518,13091.28,513,25.52,13759.34,391.06,7131.34,303,760047,510,4035.35,471
1,2026,9,525,13485.77,525,25.69,14160.97,447.45,6918.68,296,868788,519,4239.86,493
1,2026,10,536,13437.01,535,25.12,13916.2,332.19,7717.19,321,784677,532,3990.72,505
1,2026,11,691,16041.62,686,23.38,17041.06,554.44,10300.67,437,1178147,679,4732.87,633
1,2026,12,698,16728.58,697,24.0,17667.73,615.65,10860.57,459,1139910,685,4911.4,658
1,2026,13,485,11686.34,485,24.1,12475.46,584.87,7502.59,315,637048,483,3583.23,455
1,2026,14,656,15417.15,654,23.57,16398.09,661.69,9469.09,399,997290,642,4604.01,599
1,2026,15,629,14586.45,625,23.34,15321.46,494.76,9020.99,378,924157,617,4466.56,585
1,2026,16,612,14562.66,609,23.91,15343.62,559.46,9146.22,381,905518,603,4348.24,574
1,2026,17,555,12815.15,553,23.17,13417.22,408.57,7834.79,341,799084,548,3900.94,520
1,2026,18,625,14179.36,621,22.83,14885.67,535.31,8955.17,373,892018,615,4094.3,564
1,2026,19,654,15649.15,654,23.93,16246.73,409.82,9585.49,403,979293,649,4625.29,614
1,2026,20,646,15669.24,641,24.44,16533.81,519.07,10267.89,424,1031404,638,4627.14,601
1,2026,21,588,14245.51,586,24.31,15005.69,479.87,9147.45,378,923872,579,4374.14,548
1,2026,22,603,14551.43,602,24.17,15408.0,483.82,9572.21,409,946430,590,4385.56,560
10,2024,1,228,6414.79,225,28.51,6838.14,178.35,4005.18,134,342713,217,1906.21,205
10,2024,2,248,6473.48,242,26.75,8729.51,134.98,4161.8,145,598676,236,1812.22,211
10,2024,3,253,6834.75,248,27.56,7326.29,230.39,4266.04,141,586616,241,2016.59,222
10,2024,4,288,7681.17,286,26.86,8192.23,206.06,4938.25,164,470897,281,2132.66,262
10,2024,5,284,7876.57,280,28.13,8427.39,262.81,4865.57,157,473330,275,2033.68,246
10,2024,6,270,7392.19,269,27.48,7700.05,192.36,4108.54,143,369532,263,2094.29,243
10,2024,7,289,8188.45,289,28.33,8515.34,125.89,5159.04,176,470636,283,2253.28,255
10,2024,8,325,8986.97,323,27.82,9630.06,286.89,5741.19,191,512118,312,2466.66,284
10,2024,9,304,8327.69,304,27.39,8870.67,393.53,5382.66,170,485676,296,2453.57,281
10,2024,10,302,8056.07,299,26.94,8538.71,241.39,5119.43,168,467189,287,2513.75,270
10,2024,11,324,8316.83,324,25.67,9024.54,329.22,4983.75,171,541194,309,2511.92,280
10,2024,12,334,8672.24,334,25.96,9688.94,320.95,5292.28,182,585329,323,2637.5,297
10,2024,13,282,7930.48,279,28.42,8457.34,216.36,4808.71,153,506651,271,2312.07,243
10,2024,14,306,8233.91,301,27.36,9052.66,333.68,4984.58,163,457632,289,2316.64,258
10,2024,15,285,7845.74,282,27.82,8801.06,374.02,4704.57,153,457747,277,2486.22,259
10,2024,16,292,7863.87,291,27.02,8518.03,315.3,4842.96,160,456222,282,2194.05,250
10,2024,17,304,8111.51,301,26.95,8704.56,243.8,5357.4,178,525045,291,2292.56,262
10,2024,18,314,8086.08,309,26.17,9096.23,522.16,5681.67,184,455120,297,2254.6,255
10,2024,19,364,9286.01,361,25.72,10229.03,456.27,6005.36,198,547291,347,2478.52,308
10,2024,20,310,8937.64,306,29.21,9987.64,573.25,5722.83,171,552478,297,2445.56,263
10,2024,21,331,9379.08,325,28.86,10631.57,498.74,6530.87,196,545397,311,2453.22,280
10,2024,22,330,9342.67,327,28.57,10232.55,515.43,6379.31,196,537033,315,2625.42,282
10,2024,23,329,9629.34,326,29.54,10814.01,619.07,6765.35,199,541986,313,2386.33,271
10,2024,24,323,8360.83,319,26.21,9320.04,401.21,5541.33,184,526627,307,2403.85,278
10,2024,25,303,8939.31,300,29.8,9967.65,564.34,6389.73,190,570568,287,2476.06,258
10,2024,26,328,9667.24,324,29.84,10995.75,543.01,6288.1,194,562437,314,2672.83,271
10,2024,27,254,6593.67,253,26.06,7182.79,214.12,4364.54,147,333743,249,1877.32,213
10,2024,28,281,7128.48,276,25.83,7544.38,224.15,4795.93,163,407545,269,2037.54,248
10,2024,29,289,8876.14,289,30.71,10121.02,641.14,6212.9,183,562073,284,2295.32,247
10,2024,30,265,8252.36,262,31.5,9093.34,457.72,5241.62,162,423602,257,2208.52,224
10,2024,31,252,7320.41,250,29.28,8360.32,476.16,4556.91,147,476812,246,2094.77,218
10,2024,32,263,7490.91,262,28.59,8530.64,379.79,4537.48,149,423542,258,2026.77,224
10,2024,33,280,8787.37,279,31.5,9509.4,402.78,5404.09,163,500370,275,2212.52,251
10,2024,34,321,9065.14,317,28.6,9940.14,452.75,6080.98,198,552959,311,2549.92,270
10,2024,35,318,8967.5,315,28.47,9891.23,304.9,5765.17,182,527972,307,2754.13,280
10,2024,36,294,8289.04,293,28.29,9268.92,459.63,5912.11,193,634299,282,2562.66,268
10,2024,37,344,9162.76,341,26.87,10078.22,460.21,6000.4,190,601918,335,2607.14,296
10,2024,38,309,8763.88,308,28.45,9536.95,395.07,5889.2,185,520266,299,2570.38,266
10,2024,39,350,10411.25,349,29.83,12008.15,832.41,7748.31,217,569789,342,2798.92,297
10,2024,40,333,8837.31,328,26.94,9585.7,380.39,5779.13,185,549043,323,2559.21,287
10,2024,41,313,8535.21,309,27.62,9666.08,491.62,5814.42,180,530908,300,2555.66,267
10,2024,42,354,10413.21,347,30.01,11480.76,499.35,7174.67,215,568304,339,2946.24,303
10,2024,43,321,8994.29,313,28.74,10031.07,599.28,6596.15,197,581276,309,2653.33,282
10,2024,44,303,8078.48,299,27.02,8819.06,380.74,5481.92,165,474396,292,2471.34,277
10,2024,45,351,9972.79,340,29.33,10971.96,470.67,6358.98,194,583134,334,3065.43,309
10,2024,46,344,9797.18,342,28.65,10908.06,603.13,6882.72,202,559152,328,3016.94,299
10,2024,47,346,10519.96,342,30.76,11711.91,550.45,6703.35,203,678786,332,2959.82,305
10,2024,48,315,8804.4,313,28.13,9691.09,407.14,5774.21,179,560495,307,2718.22,280
10,2024,49,337,9377.84,334,28.08,10530.74,494.9,6281.73,195,613540,331,2816.76,304
10,2024,50,273,7795.01,270,28.87,8430.78,275.87,4590.08,147,530335,264,2246.38,242
10,2024,51,267,7101.09,264,26.9,7577.71,174.62,3836.23,135,642564,256,2057.5,241
10,2024,52,212,6250.87,212,29.49,6534.07,125.51,3299.98,113,410888,208,1846.73,201
10,2025,1,235,6451.63,234,27.57,6691.98,130.35,3596.08,116,442941,228,2043.79,214
10,2025,2,294,7394.72,292,25.32,7746.79,184.82,4982.46,178,455980,283,2333.06,259
10,2025,3,249,6708.15,248,27.05,7100.4,191.25,4091.52,140,325299,242,2108.67,223
10,2025,4,280,7347.67,279,26.34,8168.92,304.01,5118.34,171,446361,276,2525.26,261
10,2025,5,317,8409.76,316,26.61,8922.09,297.83,5190.72,164,527941,309,2644.83,283
10,2025,6,304,8260.22,301,27.44,8879.59,311.87,5547.64,184,403062,298,2728.6,271
10,2025,7,250,6890.42,249,27.67,7478.77,221.1,4476.65,158,354815,243,2259.82,232
10,2025,8,292,9034.07,289,31.26,10063.35,492.03,6585.87,190,451732,287,2883.32,267
10,2025,9,320,9272.51,319,29.07,10210.47,538.37,6384.2,190,486275,313,2889.48,293
10,2025,10,343,10032.91,341,29.42,11222.54,482.63,6610.04,207,611448,338,3349.03,318
10,2025,11,337,9603.73,335,28.67,10789.85,452.62,6670.71,205,491562,325,2905.59,312
10,2025,12,305,8847.16,303,29.2,10204.88,558.02,6320.26,187,512994,299,2701.35,280
10,2025,13,310,8509.47,309,27.54,9659.57,549.6,5914.59,179,606120,301,2715.72,275
10,2025,14,341,9607.35,338,28.42,11141.29,717.44,6965.82,215,506193,329,3021.39,301
10,2025,15,341,10147.55,338,30.02,11691.93,649.88,6952.58,210,558535,332,3155.83,303
10,2025,16,307,9020.57,306,29.48,10250.63,532.66,6556.77,201,556290,299,2845.63,280
10,2025,17,332,10049.84,326,30.83,11378.79,734.95,6955.3,200,594216,320,2907.72,284
10,2025,18,348,9971.98,343,29.07,11493.6,605.61,6691.49,194,579832,335,2943.19,304
10,2025,19,309,9959.18,306,32.55,11369.23,654.55,6620.03,176,531995,298,2885.46,266
10,2025,20,342,11566.76,338,34.22,13143.22,909.21,7567.39,203,665798,331,3188.68,302
10,2025,21,344,9706.27,342,28.38,11068.89,515.62,6476.17,205,552129,334,2762.06,300
10,2025,22,310,10107.62,310,32.61,11735.57,844.45,6912.61,179,579902,304,3078.27,278
10,2025,23,297,8677.71,293,29.62,9757.56,552.35,5726.51,170,562411,290,2642.1,269
10,2025,24,316,10111.77,312,32.41,11229.12,622.65,6010.32,164,643763,305,2823.38,285
10,2025,25,272,8619.34,271,31.81,9606.89,558.55,6188.26,173,498120,267,2575.69,248
10,2025,26,305,9169.66,300,30.57,10308.2,643.04,5953.27,175,535884,294,2661.43,268
10,2025,27,240,6917.13,238,29.06,7477.74,281.86,4173.57,143,371805,236,1978.63,211
10,2025,28,280,8191.45,277,29.57,8938.15,383.7,4803.64,150,565425,275,2504.18,253
10,2025,29,271,8279.69,271,30.55,9094.17,436.08,5076.62,155,461386,265,2356.4,236
10,2025,30,251,7558.84,249,30.36,8577.01,447.67,4521.84,137,494437,244,2160.99,220
10,2025,31,289,7917.76,284,27.88,8722.66,468.4,5170.55,162,497817,274,2292.43,249
10,2025,32,253,7846.46,253,31.01,8436.88,304.27,4516.67,139,476826,249,2070.42,224
10,2025,33,306,8870.25,303,29.27,9555.45,398.94,5601.68,172,419441,292,2465.29,255
10,2025,34,304,9066.69,302,30.02,10449.55,559.86,5862.66,179,536409,296,2679.48,263
10,2025,35,325,9301.6,323,28.8,9955.33,301.41,5591.14,180,513713,318,2861.47,294
10,2025,36,316,9026.33,313,28.84,9785.96,344.69,5590.57,178,500333,307,2751.89,282
10,2025,37,290,8509.18,289,29.44,9214.18,365.75,5292.87,168,606057,287,2482.4,264
10,2025,38,318,9037.75,314,28.78,10124.14,477.39,5590.01,170,526784,308,2561.84,280
10,2025,39,253,7194.86,250,28.78,8165.87,422.01,4544.44,143,383714,244,2081.05,221
10,2025,40,270,8106.25,269,30.13,8902.49,464.74,5221.18,156,479337,265,2402.25,231
10,2025,41,267,8972.38,267,33.6,10273.78,632.4,5675.89,158,398524,263,2528.0,230
10,2025,42,253,8197.95,251,32.66,9213.09,575.64,5406.2,151,435725,246,2125.22,206
10,2025,43,201,6504.84,201,32.36,7259.47,397.63,3713.64,107,331894,196,1750.34,169
10,2025,44,228,7216.74,225,32.07,8281.42,505.49,4292.89,114,349435,222,1999.74,200
10,2025,45,247,8164.64,242,33.74,8901.18,415.54,4935.38,126,326357,234,1933.82,205
10,2025,46,240,6682.54,238,28.08,7354.17,372.63,3708.07,116,448303,230,1799.57,193
10,2025,47,249,6908.88,248,27.86,7831.39,496.01,4385.02,136,380726,242,1861.11,215
10,2025,48,227,6197.07,221,28.04,7451.0,610.53,4269.11,128,289099,217,1799.86,199
10,2025,49,273,7312.44,272,26.88,8437.98,511.04,4626.49,139,373840,266,1977.88,232
10,2025,50,254,6887.44,248,27.77,7517.64,313.7,3674.71,110,415159,237,1906.99,199
10,2025,51,242,6284.2,239,26.29,6882.77,306.32,3603.8,116,331025,236,1791.64,208
10,2025,52,152,3864.04,151,25.59,4153.38,168.34,2583.04,88,158390,148,1145.75,131
10,2026,1,154,4161.0,154,27.02,4639.69,165.69,2733.11,93,205461,151,1326.15,138
10,2026,2,209,5311.03,206,25.78,5951.19,261.91,3192.57,107,308702,200,1747.57,177
10,2026,3,215,5989.39,214,27.99,6679.62,376.23,3589.84,114,339718,212,1941.97,194
10,2026,4,197,5519.79,196,28.16,6217.35,384.06,3400.1,105,322830,193,1661.7,168
10,2026,5,204,5576.49,197,28.31,6374.15,290.83,3100.36,92,350242,195,1592.41,169
10,2026,6,197,5848.39,193,30.3,6351.17,240.23,3247.49,100,302271,190,1770.05,174
10,2026,7,222,6362.07,220,28.92,7111.64,395.57,3939.1,122,337006,212,1878.99,190
10,2026,8,227,7246.83,224,32.35,8419.49,512.22,4316.02,121,378102,220,2057.93,196
10,2026,9,233,6568.52,230,28.56,7224.54,313.12,3811.42,122,406469,220,2061.3,201
10,2026,10,211,5961.08,210,28.39,6650.32,332.74,3927.2,125,384502,204,1806.82,186
10,2026,11,269,7560.2,263,28.75,8570.5,552.31,5079.92,153,427110,256,2213.16,225
10,2026,12,209,6859.33,207,33.14,7847.76,485.7,4207.98,115,409760,205,2172.07,192
10,2026,13,226,7086.1,224,31.63,8164.97,531.24,4601.05,138,415026,222,2170.55,198
10,2026,14,251,7500.5,251,29.88,8521.17,482.02,4829.63,133,405077,243,2041.26,217
10,2026,15,246,7555.05,246,30.71,8865.86,645.25,5133.9,137,457760,242,2107.73,215
10,2026,16,241,6942.51,236,29.42,7796.64,403.13,4318.78,129,503984,225,1948.15,195
10,2026,17,224,6670.46,221,30.18,7574.33,534.37,4730.85,130,364267,212,1901.57,194
10,2026,18,242,7723.61,240,32.18,8988.66,655.07,5058.96,139,416700,239,2341.27,217
10,2026,19,257,8157.01,252,32.37,9397.41,721.9,5735.13,152,430422,248,2312.4,223
10,2026,20,274,9241.38,271,34.1,10514.2,760.07,6116.1,154,676670,266,2619.71,235
10,2026,21,237,7591.14,236,32.17,8698.53,568.74,5046.01,135,462188,229,2047.63,201
10,2026,22,246,8753.01,246,35.58,10489.79,948.31,6161.28,150,561305,242,2742.79,224
11,2024,1,145,3588.73,144,24.92,3807.33,62.6,2035.92,74,200011,139,1000.32,129
11,2024,2,150,4029.79,148,27.23,4201.16,70.37,2113.64,77,285851,139,1056.51,130
11,2024,3,143,3516.72,141,24.94,3747.19,124.47,2165.79,79,204132,133,1090.99,126
11,2024,4,152,3758.18,151,24.89,4176.07,133.39,2256.44,85,214469,142,1041.93,131
11,2024,5,166,3885.22,166,23.4,4209.78,52.56,2371.0,86,241549,150,1171.32,134
11,2024,6,167,4425.78,166,26.66,4700.3,139.36,2415.44,90,283068,162,1290.91,160
11,2024,7,167,3782.87,166,22.79,4040.87,134.0,2575.79,91,237156,159,1033.94,137
11,2024,8,144,3337.35,143,23.34,3641.55,95.45,2438.72,92,184892,137,1010.98,125
11,2024,9,147,3665.71,145,25.28,3932.56,102.35,2665.52,97,206220,140,1217.2,127
11,2024,10,165,4134.62,164,25.21,4387.67,154.65,2633.69,89,216844,157,1280.1,147
11,2024,11,196,4934.96,195,25.31,5375.36,214.15,3420.34,119,289375,184,1503.2,178
11,2024,12,162,4488.51,162,27.71,4889.27,197.51,2679.63,89,252632,155,1189.94,144
11,2024,13,189,4353.28,187,23.28,4578.53,148.25,2778.89,104,278143,178,1391.09,170
11,2024,14,172,4145.57,170,24.39,4779.18,236.61,2778.32,93,252360,163,1120.46,147
11,2024,15,140,3551.64,138,25.74,3794.08,132.79,2368.08,77,199962,132,977.36,121
11,2024,16,170,3999.26,166,24.09,4378.32,174.7,2514.7,94,278826,162,1094.48,142
11,2024,17,160,4144.89,159,26.07,4450.83,149.94,2676.33,91,230619,153,1026.41,133
11,2024,18,179,4547.74,179,25.41,5287.67,255.68,3041.16,103,241419,173,1184.54,153
11,2024,19,170,4507.48,167,26.99,4965.85,188.37,3095.92,112,271228,162,1280.94,152
11,2024,20,174,4462.66,173,25.8,4975.85,204.19,2709.73,90,265122,163,1191.26,149
11,2024,21,192,5175.17,191,27.1,5926.94,327.77,3336.27,102,267131,176,1185.18,154
11,2024,22,189,4489.5,188,23.88,5206.02,307.51,2792.58,98,252746,176,1158.07,159
11,2024,23,211,5851.17,208,28.13,6680.68,401.26,3911.49,114,368102,199,1317.22,168
11,2024,24,195,5449.21,193,28.23,6182.92,409.51,3817.57,113,285312,180,1116.24,152
11,2024,25,155,4508.24,152,29.66,4979.24,265.5,2442.14,86,213868,148,882.65,121
11,2024,26,170,4172.95,166,25.14,4571.23,245.53,2743.36,89,301978,161,981.8,132
11,2024,27,128,3546.22,126,28.14,3811.62,133.9,2180.6,78,189402,125,960.85,108
11,2024,28,168,4434.09,168,26.39,4745.17,144.58,2497.68,87,266636,162,1147.9,148
11,2024,29,188,5703.67,187,30.5,6540.93,373.46,3533.65,113,262999,182,1379.32,167
11,2024,30,147,4115.73,147,28.0,4723.22,294.99,2627.0,91,243594,143,1083.86,126
11,2024,31,168,4974.02,166,29.96,5655.97,349.7,2941.12,96,246371,157,1044.95,136
11,2024,32,169,4207.97,165,25.5,4781.22,256.25,2609.91,86,226904,160,1102.13,136
11,2024,33,195,4820.6,193,24.98,5200.39,216.79,2649.15,85,243791,180,1160.78,150
11,2024,34,150,3457.03,148,23.36,3734.02,160.74,2047.65,75,171997,145,945.81,134
11,2024,35,167,3758.35,164,22.92,4147.75,207.9,2503.96,84,226495,157,1085.18,140
11,2024,36,173,4454.06,171,26.05,5078.06,347.26,3079.11,96,234603,164,1186.11,151
11,2024,37,199,5444.15,195,27.92,6373.84,456.44,3668.3,112,321556,190,1292.35,176
11,2024,38,167,4130.3,165,25.03,4770.78,258.48,2688.77,87,223415,162,945.02,138
11,2024,39,190,5052.71,189,26.73,5912.92,431.21,3361.36,105,284531,185,1300.74,166
11,2024,40,190,4616.12,190,24.3,5144.95,294.33,2722.57,83,306424,178,1148.02,151
11,2024,41,168,4315.72,168,25.69,4735.66,194.19,2562.49,87,252093,163,1173.75,154
11,2024,42,167,5214.94,162,32.19,5868.76,383.82,3056.76,80,296267,160,1325.75,143
11,2024,43,177,4978.68,174,28.61,5624.15,355.47,3393.87,98,329735,170,1387.65,152
11,2024,44,169,4273.4,163,26.22,4640.25,241.35,2470.27,75,268933,157,1227.16,147
11,2024,45,164,4300.29,162,26.54,4933.43,309.14,2486.03,80,298984,159,1297.38,148
11,2024,46,138,3402.48,135,25.2,3699.45,158.97,1977.23,66,217071,132,1026.41,119
11,2024,47,170,4706.92,166,28.35,5230.34,271.92,2905.17,96,218438,158,1239.89,144
11,2024,48,138,3395.79,136,24.97,3804.69,188.4,1834.5,66,215210,134,1013.26,117
11,2024,49,182,4834.78,180,26.86,5418.76,262.93,2849.25,90,392582,174,1384.74,158
11,2024,50,158,3722.71,154,24.17,4048.09,184.03,2365.53,88,248962,149,1044.54,135
11,2024,51,154,3563.21,152,23.44,3854.6,91.89,2083.47,74,233962,149,1025.17,136
11,2024,52,149,3769.42,148,25.47,4144.32,133.46,1922.27,71,301554,145,1209.6,135
11,2025,1,140,3265.34,140,23.32,3486.75,87.41,1307.19,55,219175,137,879.64,126
11,2025,2,156,3415.44,155,22.04,3635.72,133.28,2143.69,80,193154,151,988.74,136
11,2025,3,130,3062.67,127,24.12,3283.67,130.5,1979.04,73,172274,124,934.78,113
11,2025,4,127,2820.59,124,22.75,2986.48,91.89,1820.23,65,133142,123,840.02,106
11,2025,5,119,2959.14,119,24.87,3164.67,121.03,1938.82,65,145234,114,872.15,105
11,2025,6,122,2676.86,118,22.69,2913.6,78.24,1317.16,52,148739,116,836.31,108
11,2025,7,111,2849.74,109,26.14,3028.76,129.02,1697.95,59,206205,108,838.1,102
11,2025,8,143,3213.78,140,22.96,3554.87,146.59,1959.73,73,187905,136,889.96,123
11,2025,9,159,3837.57,155,24.76,4128.65,177.58,2371.73,80,180948,149,1131.96,132
11,2025,10,153,3743.38,149,25.12,4092.35,162.47,2388.18,82,276629,148,1052.59,137
11,2025,11,173,3872.36,170,22.78,4227.93,195.07,2601.22,98,207644,163,1113.82,148
11,2025,12,182,4488.41,179,25.07,4816.02,213.11,2869.32,104,239519,169,1160.35,154
11,2025,13,159,3792.98,158,24.01,4127.13,206.15,2291.66,83,199466,155,986.88,137
11,2025,14,155,4257.96,153,27.83,4856.71,302.25,3064.21,97,211055,149,1004.82,129
11,2025,15,149,4312.39,144,29.95,4595.98,161.09,2485.52,86,320764,138,1208.55,130
11,2025,16,156,4355.7,155,28.1,4644.59,176.89,2634.1,91,265619,151,1212.46,140
11,2025,17,162,4287.1,160,26.79,4822.23,294.13,3205.74,105,240218,159,1087.16,138
11,2025,18,146,3853.5,145,26.58,4259.89,167.55,2059.23,72,207534,145,1110.67,130
11,2025,19,175,4537.99,174,26.08,5149.59,232.6,2600.67,80,226501,167,1019.86,146
11,2025,20,145,3881.73,143,27.14,4374.92,307.92,2966.73,88,220475,139,959.61,122
11,2025,21,132,3621.77,128,28.3,4092.55,308.78,2666.02,84,162558,123,866.58,111
11,2025,22,130,4031.3,128,31.49,4568.44,301.14,2733.56,79,186760,124,942.98,108
11,2025,23,153,4254.69,152,27.99,4839.95,327.25,2937.52,89,241835,149,1005.21,128
11,2025,24,193,6108.1,190,32.15,6758.02,490.17,4409.76,125,335093,186,1561.11,169
11,2025,25,155,4187.41,153,27.37,4871.87,336.96,2784.03,88,263401,151,1072.89,128
11,2025,26,155,4627.02,154,30.05,5168.9,315.68,2889.31,85,273235,151,1212.11,137
11,2025,27,133,3110.33,131,23.74,3516.92,149.09,2125.58,74,194550,129,886.73,116
11,2025,28,146,4242.03,144,29.46,4704.21,277.93,2503.98,82,232346,139,857.51,117
11,2025,29,159,5092.78,156,32.65,5765.76,346.48,3596.23,100,270540,152,1263.4,135
11,2025,30,134,3336.59,133,25.09,3574.72,156.63,2012.67,70,196973,127,809.98,108
11,2025,31,145,3954.31,142,27.85,4327.52,147.71,2050.51,70,282813,140,843.75,119
11,2025,32,174,5099.89,171,29.82,5525.01,250.62,2618.37,83,401262,166,1344.29,150
11,2025,33,160,4309.08,158,27.27,4760.6,263.52,2819.07,93,287762,156,1153.62,143
11,2025,34,157,4498.04,154,29.21,5168.13,424.09,3072.3,91,250246,150,1121.0,136
11,2025,35,181,5031.59,180,27.95,5620.75,295.31,3028.14,102,326211,172,1213.0,155
11,2025,36,165,4211.43,163,25.84,4753.78,271.35,2787.86,89,227250,161,1168.03,145
11,2025,37,162,4455.43,160,27.85,4858.27,290.09,2806.97,89,290002,157,1049.12,134
11,2025,38,182,4859.88,180,27.0,5331.28,286.9,3367.73,101,273231,174,1277.5,155
11,2025,39,190,4843.43,186,26.04,5294.73,249.8,2642.92,82,291179,182,1363.66,168
11,2025,40,158,4398.66,157,28.02,5390.4,320.24,2628.46,84,340780,153,1244.75,135
11,2025,41,157,4318.75,153,28.23,5107.47,354.17,2860.6,78,272443,150,1091.15,130
11,2025,42,117,3078.0,115,26.77,3785.11,314.81,1881.04,54,156642,114,718.25,102
11,2025,43,136,3605.33,134,26.91,4482.19,388.86,2059.26,56,203470,130,997.36,116
11,2025,44,144,3782.74,143,26.45,4425.49,263.25,2233.74,64,225874,140,1068.79,125
11,2025,45,154,4296.69,152,28.27,4812.32,334.63,2659.21,78,220132,150,1076.03,136
11,2025,46,131,3359.78,131,25.65,3741.09,224.81,2037.06,66,221245,124,836.47,111
11,2025,47,126,3094.51,125,24.76,3514.86,242.85,1861.64,57,190925,121,846.85,106
11,2025,48,114,2185.24,111,19.69,2476.02,157.53,1422.62,52,113629,111,602.57,100
11,2025,49,139,3685.02,137,26.9,4060.57,242.05,2277.69,67,162342,137,815.22,124
11,2025,50,123,2710.2,123,22.03,3188.55,261.85,1825.52,57,143548,123,681.39,110
11,2025,51,145,3259.66,140,23.28,3639.11,212.45,1802.6,69,173201,136,909.25,127
11,2025,52,93,2000.98,92,21.75,2263.62,120.14,1120.23,42,86871,90,483.88,82
11,2026,1,99,2566.71,99,25.93,2965.19,215.98,1442.7,48,179517,97,751.77,91
11,2026,2,89,2222.53,88,25.26,2660.46,165.93,1392.67,48,135569,87,709.98,77
11,2026,3,103,2382.09,100,23.82,2742.72,143.6,1385.22,47,152510,97,762.08,93
11,2026,4,96,1920.3,95,20.21,2169.27,151.98,1131.55,45,178263,91,552.29,86
11,2026,5,105,2690.84,96,28.03,2979.73,123.13,1134.63,38,169446,95,772.12,89
11,2026,6,103,2314.97,100,23.15,2662.66,218.32,1381.0,46,185087,94,588.96,83
11,2026,7,101,2545.5,101,25.2,2848.55,176.55,1573.6,45,148613,97,692.35,85
11,2026,8,119,3610.43,118,30.6,4143.77,310.53,2473.3,66,234792,116,1026.36,101
11,2026,9,112,3607.64,111,32.5,4155.65,323.76,2152.65,49,260621,111,959.12,103
11,2026,10,123,3110.56,121,25.71,3631.48,280.92,2134.59,68,185653,118,901.02,109
11,2026,11,127,3309.5,124,26.69,4004.87,318.12,2136.91,66,177644,123,915.83,104
11,2026,12,141,4068.26,140,29.06,4723.1,382.34,2573.91,68,266577,132,1174.83,123
11,2026,13,144,4762.88,144,33.08,5683.56,501.44,3529.95,81,348637,142,1181.87,123
11,2026,14,169,4252.39,168,25.31,4853.57,244.68,2448.54,76,289078,156,1141.52,139
11,2026,15,162,3947.22,160,24.67,4563.91,308.29,2402.99,76,301608,156,1125.31,142
11,2026,16,174,5274.63,172,30.67,7142.52,590.51,3565.04,92,412575,167,1484.0,153
11,2026,17,138,4022.93,137,29.36,5010.14,444.21,2790.48,74,260608,133,1254.39,125
11,2026,18,159,4692.54,157,29.89,5458.46,438.92,3179.48,85,374834,154,1432.11,142
11,2026,19,130,3295.2,128,25.74,3904.55,339.35,2403.59,73,230091,126,779.29,110
11,2026,20,171,4874.43,169,28.84,5703.88,373.95,3465.8,94,294978,161,1270.14,140
11,2026,21,116,3476.52,114,30.5,4105.35,358.33,2158.68,53,196386,109,900.56,101
11,2026,22,137,3654.59,134,27.27,4444.5,372.91,2508.37,69,239577,134,1067.28,126
12,2024,1,138,3664.5,138,26.55,3787.24,70.74,2668.96,91,187760,133,1245.68,129
12,2024,2,152,3750.51,151,24.84,3830.67,56.16,2869.36,97,198829,149,1270.17,143
12,2024,3,167,4535.69,167,27.16,4700.5,127.31,3210.43,109,257584,164,1416.84,155
12,2024,4,174,4559.73,172,26.51,4677.46,73.73,3304.15,115,262297,170,1452.74,160
12,2024,5,152,3884.34,150,25.9,4066.66,103.82,2816.2,102,219129,148,1292.75,143
12,2024,6,164,4535.2,164,27.65,4669.79,108.59,3330.64,115,257256,163,1500.37,157
12,2024,7,176,4455.28,174,25.61,4642.23,95.45,3440.28,122,253252,172,1413.71,160
12,2024,8,178,5032.94,178,28.27,5311.09,248.15,4030.94,129,306034,176,1447.08,162
12,2024,9,167,4625.87,167,27.7,4725.84,87.47,3312.87,114,297707,167,1420.71,157
12,2024,10,170,4430.56,168,26.37,4698.24,123.43,3459.31,118,253709,166,1423.41,150
12,2024,11,163,4382.48,162,27.05,4541.83,93.35,3152.88,109,277381,161,1402.94,150
12,2024,12,176,4613.34,174,26.51,4856.5,137.41,3903.6,134,283129,174,1604.96,166
12,2024,13,172,4622.01,170,27.19,4810.31,116.3,3549.3,121,266726,169,1522.67,159
12,2024,14,171,4326.4,171,25.3,4551.39,113.99,3476.5,125,257948,167,1407.74,162
12,2024,15,152,3740.8,151,24.77,4009.1,147.3,2938.55,105,265701,149,1214.45,140
12,2024,16,183,4705.64,182,25.86,4861.81,115.67,3589.89,124,293788,179,1569.79,174
12,2024,17,174,4585.28,174,26.35,4916.69,248.66,3587.54,116,258697,172,1323.11,147
12,2024,18,187,4880.65,186,26.24,5035.55,64.39,3698.58,126,312419,184,1620.35,174
12,2024,19,172,4388.64,171,25.66,4633.95,140.31,3253.64,112,282264,169,1324.89,149
12,2024,20,172,4311.08,170,25.36,4536.91,157.83,3274.58,115,309192,165,1397.84,159
12,2024,21,159,3850.46,157,24.53,3999.15,89.69,2877.71,103,276877,154,1169.76,146
12,2024,22,180,4362.71,179,24.37,4558.1,129.39,3344.96,115,291460,173,1338.85,163
12,2024,23,161,4008.74,161,24.9,4189.49,112.75,3193.24,106,330320,158,1281.9,146
12,2024,24,188,4819.82,188,25.64,5156.21,163.14,3858.32,138,306352,183,1522.58,171
12,2024,25,180,4628.15,179,25.86,4857.65,146.0,3518.49,124,287983,174,1442.49,160
12,2024,26,155,3898.54,153,25.48,4168.14,136.6,3123.54,111,344347,149,1267.79,141
12,2024,27,168,4806.04,168,28.61,4991.66,125.11,3651.29,127,279803,168,1460.08,157
12,2024,28,198,5735.36,198,28.97,6067.42,274.56,5072.86,157,331222,197,1737.27,178
12,2024,29,168,4353.46,167,26.07,4655.21,108.0,3437.91,122,325971,165,1463.19,163
12,2024,30,169,4583.62,168,27.28,4811.28,109.66,3618.26,127,293917,166,1473.68,154
12,2024,31,177,4702.64,177,26.57,4931.69,101.68,3831.64,134,337072,174,1610.21,165
12,2024,32,168,4407.45,167,26.39,4574.14,56.69,3596.2,126,287806,167,1528.52,159
12,2024,33,168,4777.02,168,28.43,4991.25,187.03,3963.02,125,262034,165,1368.33,152
12,2024,34,169,4427.71,168,26.36,4533.16,59.95,3639.96,127,280715,167,1445.03,162
12,2024,35,160,4234.12,160,26.46,4502.02,151.4,3459.01,118,254411,159,1363.5,150
12,2024,36,190,5043.19,189,26.68,5303.0,114.81,4179.94,143,319107,186,1749.24,178
12,2024,37,185,5341.95,185,28.88,5657.59,254.14,4525.02,142,295929,184,1565.51,162
12,2024,38,193,5222.1,192,27.2,5338.91,109.81,4174.49,140,339346,191,1667.59,177
12,2024,39,186,5359.53,183,29.29,5504.11,121.08,4435.63,148,348334,182,1682.37,175
12,2024,40,213,5187.36,212,24.47,5391.46,133.6,4115.99,148,380893,210,1705.03,199
12,2024,41,213,5521.27,212,26.04,5718.92,147.65,4667.56,162,388872,211,1756.62,195
12,2024,42,208,5390.22,206,26.17,5588.38,141.66,4347.71,149,431030,206,1726.32,195
12,2024,43,193,5187.84,193,26.88,5353.2,120.86,4452.12,152,340869,189,1623.62,177
12,2024,44,190,4930.34,190,25.95,5031.99,88.65,4307.53,150,305523,189,1620.2,180
12,2024,45,205,5330.37,204,26.13,5552.95,125.08,4351.37,153,391429,202,1690.27,185
12,2024,46,222,5560.13,219,25.39,5828.41,122.28,4659.38,164,340656,219,1841.98,201
12,2024,47,183,4929.9,182,27.09,5062.57,88.42,4005.63,136,314935,179,1609.56,173
12,2024,48,173,4844.46,173,28.0,4998.67,67.21,4060.96,138,339757,172,1653.54,164
12,2024,49,192,5012.77,190,26.38,5147.65,105.38,4129.72,139,323401,189,1667.4,169
12,2024,50,193,5432.24,192,28.29,5620.06,126.32,4556.92,152,340249,191,1820.2,180
12,2024,51,212,5947.57,211,28.19,6121.76,103.69,4571.82,156,404674,210,1929.23,199
12,2024,52,193,5272.69,193,27.32,5452.12,85.43,4240.88,142,296856,190,1782.17,183
12,2025,1,188,5012.9,188,26.66,5167.33,139.43,4079.14,141,266018,185,1636.86,176
12,2025,2,214,5822.98,209,27.86,6056.72,196.74,4906.38,161,331641,207,1866.65,195
12,2025,3,192,5131.68,192,26.73,5204.08,38.4,4142.42,141,294341,189,1803.25,180
12,2025,4,217,6012.99,216,27.84,6187.29,73.05,4802.74,160,353722,214,2043.35,206
12,2025,5,207,5118.55,206,24.85,5288.35,73.3,4071.96,145,326332,205,1773.32,195
12,2025,6,174,4486.24,173,25.93,4618.9,57.51,3788.74,136,262764,170,1553.35,168
12,2025,7,172,4667.41,171,27.29,4810.34,74.43,3847.88,131,292557,169,1566.8,162
12,2025,8,200,5258.3,200,26.29,5340.2,64.9,4403.79,154,337322,200,1805.25,194
12,2025,9,228,6146.3,228,26.96,6325.45,141.15,5153.55,176,342502,225,2062.06,216
12,2025,10,187,5046.05,187,26.98,5172.24,74.19,4205.8,143,277434,187,1773.06,181
12,2025,11,229,6122.19,228,26.85,6310.28,120.09,5098.19,174,354300,226,2105.5,219
12,2025,12,211,5899.78,210,28.09,6039.37,119.59,4960.83,166,365830,207,1983.03,204
12,2025,13,212,5590.57,212,26.37,5789.32,108.5,4396.87,156,303292,210,1882.8,199
12,2025,14,199,5351.45,197,27.16,5539.1,120.15,4238.18,139,299903,196,1631.68,178
12,2025,15,229,6512.17,228,28.56,6642.04,70.87,5368.09,172,391872,228,2110.8,221
12,2025,16,222,6053.52,222,27.27,6171.69,90.67,5138.38,172,360974,220,1954.82,210
12,2025,17,216,5757.97,215,26.78,5945.67,96.2,4574.09,154,421689,214,1926.07,205
12,2025,18,244,6756.05,243,27.8,6948.84,102.79,5166.64,176,411260,241,2135.37,227
12,2025,19,234,6337.46,234,27.08,6489.68,81.72,4904.14,168,406351,232,2033.54,224
12,2025,20,222,5770.01,220,26.23,5963.53,99.02,4833.26,162,372013,215,1891.44,204
12,2025,21,197,5553.66,197,28.19,5715.24,130.08,4563.74,153,356620,197,1780.18,189
12,2025,22,219,5354.71,219,24.45,5454.35,75.39,4315.96,150,328094,214,1704.68,199
12,2025,23,198,5387.49,198,27.21,5517.26,93.77,4209.84,147,355376,197,1742.9,186
12,2025,24,172,4567.82,172,26.56,4747.67,131.2,3506.93,118,328869,172,1447.6,163
12,2025,25,172,4158.94,172,24.18,4297.09,101.15,3401.19,122,261799,171,1335.67,161
12,2025,26,205,5169.77,204,25.34,5302.74,71.96,4169.77,147,331787,201,1682.8,195
12,2025,27,201,5268.1,200,26.34,5456.65,77.05,4264.79,147,312745,198,1811.9,190
12,2025,28,211,5654.63,209,27.06,5808.76,107.13,4745.35,167,356119,207,1920.93,201
12,2025,29,195,4946.56,195,25.37,5066.27,96.21,4054.3,142,336530,190,1625.75,183
12,2025,30,186,5013.27,185,27.1,5202.62,96.85,3946.44,141,339272,185,1668.92,177
12,2025,31,156,4284.68,154,27.82,4410.86,65.68,3376.53,113,267513,153,1452.76,146
12,2025,32,199,5173.92,198,26.13,5367.99,91.07,4387.56,150,315732,195,1699.7,180
12,2025,33,194,5134.06,193,26.6,5306.76,89.2,4095.1,144,363472,190,1703.37,179
12,2025,34,204,5552.91,203,27.35,5671.72,98.31,4523.29,151,364176,201,1816.35,190
12,2025,35,194,5250.76,193,27.21,5376.14,78.88,4196.45,144,331923,191,1706.58,182
12,2025,36,201,5445.49,201,27.09,5497.34,45.85,4699.8,163,334877,198,1843.79,191
12,2025,37,188,4976.12,187,26.61,5132.35,83.23,3799.37,136,323718,186,1694.86,179
12,2025,38,169,4482.83,166,27.0,4628.5,79.67,3508.27,124,302126,166,1457.65,157
12,2025,39,176,4674.31,176,26.56,4754.49,65.18,3877.27,134,296989,174,1620.97,172
12,2025,40,153,4051.15,153,26.48,4108.87,29.97,3052.64,106,293457,152,1312.15,145
12,2025,41,139,4144.29,139,29.82,4289.04,85.0,2562.84,84,270454,136,1238.42,125
12,2025,42,112,2808.24,110,25.53,2931.67,66.43,1895.44,60,145253,107,841.81,96
12,2025,43,99,2648.81,99,26.76,2835.64,67.33,2002.14,67,163126,97,854.23,92
12,2025,44,101,2802.18,101,27.74,2899.75,34.57,2088.08,61,144342,101,831.74,91
12,2025,45,96,2648.87,96,27.59,2738.06,64.19,1734.65,55,159117,95,871.31,88
12,2025,46,98,2419.39,97,24.94,2513.91,50.27,1611.89,55,139045,95,742.78,86
12,2025,47,123,3183.48,122,26.09,3328.85,65.37,2420.44,88,170599,121,1082.03,114
12,2025,48,105,2907.78,104,27.96,2970.43,38.65,2233.54,74,148582,101,996.63,98
12,2025,49,123,3180.16,123,25.85,3324.23,52.07,2143.8,68,228061,120,1051.38,106
12,2025,50,125,3104.21,123,25.24,3472.87,93.66,2292.08,77,163821,119,1000.08,111
12,2025,51,123,3283.17,123,26.69,3362.75,73.08,2257.97,76,242913,122,1117.9,119
12,2025,52,102,2844.88,102,27.89,2964.0,97.92,2257.99,76,133910,100,972.61,93
12,2026,1,93,2319.69,92,25.21,2366.85,38.16,1710.69,59,119772,92,782.04,87
12,2026,2,97,2594.41,95,27.31,2635.41,37.0,2091.85,69,128120,93,835.4,86
12,2026,3,101,2787.66,101,27.6,2961.15,91.74,2094.52,71,146020,100,865.61,90
12,2026,4,81,2258.1,81,27.88,2358.71,76.61,1733.04,58,130423,81,783.63,80
12,2026,5,103,2423.31,103,23.53,2526.89,40.58,1627.06,57,145823,98,792.76,91
12,2026,6,91,2321.79,90,25.8,2409.96,82.17,1746.05,61,122431,89,744.58,81
12,2026,7,115,2993.79,115,26.03,3070.27,69.98,2056.69,71,185854,115,1020.43,108
12,2026,8,119,2916.28,118,24.71,3102.02,83.49,2314.78,81,168942,116,990.28,107
12,2026,9,139,3622.52,138,26.25,3871.59,149.07,2624.74,90,193999,135,1226.93,128
12,2026,10,131,3647.11,131,27.84,3759.53,46.17,2874.01,97,219535,130,1262.5,127
12,2026,11,124,3433.43,124,27.69,3614.05,49.62,2561.43,88,198396,121,1170.03,113
12,2026,12,110,2859.73,110,26.0,2977.45,97.72,2046.56,72,155029,108,886.69,101
12,2026,13,105,3009.14,105,28.66,3074.96,59.82,2303.39,77,146513,104,918.79,94
12,2026,14,94,2264.82,94,24.09,2345.69,64.87,1528.69,52,114257,87,708.78,78
12,2026,15,131,3306.44,131,25.24,3419.57,64.63,2607.94,90,188646,127,1072.9,118
12,2026,16,120,3108.92,118,26.35,3238.21,88.99,2415.69,80,169930,114,966.92,108
12,2026,17,126,3294.53,125,26.36,3364.37,58.84,2220.43,77,233331,119,1084.7,116
12,2026,18,139,3471.44,139,24.97,3557.46,68.12,2603.18,92,212028,138,1147.98,132
12,2026,19,118,3339.82,118,28.3,3440.96,47.16,2680.82,90,173280,116,1116.79,111
12,2026,20,137,3479.47,136,25.58,3645.69,122.71,2768.47,97,209972,135,1092.85,127
12,2026,21,121,3265.42,121,26.99,3322.77,36.02,2279.27,81,214333,119,1125.83,115
12,2026,22,131,3259.78,131,24.88,3451.18,80.51,2293.53,80,185412,128,1056.79,121
13,2024,1,134,2804.63,134,20.93,2907.51,71.88,1824.21,76,178456,133,844.17,122
13,2024,2,140,2513.28,139,18.08,2646.85,73.57,1293.25,59,170977,135,706.12,108
13,2024,3,135,2504.13,134,18.69,2543.91,25.78,1564.63,67,165895,132,708.73,108
13,2024,4,138,2819.09,136,20.73,2954.85,86.21,1696.59,70,194876,132,701.87,108
13,2024,5,177,3498.82,176,19.88,3706.94,66.61,1417.37,60,228386,174,939.86,147
13,2024,6,195,3979.66,195,20.41,4091.17,83.79,1747.37,78,295564,194,1139.66,158
13,2024,7,138,2919.87,138,21.16,3027.37,60.4,1450.16,65,282283,134,847.62,114
13,2024,8,136,2940.83,136,21.62,3154.37,115.54,1671.13,71,298809,134,773.08,114
13,2024,9,161,2953.3,161,18.34,3132.59,103.79,1583.67,73,204509,158,819.66,137
13,2024,10,179,3183.92,178,17.89,3394.67,51.25,1389.31,68,240993,175,823.49,138
13,2024,11,191,3825.27,189,20.24,4338.56,78.29,1565.4,72,297164,175,917.49,143
13,2024,12,203,4553.63,202,22.54,4769.29,102.16,1836.9,70,384981,198,1288.78,159
13,2024,13,165,3300.11,164,20.12,3458.68,111.07,1775.84,75,236748,161,896.9,131
13,2024,14,170,3690.43,169,21.84,4029.57,131.89,1636.87,68,268456,169,1027.45,140
13,2024,15,143,3550.77,139,25.55,4106.79,80.77,1301.02,54,232779,138,839.08,108
13,2024,16,211,4440.65,210,21.15,5151.42,181.74,2015.07,89,349561,206,1471.34,168
13,2024,17,213,4375.11,210,20.83,4844.77,100.15,1645.22,69,298276,200,1136.63,141
13,2024,18,227,4750.35,226,21.02,5452.99,109.62,1671.91,79,412272,220,1267.71,168
13,2024,19,196,4350.32,193,22.54,5016.1,84.78,2000.57,84,332761,189,1266.04,155
13,2024,20,210,4215.57,208,20.27,7443.04,99.85,1725.02,72,329157,201,1064.44,157
13,2024,21,174,4234.44,172,24.62,4428.89,75.45,1994.96,67,316997,170,1070.0,135
13,2024,22,213,4159.91,211,19.72,4593.86,78.45,1830.87,81,318437,207,1157.2,170
13,2024,23,205,4579.31,200,22.9,5318.92,306.61,1732.76,69,354353,197,1206.22,149
13,2024,24,202,4437.86,201,22.08,4851.83,93.97,1973.08,81,334016,199,1229.83,153
13,2024,25,170,3654.6,169,21.62,3874.27,85.66,1412.63,53,451308,165,995.65,129
13,2024,26,199,4363.49,196,22.26,4540.31,69.82,1608.67,73,410478,195,1221.22,153
13,2024,27,170,3422.72,170,20.13,3643.74,76.02,1698.54,77,258706,167,1010.22,141
13,2024,28,154,3542.34,154,23.0,3727.59,99.24,1648.41,66,265099,149,965.78,117
13,2024,29,178,3544.92,175,20.26,3856.53,56.2,1743.26,79,269103,173,1038.64,148
13,2024,30,171,3516.67,171,20.57,3656.6,55.43,1782.63,76,416934,169,1045.79,146
13,2024,31,170,3880.27,168,23.1,4111.29,89.52,2053.96,73,290465,165,774.72,132
13,2024,32,153,3920.21,151,25.96,4087.2,51.98,1906.71,81,472450,149,1161.76,140
13,2024,33,148,2982.99,148,20.16,3187.05,88.05,1424.56,61,250892,143,917.65,123
13,2024,34,156,3700.76,155,23.88,3949.05,129.79,1787.93,64,225346,152,964.55,136
13,2024,35,163,3136.64,162,19.36,3283.97,39.07,1354.13,64,234756,155,862.38,131
13,2024,36,170,3541.58,169,20.96,3677.94,109.36,2084.06,92,262922,164,1070.19,141
13,2024,37,176,3176.04,174,18.25,3243.07,53.03,1795.02,81,262703,170,924.3,136
13,2024,38,136,2643.31,134,19.73,2743.11,42.3,1433.72,60,244166,132,783.25,112
13,2024,39,170,3493.18,166,21.04,3637.61,72.43,1991.98,80,328195,163,1060.73,146
13,2024,40,166,3294.38,163,20.21,3469.83,108.95,2313.25,91,238898,162,966.94,139
13,2024,41,187,4506.41,184,24.49,4930.12,141.41,2014.48,75,320337,183,1176.36,148
13,2024,42,178,4273.63,177,24.14,4513.89,106.85,2117.36,86,350495,177,1147.04,148
13,2024,43,181,3626.55,180,20.15,3889.12,109.57,2045.87,92,328210,177,1021.15,136
13,2024,44,161,3034.15,161,18.85,3190.21,52.16,1640.97,66,276866,159,907.54,137
13,2024,45,205,3945.78,203,19.44,4150.0,124.71,2124.92,96,266496,198,1063.83,148
13,2024,46,165,2945.99,165,17.85,3133.38,91.84,1686.74,75,209547,164,823.13,130
13,2024,47,164,3524.03,163,21.62,3675.25,91.72,1970.87,82,244249,159,937.99,130
13,2024,48,119,2460.58,119,20.68,2533.17,40.09,1396.58,61,162407,116,712.76,107
13,2024,49,171,3184.67,169,18.84,3372.79,64.61,1620.14,75,356959,168,870.45,143
13,2024,50,176,3819.31,174,21.95,4005.15,93.34,2046.3,84,357951,173,998.99,147
13,2024,51,162,3484.27,160,21.78,3647.85,59.58,2059.22,84,257448,154,956.36,137
13,2024,52,160,2990.78,157,19.05,3191.27,59.55,1624.0,69,257755,154,877.16,130
13,2025,1,132,2730.03,130,21.0,2778.04,22.01,1399.13,61,244852,128,721.7,104
13,2025,2,173,3436.52,170,20.21,3530.1,61.58,2262.9,99,239953,170,1036.64,148
13,2025,3,167,3376.77,166,20.34,3540.76,50.99,1943.4,87,326825,164,993.77,142
13,2025,4,164,3288.22,162,20.3,3391.63,86.91,1965.83,81,274068,158,908.58,136
13,2025,5,187,3811.0,187,20.38,4039.79,80.04,2390.71,99,339467,186,1092.75,167
13,2025,6,187,3844.2,184,20.89,3915.04,54.34,2369.95,108,277364,184,1078.28,171
13,2025,7,142,3233.37,142,22.77,3312.46,37.09,2089.73,89,279446,142,938.05,135
13,2025,8,145,2872.42,144,19.95,3001.96,50.99,1602.47,70,212970,143,813.63,124
13,2025,9,170,3595.71,168,21.4,3659.35,41.64,2070.4,84,370124,166,998.2,136
13,2025,10,172,3704.94,169,21.92,3842.84,78.9,2077.73,83,258656,166,1056.13,142
13,2025,11,171,3778.22,170,22.22,3879.57,81.85,2345.62,95,329208,170,1011.96,154
13,2025,12,175,4321.03,173,24.98,4506.52,91.99,2762.44,93,250201,172,1058.46,142
13,2025,13,147,3416.94,145,23.57,3457.1,24.16,2157.48,85,294706,143,993.18,133
13,2025,14,200,4256.92,198,21.5,4440.63,73.45,2012.64,84,269066,196,1210.31,169
13,2025,15,220,4712.93,220,21.42,4875.4,82.22,2271.98,100,371645,217,1263.95,177
13,2025,16,185,3746.64,185,20.25,3924.56,55.42,2095.27,92,257226,185,1039.36,153
13,2025,17,205,4247.75,204,20.82,4531.32,151.06,2554.36,101,285139,202,1138.34,168
13,2025,18,188,3943.89,185,21.32,4054.51,78.12,2170.58,83,345321,184,1077.96,159
13,2025,19,182,4068.43,180,22.6,4282.31,131.38,2596.87,101,281709,178,1183.91,151
13,2025,20,188,4195.21,188,22.31,4389.97,79.15,2101.59,87,298959,185,1258.29,151
13,2025,21,200,5027.18,199,25.26,5263.1,159.17,2902.43,113,432777,198,1321.97,174
13,2025,22,177,3988.36,176,22.66,4112.44,83.08,2460.64,94,287417,175,1140.8,161
13,2025,23,193,4677.7,193,24.24,4768.31,32.61,2428.53,93,378348,191,1356.71,171
13,2025,24,199,4370.24,197,22.18,4586.8,116.53,2810.6,113,322151,195,1259.27,174
13,2025,25,209,4681.47,207,22.62,4914.17,151.19,2881.3,117,484921,205,1353.98,188
13,2025,26,204,4497.31,204,22.05,4697.68,104.37,2269.24,95,391280,199,1297.67,184
13,2025,27,185,3779.32,184,20.54,4052.31,93.99,2287.15,94,276348,183,1064.16,151
13,2025,28,190,4121.99,187,22.04,4298.37,97.38,2080.37,83,354281,185,1190.1,161
13,2025,29,171,4332.4,169,25.64,4631.89,119.29,2164.7,79,325836,168,1219.66,148
13,2025,30,179,4233.22,179,23.65,4496.24,51.82,1766.97,75,313514,177,1160.05,145
13,2025,31,207,4639.71,206,22.52,4796.98,76.22,1992.16,79,394600,204,1241.98,168
13,2025,32,154,3787.92,154,24.6,3987.68,87.76,2120.64,85,295927,153,1141.99,138
13,2025,33,198,4179.98,197,21.22,4373.04,71.02,2152.83,90,322320,197,1208.8,163
13,2025,34,157,3481.61,157,22.18,3586.2,76.59,1810.63,70,294809,155,924.25,132
13,2025,35,179,3956.76,176,22.48,4050.3,66.54,1866.19,77,395523,173,1038.94,157
13,2025,36,162,3453.12,159,21.72,3577.21,82.58,1781.14,73,276514,155,981.39,132
13,2025,37,193,4479.16,192,23.33,4613.35,71.41,2259.8,96,393376,191,1381.43,165
13,2025,38,183,3879.32,182,21.31,4006.7,86.13,1981.76,84,335804,180,1120.17,153
13,2025,39,205,4426.04,205,21.59,4585.19,85.65,2361.79,99,326273,205,1289.65,184
13,2025,40,174,3123.43,168,18.59,3365.69,80.26,1800.97,78,279580,167,950.2,147
13,2025,41,131,2399.85,125,19.2,2481.24,64.39,1500.16,63,155019,123,645.79,98
13,2025,42,130,2925.62,126,23.22,3052.39,73.02,1121.95,46,173693,125,746.96,96
13,2025,43,132,2912.42,130,22.4,3095.05,57.13,1133.3,47,155075,130,697.02,105
13,2025,44,125,2303.39,122,18.88,2445.72,49.33,1152.03,44,207826,121,621.88,106
13,2025,45,148,2736.07,144,19.0,3017.96,82.14,1349.78,59,250342,142,739.69,120
13,2025,46,145,3019.09,145,20.82,3137.88,65.29,1984.32,67,233790,145,815.61,124
13,2025,47,126,2241.08,123,18.22,2376.05,50.72,1126.09,53,132720,123,662.93,104
13,2025,48,116,2388.32,112,21.32,2455.44,47.62,1189.3,49,241540,111,672.53,100
13,2025,49,172,3353.0,172,19.49,3513.97,76.21,1932.83,79,215952,170,779.55,142
13,2025,50,120,2589.26,119,21.76,2698.52,89.26,1352.21,64,302299,118,735.22,103
13,2025,51,144,2621.5,143,18.33,2727.66,28.16,1348.7,55,238898,143,723.74,110
13,2025,52,100,1892.02,96,19.71,2008.21,50.19,1074.55,45,111305,96,595.87,84
13,2026,1,105,1931.14,105,18.39,2061.84,51.26,972.33,46,127317,104,557.15,95
13,2026,2,115,2491.86,113,22.05,2705.16,110.05,1352.95,56,231537,112,770.66,99
13,2026,3,105,1865.49,105,17.77,1940.22,45.23,1003.3,46,121494,105,524.53,94
13,2026,4,128,2272.09,126,18.03,2499.16,51.57,1132.29,53,255755,121,636.28,94
13,2026,5,135,2437.75,135,18.06,2817.76,154.01,1572.13,70,150376,134,700.21,113
13,2026,6,136,2326.04,134,17.36,2436.11,38.56,1267.78,55,198384,134,643.32,109
13,2026,7,138,2623.34,137,19.15,2761.05,89.21,1530.7,65,159999,133,742.5,110
13,2026,8,113,2298.66,111,20.71,2404.96,60.55,1304.59,52,145825,108,659.76,92
13,2026,9,137,2870.45,136,21.11,3012.73,59.57,1554.18,68,161603,135,789.53,122
13,2026,10,132,2980.32,131,22.75,3119.2,79.38,1735.62,74,176674,130,856.41,110
13,2026,11,119,2633.4,118,22.32,2831.25,85.6,1308.64,61,174854,116,782.36,106
13,2026,12,151,2687.28,149,18.04,2997.32,165.04,1626.85,75,150533,148,722.2,125
13,2026,13,122,2166.16,121,17.9,2221.24,44.08,1134.91,44,146168,118,569.49,100
13,2026,14,149,2247.85,147,15.29,2436.6,53.25,1119.54,50,234842,145,494.32,114
13,2026,15,161,2946.03,158,18.65,3063.39,67.11,1507.78,73,228514,155,827.22,128
13,2026,16,136,2655.51,132,20.12,2856.92,116.16,1513.81,59,147650,124,706.35,97
13,2026,17,113,2319.39,111,20.9,2530.38,97.99,1395.09,57,144249,111,619.84,96
13,2026,18,149,2589.52,147,17.62,2788.87,70.08,1425.16,61,172679,138,657.65,108
13,2026,19,125,2349.05,123,19.1,2427.93,58.38,1162.21,52,150664,122,692.58,104
13,2026,20,117,2196.29,116,18.93,2311.4,74.82,1429.84,60,144548,109,563.58,99
13,2026,21,128,2668.42,127,21.01,2782.05,54.13,1373.63,55,246960,125,729.98,109
13,2026,22,112,2862.43,111,25.79,3043.92,113.49,1226.6,58,291832,111,852.33,100
14,2024,1,205,4449.09,205,21.7,4722.98,143.14,2087.87,91,280662,201,1136.58,183
14,2024,2,190,4056.98,190,21.35,4221.26,96.28,1978.92,83,294983,181,1096.25,156
14,2024,3,237,5064.22,235,21.55,5300.59,145.37,2253.92,99,418464,226,1413.91,211
14,2024,4,228,4648.42,223,20.84,4859.56,154.64,2581.73,113,315831,212,1343.05,201
14,2024,5,233,5001.18,232,21.56,5242.1,99.26,3217.37,129,315905,230,1282.2,205
14,2024,6,222,4909.41,221,22.21,5079.04,133.63,2583.3,105,288858,212,1314.7,201
14,2024,7,233,5033.83,233,21.6,5274.63,141.3,2640.09,113,390703,222,1379.86,204
14,2024,8,229,4492.96,229,19.62,4709.39,120.43,2508.71,113,291786,223,1249.04,202
14,2024,9,219,4434.15,217,20.43,4655.38,125.73,2219.16,102,314889,209,1116.91,191
14,2024,10,226,4768.95,224,21.29,4978.98,115.53,2598.74,118,316588,220,1399.1,200
14,2024,11,266,5199.41,264,19.69,5486.19,170.53,2771.06,129,353960,247,1452.96,222
14,2024,12,250,4883.72,248,19.69,5161.56,178.84,2661.75,112,361652,232,1331.69,206
14,2024,13,186,4033.41,185,21.8,4196.72,119.81,1937.06,82,306103,175,1132.91,163
14,2024,14,203,3758.27,198,18.98,4097.0,149.73,2083.15,94,312758,189,1006.64,169
14,2024,15,224,4784.41,222,21.55,5077.96,194.05,2428.74,108,319229,220,1249.05,190
14,2024,16,225,4661.28,223,20.9,4906.11,109.83,2483.47,112,367138,214,1281.92,196
14,2024,17,296,6408.39,294,21.8,6689.3,145.41,3153.35,144,480166,288,1719.77,263
14,2024,18,268,5365.63,267,20.1,5673.82,146.69,3095.46,140,405260,263,1531.08,239
14,2024,19,225,4853.71,223,21.77,5157.74,187.55,2760.87,118,381125,216,1331.14,192
14,2024,20,221,4768.27,217,21.97,5035.82,181.55,2793.02,117,382844,214,1272.34,182
14,2024,21,254,5196.94,249,20.87,5527.26,230.92,2805.94,117,412267,242,1392.32,214
14,2024,22,231,4632.24,228,20.32,4852.94,143.7,2375.71,107,384230,223,1341.45,200
14,2024,23,247,5253.94,241,21.8,5522.7,190.76,2900.79,119,427989,232,1524.58,214
14,2024,24,220,4621.53,218,21.2,5039.62,161.84,2578.24,112,299082,212,1279.3,186
14,2024,25,214,4521.74,206,21.95,4927.31,194.07,2073.69,89,362604,204,1114.58,176
14,2024,26,237,4829.2,231,20.91,5250.88,237.28,3074.52,139,330371,230,1258.59,196
14,2024,27,215,4363.04,214,20.39,4604.96,149.92,2143.0,100,269774,209,1244.97,187
14,2024,28,241,5229.07,238,21.97,5525.02,195.95,2797.27,120,354661,229,1417.47,204
14,2024,29,243,5464.89,243,22.49,5941.25,206.56,3055.82,133,444635,233,1550.95,214
14,2024,30,186,4364.95,184,23.72,4608.71,110.76,2284.29,93,296085,183,1188.17,165
14,2024,31,205,4848.44,202,24.0,5117.18,178.24,2897.4,102,308406,199,1267.91,177
14,2024,32,200,4691.04,197,23.81,4973.35,164.81,2242.41,90,323386,192,1200.03,167
14,2024,33,213,4483.03,212,21.15,4723.19,139.96,2563.41,117,323043,206,1258.55,182
14,2024,34,218,5462.56,213,25.65,5649.84,116.28,2836.42,102,324374,209,1516.86,184
14,2024,35,247,5141.57,246,20.9,5382.68,157.61,2757.6,122,435345,242,1442.09,220
14,2024,36,216,4571.15,212,21.56,4736.39,98.24,2472.14,110,296444,206,1330.02,182
14,2024,37,213,5108.0,211,24.21,5424.41,103.41,2469.73,105,348792,203,1379.4,181
14,2024,38,199,4359.97,197,22.13,4518.09,109.82,2042.81,98,306957,193,1170.88,183
14,2024,39,216,4750.04,212,22.41,4973.17,131.13,2649.04,112,334658,208,1328.05,180
14,2024,40,208,4715.99,206,22.89,5006.07,180.84,2695.61,112,309605,204,1343.22,181
14,2024,41,224,4848.46,222,21.84,5095.58,160.37,2394.64,101,316102,219,1236.67,191
14,2024,42,210,4581.7,208,22.03,4914.25,134.3,2042.54,91,301979,203,1307.15,183
14,2024,43,229,5427.1,229,23.7,5653.27,192.67,3206.12,125,429956,228,1484.79,201
14,2024,44,217,4445.45,213,20.87,4770.92,112.47,2176.33,90,286077,205,1231.34,182
14,2024,45,202,4454.88,202,22.05,4698.65,111.77,1982.88,85,331142,194,1155.06,181
14,2024,46,217,5077.77,217,23.4,5382.27,162.0,2325.17,93,358894,213,1287.18,184
14,2024,47,231,4861.13,229,21.23,5159.65,152.06,2427.23,102,391219,224,1308.36,197
14,2024,48,197,4256.97,195,21.83,4480.51,137.08,2001.82,81,306294,187,1147.69,168
14,2024,49,244,5153.16,243,21.21,5519.8,152.14,2944.67,125,347586,241,1518.2,218
14,2024,50,202,4395.46,198,22.2,4650.09,124.63,2328.07,99,286042,196,1246.52,179
14,2024,51,215,4747.56,214,22.18,4973.95,138.39,2412.6,102,336024,210,1337.83,192
14,2024,52,162,3316.76,162,20.47,3539.88,105.62,1566.7,64,254698,161,921.57,143
14,2025,1,195,3878.01,194,19.99,4286.67,114.66,1806.77,83,251932,193,1138.39,180
14,2025,2,227,5229.71,227,23.04,5411.94,110.23,2954.05,125,390497,224,1499.82,207
14,2025,3,218,4854.6,217,22.37,5135.62,144.77,2662.64,114,340157,215,1461.52,202
14,2025,4,212,4620.81,211,21.9,4769.17,67.86,2187.57,88,306277,205,1323.2,182
14,2025,5,215,4573.39,213,21.47,4743.47,88.08,2102.46,95,350796,211,1311.43,195
14,2025,6,219,4654.42,219,21.25,4901.04,125.62,2286.99,99,327120,216,1376.69,201
14,2025,7,219,4686.84,217,21.6,4915.06,129.62,2320.95,111,308128,215,1380.35,206
14,2025,8,194,4316.99,193,22.37,4545.95,160.46,2158.38,88,360142,189,1279.97,178
14,2025,9,211,4818.73,211,22.84,5076.21,139.98,2121.2,91,361542,208,1414.35,197
14,2025,10,236,4566.04,234,19.51,4814.59,111.55,2192.83,100,332124,230,1266.16,201
14,2025,11,244,5620.39,242,23.22,5881.39,151.5,3126.1,131,342847,240,1562.71,218
14,2025,12,256,5026.48,255,19.71,5361.69,204.71,2947.79,130,482421,252,1468.05,227
14,2025,13,197,3937.69,197,19.99,4157.26,141.06,1792.67,79,289238,195,1165.91,174
14,2025,14,259,5742.45,259,22.17,6032.83,126.38,2275.6,97,457768,256,1670.22,235
14,2025,15,241,4785.66,240,19.94,4905.32,77.16,2047.37,96,318460,234,1399.12,218
14,2025,16,199,3903.25,197,19.81,4097.88,110.13,1957.37,85,266285,194,1069.61,178
14,2025,17,261,6169.37,257,24.01,6401.8,191.43,3245.66,124,485816,252,1720.39,233
14,2025,18,251,5764.06,248,23.24,5970.85,118.29,2630.65,104,360465,246,1664.32,226
14,2025,19,246,5200.86,245,21.23,5375.04,114.18,2522.83,110,354722,237,1470.17,225
14,2025,20,285,5989.31,283,21.16,6328.01,220.15,2784.47,122,626122,274,1714.18,245
14,2025,21,261,5857.99,260,22.53,6286.0,212.51,2991.12,124,383133,259,1592.15,236
14,2025,22,251,5508.28,250,22.03,5764.72,169.19,2508.6,110,457635,247,1511.24,227
14,2025,23,263,5384.07,260,20.71,5680.53,205.71,2909.55,128,390960,254,1489.15,231
14,2025,24,262,6488.35,261,24.86,6782.01,150.16,3410.66,136,407861,256,1759.64,238
14,2025,25,241,5134.35,240,21.39,5297.87,103.02,2883.67,127,350522,239,1451.88,226
14,2025,26,252,5200.92,250,20.8,5639.52,201.1,3155.16,130,340603,246,1468.34,231
14,2025,27,210,4116.6,209,19.7,4368.57,112.97,2393.18,106,341220,208,1200.04,193
14,2025,28,221,4889.94,219,22.33,5131.97,174.03,2924.58,116,341523,211,1356.8,194
14,2025,29,219,4879.14,215,22.69,5109.18,140.54,2573.58,107,351046,213,1362.6,196
14,2025,30,241,5238.39,237,22.1,5505.04,180.64,2785.62,115,327720,236,1496.3,213
14,2025,31,247,5563.04,245,22.71,5773.1,119.56,2794.51,112,402822,237,1629.36,220
14,2025,32,240,5432.39,236,23.02,5842.05,176.41,3044.92,112,353588,234,1558.93,217
14,2025,33,255,5659.96,253,22.37,5938.17,199.46,3490.35,138,410878,248,1636.67,229
14,2025,34,214,4991.42,213,23.43,5272.93,111.76,2463.25,104,337362,211,1499.85,198
14,2025,35,224,5525.61,224,24.67,5782.57,131.95,2589.73,104,337804,220,1512.64,206
14,2025,36,210,4952.57,209,23.7,5312.29,166.32,2147.13,89,314425,205,1412.21,189
14,2025,37,261,5921.39,261,22.69,6161.78,157.89,2966.37,126,567521,253,1654.91,230
14,2025,38,225,5187.91,224,23.16,5536.5,164.59,2725.79,115,346436,217,1452.48,204
14,2025,39,275,5729.53,274,20.91,5889.44,126.91,2776.7,118,433474,271,1657.49,257
14,2025,40,227,4588.36,225,20.39,5024.89,162.28,1949.22,92,349026,223,1317.87,210
14,2025,41,150,3508.67,150,23.39,3693.01,149.84,1913.78,85,262567,148,988.82,133
14,2025,42,166,3704.63,165,22.45,4041.78,196.15,2158.57,86,246691,161,1060.5,137
14,2025,43,160,3694.72,159,23.24,4081.84,166.62,1542.23,69,250040,154,977.53,139
14,2025,44,207,4482.84,206,21.76,4841.75,200.0,2556.24,102,243890,201,1109.3,181
14,2025,45,170,4427.03,170,26.04,4719.78,186.25,1961.92,78,291860,165,1159.7,147
14,2025,46,161,3777.06,160,23.61,4048.99,188.92,2150.21,77,277298,158,999.93,142
14,2025,47,167,3712.13,166,22.36,3887.27,93.14,1986.45,80,249743,164,1122.78,154
14,2025,48,207,4443.01,206,21.57,4684.6,205.09,2365.41,92,224543,199,1089.05,184
14,2025,49,216,5102.55,211,24.18,5531.33,307.79,2880.3,107,308418,206,1242.45,186
14,2025,50,175,4130.21,175,23.6,4420.2,200.99,1937.87,84,297678,173,1151.96,156
14,2025,51,174,3549.34,167,21.25,3842.15,159.5,1627.39,76,267407,163,980.61,144
14,2025,52,158,3346.52,156,21.45,3601.97,139.45,1536.85,71,197172,153,990.88,144
14,2026,1,142,2795.1,140,19.97,3003.89,96.29,1255.72,56,150087,140,738.97,123
14,2026,2,135,2888.89,133,21.72,3064.41,96.02,1277.54,52,167269,131,824.3,113
14,2026,3,162,4013.04,160,25.08,4228.13,153.09,1919.69,77,248125,159,1148.33,145
14,2026,4,148,3196.89,143,22.36,3861.07,117.68,1609.48,65,265240,139,959.8,125
14,2026,5,168,3559.37,166,21.44,3881.53,136.66,1882.09,87,218051,166,983.4,155
14,2026,6,173,4162.34,170,24.48,4286.25,86.42,1718.82,65,348614,166,1153.65,153
14,2026,7,157,3557.11,156,22.8,3721.29,137.68,2086.68,76,205668,151,896.82,138
14,2026,8,157,4096.13,156,26.26,4358.91,191.46,1808.14,75,444465,154,1125.88,146
14,2026,9,147,2937.31,146,20.12,3232.69,151.88,1658.32,72,175341,144,865.56,138
14,2026,10,133,4017.6,133,30.21,4165.18,107.08,2500.79,72,195034,132,948.65,120
14,2026,11,168,3307.79,166,19.93,3529.37,103.83,1721.26,80,215782,161,886.48,142
14,2026,12,184,3827.15,183,20.91,4070.88,182.93,2374.44,98,226953,177,1012.22,150
14,2026,13,184,3379.21,181,18.67,3622.11,154.31,1756.67,78,191256,178,796.24,162
14,2026,14,186,3590.22,184,19.51,3734.25,116.03,1719.23,76,213847,180,964.12,165
14,2026,15,176,3492.58,174,20.07,3809.68,147.6,2141.33,84,229196,173,858.82,154
14,2026,16,162,3405.24,160,21.28,3616.53,135.41,2054.82,81,209888,157,837.61,133
14,2026,17,154,3145.39,153,20.56,3506.53,162.39,1879.27,83,322072,153,818.45,138
14,2026,18,166,3393.94,164,20.69,3581.0,133.56,2016.08,84,197321,163,859.79,150
14,2026,19,191,3966.41,191,20.77,4222.86,100.2,1837.34,79,356910,186,1133.98,167
14,2026,20,225,4734.84,224,21.14,5153.38,269.79,3172.91,117,305730,214,1029.39,178
14,2026,21,199,4017.08,195,20.6,4315.25,214.92,1999.44,84,258526,195,1047.51,177
14,2026,22,173,3294.89,173,19.05,3567.3,228.43,1756.19,81,220604,168,916.13,155
15,2024,1,185,3923.44,185,21.21,4123.68,124.2,1746.21,65,218886,178,892.57,143
15,2024,2,231,4934.7,230,21.46,5235.41,142.21,2258.25,91,313531,219,1313.79,182
15,2024,3,218,4884.21,217,22.51,5181.13,114.67,2318.6,89,300593,204,1340.02,180
15,2024,4,204,4500.35,204,22.06,4790.26,168.41,2256.93,84,274259,194,1158.02,155
15,2024,5,194,4437.57,193,22.99,4649.35,104.79,2309.54,88,322314,188,1166.65,162
15,2024,6,236,5213.35,235,22.18,5484.01,148.16,2694.98,109,358418,226,1443.84,191
15,2024,7,212,4982.09,210,23.72,5280.8,150.56,2556.84,91,293118,199,1285.42,164
15,2024,8,211,5398.17,210,25.71,5682.84,129.23,2390.33,88,363669,207,1335.95,173
15,2024,9,231,5341.65,229,23.33,5684.33,115.18,2685.62,108,454705,218,1336.89,185
15,2024,10,231,4818.13,229,21.04,5404.08,128.45,2542.72,97,402465,218,1282.14,176
15,2024,11,237,5212.21,233,22.37,5319.95,84.2,2583.85,97,410391,221,1297.09,183
15,2024,12,218,4896.41,216,22.67,5192.8,142.89,2384.08,90,425469,207,1266.06,167
15,2024,13,185,3899.59,184,21.19,4053.76,69.17,1976.63,76,269123,176,988.8,129
15,2024,14,239,4775.01,237,20.15,5269.12,136.61,2270.68,87,284550,217,1211.36,163
15,2024,15,178,4082.2,176,23.19,4381.31,153.61,2030.34,65,234624,170,1110.76,143
15,2024,16,218,4657.97,216,21.56,4899.59,169.13,2721.48,112,273769,207,1285.32,174
15,2024,17,227,5004.87,224,22.34,5260.77,137.15,2511.99,98,359950,216,1399.42,178
15,2024,18,248,5398.59,246,21.95,5789.57,213.26,3058.64,117,333140,238,1417.03,187
15,2024,19,218,4998.54,216,23.14,5296.77,165.38,2705.41,100,307172,209,1401.13,173
15,2024,20,203,4780.91,200,23.9,5038.69,164.28,2194.58,83,279570,193,1266.63,150
15,2024,21,199,4415.16,195,22.64,4716.77,201.21,2673.15,94,304984,184,1150.88,148
15,2024,22,238,5321.6,237,22.45,5507.73,148.73,2919.91,108,336108,224,1410.74,184
15,2024,23,246,5557.71,237,23.45,5930.9,207.64,2935.8,102,337871,229,1439.58,174
15,2024,24,225,4526.04,214,21.15,4942.43,148.89,2047.5,82,284747,195,1219.83,153
15,2024,25,216,4900.46,214,22.9,5395.51,284.8,2645.74,96,336980,210,1276.13,166
15,2024,26,241,5098.96,238,21.42,5400.53,160.07,2356.82,80,319133,223,1221.2,159
15,2024,27,162,3992.24,159,25.11,4274.17,82.93,1542.79,60,314727,154,1013.74,123
15,2024,28,188,4435.68,186,23.85,4690.51,121.83,1988.13,72,388215,182,1200.64,145
15,2024,29,180,4085.82,170,24.03,4492.16,186.34,2005.31,74,225336,164,1031.36,127
15,2024,30,192,4282.38,189,22.66,4686.37,216.49,2019.23,71,275199,180,1171.91,144
15,2024,31,197,4157.77,194,21.43,4565.57,89.6,1884.84,73,327450,192,1178.9,155
15,2024,32,183,4241.39,180,23.56,4475.96,158.57,1792.32,66,267028,174,1149.06,146
15,2024,33,192,4610.88,190,24.27,4764.6,118.72,1759.38,67,294448,186,1266.18,157
15,2024,34,204,4642.51,203,22.87,5006.01,99.29,1728.11,66,266854,195,1247.34,155
15,2024,35,225,5134.78,224,22.92,5314.8,72.22,2426.81,94,350374,220,1407.05,180
15,2024,36,201,4420.8,199,22.22,4596.55,74.76,1923.75,75,303449,195,1299.54,164
15,2024,37,231,5727.74,231,24.8,5942.73,112.99,2536.79,88,365700,223,1613.98,194
15,2024,38,207,6193.53,206,30.07,6704.83,228.8,2808.03,84,366985,202,1434.39,166
15,2024,39,206,5803.29,206,28.17,6888.78,372.74,2140.21,74,372564,202,1521.48,170
15,2024,40,232,5243.03,231,22.7,5417.95,116.92,2149.57,80,422029,231,1491.83,188
15,2024,41,233,5793.05,232,24.97,6147.67,191.11,2516.44,85,470083,223,1626.26,189
15,2024,42,211,5817.57,207,28.1,6221.57,286.0,2830.0,89,367506,200,1519.79,171
15,2024,43,222,5405.34,221,24.46,5817.3,231.96,2560.04,86,400149,214,1510.09,181
15,2024,44,218,5243.43,218,24.05,5532.56,160.13,2292.2,79,349035,212,1494.88,186
15,2024,45,210,4634.97,208,22.28,4890.72,155.0,1712.21,66,340177,200,1305.51,167
15,2024,46,236,4695.05,233,20.15,5022.7,150.61,2183.14,81,346438,231,1353.03,176
15,2024,47,209,5169.11,208,24.85,5491.27,204.66,2240.83,76,311419,206,1371.05,166
15,2024,48,201,4451.69,200,22.26,4693.37,106.08,1398.32,57,327194,191,1210.99,158
15,2024,49,245,5781.91,241,23.99,6017.47,136.06,2384.51,83,374067,235,1637.67,200
15,2024,50,215,5434.9,213,25.52,5934.29,194.89,1934.13,79,400758,208,1440.21,181
15,2024,51,229,5380.19,228,23.6,5642.99,66.55,2160.1,90,375426,225,1586.2,197
15,2024,52,169,4140.98,167,24.8,4302.4,117.92,1721.56,64,236781,167,1275.74,150
15,2025,1,203,4337.66,200,21.69,4544.81,123.4,1847.33,79,240818,194,1240.93,155
15,2025,2,227,5974.1,225,26.55,6240.22,88.62,2280.3,88,366947,221,1651.76,194
15,2025,3,201,4750.4,199,23.87,4919.95,95.3,1763.91,68,288346,198,1456.52,164
15,2025,4,210,4819.82,210,22.95,5000.83,91.51,2045.01,77,365789,208,1551.73,184
15,2025,5,205,5174.37,205,25.24,5304.89,73.02,2316.31,86,395260,204,1655.79,179
15,2025,6,211,4857.96,209,23.24,4976.73,67.27,1890.77,76,288172,205,1553.05,184
15,2025,7,239,5687.23,237,24.0,5925.38,137.65,2706.22,102,326666,231,1780.78,210
15,2025,8,200,4955.31,196,25.28,5175.53,153.72,2387.55,87,282758,193,1487.7,178
15,2025,9,224,5382.15,224,24.03,5587.51,112.86,2229.59,90,335901,217,1646.84,198
15,2025,10,207,5034.0,207,24.32,5262.22,126.47,2177.68,82,298599,201,1493.36,170
15,2025,11,214,5318.07,213,24.97,5658.78,160.21,2734.46,107,322010,212,1570.02,188
15,2025,12,195,4447.47,192,23.16,4710.0,156.03,1941.05,75,270479,186,1342.54,164
15,2025,13,180,4826.64,179,26.96,5122.76,203.12,2127.41,75,321430,177,1394.36,159
15,2025,14,200,5289.58,198,26.72,5593.02,162.44,2193.34,74,405429,195,1552.25,171
15,2025,15,218,5114.19,216,23.68,6052.26,326.07,2164.06,83,377150,211,1487.93,180
15,2025,16,213,5243.88,213,24.62,5514.75,188.37,2306.32,84,331404,206,1480.25,184
15,2025,17,192,4530.82,191,23.72,4669.65,122.83,2372.38,84,288255,189,1288.3,156
15,2025,18,240,5382.15,236,22.81,5551.79,99.14,2358.56,90,353376,232,1678.74,205
15,2025,19,227,5878.65,226,26.01,6202.34,205.19,2674.86,96,441296,219,1670.23,193
15,2025,20,211,5404.31,211,25.61,5746.66,191.35,2429.72,91,516418,207,1490.54,174
15,2025,21,204,4760.67,204,23.34,5023.55,206.38,2310.54,86,377186,202,1330.0,171
15,2025,22,239,5733.68,238,24.09,6046.62,192.94,3232.4,125,417801,234,1646.79,205
15,2025,23,246,5720.32,243,23.54,6185.08,186.01,2719.27,96,384208,234,1638.7,199
15,2025,24,232,6303.47,231,27.29,6832.21,252.99,2913.32,98,401531,224,1754.05,191
15,2025,25,220,5371.12,219,24.53,5691.12,236.5,2666.55,93,345820,208,1463.23,178
15,2025,26,251,5896.12,249,23.68,6439.22,242.34,2626.11,90,376081,244,1688.51,206
15,2025,27,216,5072.22,214,23.7,5276.31,94.55,1963.76,71,342838,207,1554.48,185
15,2025,28,221,5238.86,218,24.03,5330.02,78.16,1991.97,71,333206,213,1466.1,175
15,2025,29,215,5252.1,214,24.54,5559.77,133.17,1997.45,79,316623,206,1590.41,181
15,2025,30,193,5763.1,191,30.17,6218.34,207.74,2425.72,74,354037,184,1467.56,160
15,2025,31,248,5275.12,248,21.27,5478.88,124.74,2055.26,80,378699,240,1528.76,191
15,2025,32,189,4778.95,184,25.97,4995.11,129.66,1816.41,64,394601,181,1253.07,148
15,2025,33,254,6287.18,252,24.95,6630.54,151.61,2558.0,91,378317,245,1733.52,209
15,2025,34,230,5378.6,229,23.49,5566.56,146.47,2169.09,84,505336,226,1621.12,190
15,2025,35,232,5368.41,228,23.55,5694.02,140.61,2539.23,94,335649,223,1618.72,191
15,2025,36,216,5318.55,215,24.74,5455.77,84.72,2010.53,74,336942,212,1542.61,185
15,2025,37,217,5189.89,217,23.92,5412.45,155.76,2234.56,85,380282,210,1515.42,193
15,2025,38,239,6165.63,237,26.02,6598.19,240.06,2769.85,93,422270,231,1596.18,190
15,2025,39,241,5551.3,239,23.23,5813.9,105.6,2320.21,82,364852,234,1589.73,197
15,2025,40,211,5508.9,210,26.23,5725.23,174.58,2281.64,78,332994,207,1598.53,179
15,2025,41,165,4575.92,165,27.73,4986.32,238.4,2184.91,71,246504,156,1266.3,133
15,2025,42,158,4383.32,158,27.74,4757.23,225.41,1973.17,58,240620,155,1198.42,135
15,2025,43,161,3779.18,161,23.47,3999.22,156.79,1346.04,49,225122,154,970.33,123
15,2025,44,153,3633.03,153,23.75,4081.1,261.14,1676.89,62,210583,151,949.79,126
15,2025,45,150,3856.71,150,25.71,4182.43,191.22,1511.39,49,220158,148,1073.45,119
15,2025,46,182,4453.67,180,24.74,4695.94,111.05,1547.67,64,297700,177,1224.38,142
15,2025,47,163,4288.43,163,26.31,4557.36,138.72,1636.0,61,264037,161,1340.17,138
15,2025,48,170,3982.64,169,23.57,4235.18,136.04,1576.06,56,244152,165,1026.18,140
15,2025,49,168,3995.02,166,24.07,4079.2,68.68,1385.3,53,230721,163,1120.13,138
15,2025,50,174,4162.42,172,24.2,4363.83,137.41,1894.12,72,313852,169,1212.98,149
15,2025,51,177,4020.43,177,22.71,4169.65,66.22,1126.94,53,250686,175,1182.74,145
15,2025,52,160,3418.16,160,21.36,3547.09,72.18,1218.74,52,177226,159,1005.85,142
15,2026,1,144,3196.94,144,22.2,3370.64,126.7,1337.66,54,197892,138,967.46,124
15,2026,2,135,3241.58,135,24.01,3357.07,78.99,1390.66,57,185146,131,1026.93,123
15,2026,3,179,3765.47,178,21.15,3997.58,128.11,1707.25,65,208320,174,1024.92,143
15,2026,4,130,3045.94,130,23.43,3224.66,113.97,1112.81,40,147641,125,838.99,105
15,2026,5,169,3229.55,167,19.34,3616.79,125.49,1163.11,53,198557,163,996.6,137
15,2026,6,142,3259.11,140,23.28,3477.96,106.85,1303.98,55,237262,133,916.96,106
15,2026,7,157,4142.25,157,26.38,4339.46,139.71,1756.3,59,229794,154,1136.31,132
15,2026,8,158,3486.38,157,22.21,3602.73,88.85,1714.68,65,191762,154,1037.13,135
15,2026,9,154,3851.14,153,25.17,4067.04,99.35,1882.72,51,171932,141,912.31,125
15,2026,10,167,3975.66,167,23.81,4158.85,109.19,1872.87,62,204454,157,1140.61,140
15,2026,11,181,3973.9,180,22.08,4251.58,176.93,2008.39,71,229514,173,1116.81,152
15,2026,12,167,3619.51,165,21.94,3914.41,157.89,2044.5,69,197472,153,929.74,134
15,2026,13,160,2966.47,157,18.89,3167.66,102.18,1458.18,47,148621,151,766.75,118
15,2026,14,190,3572.63,187,19.1,3844.06,96.43,1359.76,54,199081,183,1033.33,159
15,2026,15,205,4159.71,203,20.49,4496.12,171.91,1992.13,73,262847,197,1142.96,168
15,2026,16,162,4620.15,161,28.7,5268.3,275.91,2678.64,81,251583,157,1173.14,140
15,2026,17,160,3286.4,160,20.54,3564.41,161.51,1918.79,70,184720,157,874.1,130
15,2026,18,170,3895.96,169,23.05,4478.95,199.77,2142.16,77,227063,160,1102.82,146
15,2026,19,211,4751.57,211,22.52,5053.77,203.8,2249.61,79,282801,205,1250.09,175
15,2026,20,220,5121.76,219,23.39,5778.36,296.85,2947.39,95,380105,213,1368.82,172
15,2026,21,168,3487.41,168,20.76,3697.67,129.26,1722.94,66,282260,164,957.51,142
15,2026,22,178,3248.29,173,18.78,3793.07,149.38,1594.12,60,185931,167,823.6,137
16,2024,1,514,11274.7,508,22.19,16737.87,258.07,5666.53,214,546527,447,2533.5,356
16,2024,2,575,10992.72,568,19.35,16828.38,317.95,5471.24,220,564174,475,2412.68,356
16,2024,3,587,11708.91,577,20.29,21289.4,292.8,6054.07,224,571625,468,2623.57,363
16,2024,4,595,11935.37,588,20.3,13010.1,348.98,6697.81,227,694762,494,2539.39,382
16,2024,5,638,12800.16,628,20.38,13786.46,297.09,6083.46,227,634130,536,2907.41,411
16,2024,6,588,11564.31,577,20.04,12308.33,286.52,5847.43,220,719204,496,2636.65,366
16,2024,7,606,10978.41,595,18.45,11865.34,338.43,5659.3,222,579930,484,2659.45,368
16,2024,8,660,12811.63,648,19.77,14668.09,372.61,6019.87,231,578235,529,2688.56,378
16,2024,9,656,11854.54,653,18.15,12860.96,337.93,6165.03,243,708856,526,2907.69,394
16,2024,10,619,11341.43,609,18.62,12334.35,311.52,5683.06,227,561719,513,2782.64,375
16,2024,11,651,11990.16,641,18.71,12899.3,365.49,5841.81,234,671513,533,2908.35,401
16,2024,12,636,11633.66,624,18.64,12573.07,286.21,5550.26,216,570175,526,2630.15,369
16,2024,13,707,13231.36,694,19.07,14253.91,374.93,6478.07,247,635293,565,2910.0,414
16,2024,14,603,11724.08,594,19.74,12741.01,329.79,5661.79,224,549108,496,2610.12,367
16,2024,15,530,9563.6,511,18.72,10574.92,415.43,5287.41,208,554776,424,2299.83,317
16,2024,16,627,12894.94,618,20.87,14184.28,442.95,6908.43,283,701957,529,3049.5,425
16,2024,17,609,11642.97,596,19.54,12409.56,364.59,7088.43,260,660919,501,2877.67,395
16,2024,18,678,14265.75,669,21.32,15333.15,434.27,7953.43,289,775043,570,3300.2,449
16,2024,19,549,11258.98,541,20.81,12128.26,349.73,6199.14,229,656698,471,2594.9,369
16,2024,20,671,13542.31,650,20.83,14550.14,413.57,7184.42,233,642091,549,2519.27,347
16,2024,21,638,13714.49,619,22.16,14767.21,455.46,7358.51,245,650638,535,2687.49,367
16,2024,22,616,13282.71,604,21.99,14417.16,407.99,6784.64,241,706919,520,2792.83,391
16,2024,23,623,11616.1,598,19.42,12881.03,425.18,5893.73,227,681536,501,2699.96,374
16,2024,24,606,11334.47,587,19.31,12506.48,476.76,5949.68,229,832045,508,2718.68,376
16,2024,25,489,11012.55,477,23.09,12409.35,486.39,5702.64,200,574836,409,2323.32,313
16,2024,26,477,9099.56,462,19.7,9873.49,296.43,5261.55,202,564767,424,2429.4,322
16,2024,27,475,9081.99,460,19.74,9794.97,302.98,4963.95,184,506111,409,2316.82,311
16,2024,28,520,11149.57,507,21.99,11867.43,354.36,5584.14,198,668125,457,2814.32,362
16,2024,29,525,11449.0,514,22.27,12316.56,370.16,5954.35,194,653185,461,2897.31,360
16,2024,30,433,10272.36,426,24.11,11135.06,459.95,5678.26,161,557398,386,2319.41,312
16,2024,31,470,9550.07,460,20.76,10210.73,269.96,4996.66,170,546068,399,2300.66,321
16,2024,32,474,9944.44,468,21.25,10716.18,342.24,5764.47,199,523713,411,2471.02,316
16,2024,33,507,10719.65,498,21.53,11784.86,423.46,5539.8,192,577724,469,2616.48,335
16,2024,34,506,12005.81,499,24.06,13195.64,462.05,6991.96,235,623062,472,3176.64,384
16,2024,35,469,9641.07,467,20.64,10745.06,417.24,5410.6,203,583055,415,2656.53,338
16,2024,36,550,10674.69,540,19.77,11389.31,409.32,5416.57,214,692271,460,2948.78,389
16,2024,37,497,10627.86,487,21.82,11427.8,476.44,5830.6,203,630230,445,3011.14,360
16,2024,38,524,11243.98,514,21.88,12177.51,453.53,5827.44,225,724757,468,3109.12,402
16,2024,39,603,12236.22,598,20.46,13895.39,745.67,6923.39,230,702607,522,3181.28,397
16,2024,40,606,12477.2,595,20.97,13597.73,470.53,6911.43,243,769974,538,3099.68,409
16,2024,41,545,11301.37,540,20.93,12469.73,455.86,5906.38,225,674452,484,3020.63,394
16,2024,42,553,11555.33,545,21.2,12385.28,358.26,5964.11,227,882125,494,3088.77,393
16,2024,43,635,11684.28,621,18.82,16434.2,443.25,5897.24,223,740198,535,2931.59,401
16,2024,44,556,10662.47,547,19.49,11634.88,410.62,5730.41,224,658875,493,2917.22,398
16,2024,45,612,12374.55,602,20.56,13426.12,453.02,6184.35,236,785224,546,3540.64,442
16,2024,46,544,11259.44,535,21.05,12294.48,455.13,6184.36,239,590152,485,2966.03,394
16,2024,47,487,10892.77,481,22.65,11604.42,439.65,6293.61,231,631204,447,2891.34,381
16,2024,48,416,8973.49,411,21.83,9384.32,283.83,5029.39,193,507109,381,2664.18,335
16,2024,49,554,11682.14,549,21.28,12392.41,377.02,5643.1,234,695989,492,3176.48,418
16,2024,50,487,10704.06,478,22.39,11376.28,371.97,4859.09,193,696067,445,3137.61,390
16,2024,51,457,10072.64,450,22.38,10581.2,318.56,4946.51,199,585519,414,2734.78,365
16,2024,52,413,9215.56,406,22.7,9852.21,268.4,4736.57,196,605640,380,2883.2,346
16,2025,1,401,8543.81,395,21.63,9103.07,298.75,4569.74,181,528854,380,2516.09,329
16,2025,2,489,10372.57,484,21.43,11054.22,416.65,5609.52,233,609200,461,3064.44,410
16,2025,3,466,9930.5,462,21.49,10479.09,331.09,5628.63,223,556994,421,3040.71,369
16,2025,4,446,9078.19,440,20.63,9557.29,297.58,5518.56,218,520134,393,2654.99,345
16,2025,5,488,10482.87,473,22.16,11020.33,284.21,6070.31,231,675389,437,3111.07,375
16,2025,6,449,9369.02,443,21.15,9895.47,258.2,5150.81,213,599029,424,3011.54,381
16,2025,7,451,9748.55,449,21.71,10289.35,265.8,5280.57,219,634037,429,3111.9,380
16,2025,8,520,11299.41,513,22.03,11875.73,302.07,5869.54,233,735816,484,3371.17,421
16,2025,9,546,11933.89,539,22.14,12514.33,317.94,5958.72,244,662704,506,3455.85,448
16,2025,10,500,10876.86,496,21.93,11595.39,410.53,5569.23,232,746691,460,3251.03,401
16,2025,11,511,10986.89,510,21.54,11526.55,311.16,5029.0,217,687274,461,3224.87,412
16,2025,12,481,10310.84,471,21.89,11015.59,412.25,5675.1,218,591634,431,3004.0,390
16,2025,13,451,9376.96,446,21.02,9871.49,303.78,4185.08,168,650872,407,2799.38,354
16,2025,14,478,10149.12,471,21.55,10577.89,304.77,5009.36,200,577752,442,2862.89,385
16,2025,15,491,10617.48,484,21.94,11414.45,413.45,5794.93,217,604727,453,2892.55,389
16,2025,16,512,10041.96,502,20.0,10788.89,350.23,5136.07,210,612989,448,2895.57,394
16,2025,17,511,10651.83,503,21.18,11452.97,503.14,5438.72,214,624502,462,3061.35,409
16,2025,18,497,10335.34,487,21.22,10956.78,333.71,5324.33,212,595094,456,2771.03,392
16,2025,19,455,9876.02,449,22.0,10502.13,380.61,5644.08,209,613058,423,2734.03,366
16,2025,20,551,11791.35,542,21.76,12673.6,450.25,6255.14,250,685397,498,3204.66,425
16,2025,21,463,9758.79,457,21.35,10272.42,321.63,5149.92,207,707996,428,2866.79,380
16,2025,22,488,10456.28,487,21.47,11079.93,419.43,5934.77,233,595328,447,2842.04,389
16,2025,23,550,11419.43,533,21.42,12016.19,428.44,6598.32,257,720627,493,3058.94,431
16,2025,24,484,10903.54,479,22.76,11703.34,384.8,6072.92,246,662053,454,3717.38,413
16,2025,25,514,10866.97,508,21.39,11684.68,472.09,6724.3,265,668276,479,2765.9,400
16,2025,26,471,10300.3,460,22.39,11003.29,429.49,5495.78,212,635798,417,2732.48,359
16,2025,27,465,9688.96,458,21.15,10243.14,357.68,5048.84,206,629215,422,2669.86,366
16,2025,28,502,10470.94,487,21.5,11167.48,276.04,4804.85,185,609761,430,2687.58,363
16,2025,29,494,10408.9,476,21.87,11343.14,470.29,5342.44,191,581606,415,2730.69,348
16,2025,30,442,10293.26,438,23.5,11031.54,469.78,5155.74,193,712237,404,2806.81,366
16,2025,31,483,9559.32,469,20.38,10269.19,348.37,4837.09,193,749138,418,2676.04,357
16,2025,32,455,9679.04,444,21.8,10456.04,357.75,4992.49,194,707753,407,2777.65,350
16,2025,33,418,9593.35,411,23.34,10470.31,520.96,5272.26,181,625335,380,2724.75,337
16,2025,34,473,10903.59,463,23.55,11830.15,513.31,5168.98,179,677229,418,2986.46,355
16,2025,35,454,10472.29,451,23.22,11132.94,381.4,5578.81,210,658983,417,2903.07,385
16,2025,36,493,11497.84,487,23.61,12600.37,604.53,6803.29,237,671820,444,3101.22,374
16,2025,37,471,10166.29,461,22.05,10955.72,405.18,5339.04,194,640576,398,2676.97,331
16,2025,38,481,11693.71,478,24.46,12509.68,448.46,6119.84,230,719710,447,3238.27,407
16,2025,39,514,11410.98,510,22.37,13675.59,497.76,6205.66,228,700825,470,3229.25,408
16,2025,40,482,9987.2,476,20.98,10705.97,360.52,5351.38,216,566184,442,2793.32,387
16,2025,41,425,9020.41,416,21.68,10133.46,491.65,4931.97,179,474909,378,2437.55,310
16,2025,42,347,7482.9,342,21.88,8471.01,469.06,4419.57,165,414038,303,2064.28,250
16,2025,43,374,7695.27,367,20.97,8506.46,479.94,4088.28,147,434732,329,1979.98,265
16,2025,44,383,8011.97,377,21.25,8874.33,456.11,4340.05,154,547737,342,2260.81,285
16,2025,45,423,9341.86,422,22.14,10476.16,542.44,4852.03,172,652915,369,2646.99,303
16,2025,46,392,9279.6,387,23.98,10204.33,482.78,4803.9,170,577673,358,2572.43,310
16,2025,47,338,7555.73,337,22.42,8084.37,309.14,3645.63,145,441799,306,2080.15,263
16,2025,48,293,6428.65,290,22.17,7005.05,368.15,3394.47,137,339692,270,1863.1,240
16,2025,49,444,9930.64,440,22.57,10740.63,463.86,5122.3,197,648094,393,2701.54,336
16,2025,50,409,8323.5,402,20.71,9303.28,514.01,4672.8,189,536133,362,2139.02,302
16,2025,51,389,7874.1,387,20.35,8609.11,465.26,4333.42,175,435671,347,2157.68,299
16,2025,52,280,5419.48,276,19.64,5803.32,238.26,2682.94,102,301616,259,1558.33,228
16,2026,1,303,5849.5,297,19.7,6278.4,242.9,2829.62,114,334630,272,1676.93,239
16,2026,2,297,5814.13,297,19.58,6154.11,250.98,2997.7,128,300557,274,1623.32,240
16,2026,3,314,5736.59,307,18.69,6266.16,292.53,2680.97,117,400241,288,1610.11,247
16,2026,4,326,6171.39,315,19.59,6604.35,262.86,3373.57,137,312659,286,1692.4,239
16,2026,5,378,7607.14,373,20.39,8400.1,294.74,4280.84,156,450905,336,1924.14,286
16,2026,6,337,7201.68,329,21.89,7796.67,288.65,3268.85,135,462068,303,1988.4,257
16,2026,7,287,6032.17,285,21.17,6443.03,251.61,3006.67,114,319747,267,1625.34,223
16,2026,8,373,8148.43,364,22.39,8919.06,409.44,4195.56,160,486496,337,2208.93,290
16,2026,9,338,6287.47,336,18.71,6930.1,365.22,3659.49,148,320675,298,1600.9,247
16,2026,10,328,7292.76,323,22.58,7790.05,321.32,3999.25,141,401942,295,1989.76,262
16,2026,11,355,7729.81,352,21.96,8613.82,394.29,3984.5,157,423334,328,2037.27,294
16,2026,12,370,6914.01,361,19.15,7865.5,346.31,3803.16,147,449859,322,1939.0,268
16,2026,13,368,6611.47,364,18.16,7146.91,326.87,3836.84,155,425358,326,1804.76,268
16,2026,14,395,7341.06,391,18.78,7886.31,269.0,3864.55,160,427098,352,1949.54,296
16,2026,15,432,8564.35,424,20.2,9250.55,386.69,4640.51,184,457086,372,2255.65,312
16,2026,16,403,7504.06,398,18.85,8059.17,390.54,4211.84,174,493799,355,1973.43,302
16,2026,17,363,6598.58,360,18.33,7163.92,310.32,3213.69,138,454259,331,1718.7,263
16,2026,18,422,7233.46,412,17.56,8103.41,398.23,4114.32,166,431100,367,1897.22,307
16,2026,19,440,10010.41,435,23.01,11119.13,566.83,5790.82,210,554747,388,2666.42,335
16,2026,20,469,9857.5,464,21.24,10788.01,629.01,6467.13,218,571585,413,2371.72,364
16,2026,21,448,8914.64,439,20.31,9849.87,555.97,5988.27,219,548374,399,2273.64,338
16,2026,22,383,7765.97,377,20.6,8631.19,447.22,4957.95,174,430528,336,2247.97,301
17,2024,1,45,1128.14,45,25.07,1182.37,17.33,417.01,19,74465,43,302.31,41
17,2024,2,28,832.94,28,29.75,907.13,19.69,226.97,10,48913,28,243.19,26
17,2024,3,33,918.94,33,27.85,976.15,27.71,505.55,17,51701,30,229.12,26
17,2024,4,45,1024.0,45,22.76,1066.6,12.5,331.25,16,76223,44,301.94,41
17,2024,5,27,633.96,27,23.48,657.68,21.22,411.77,16,41456,26,184.29,22
17,2024,6,32,686.47,32,21.45,713.61,12.14,321.81,13,47685,32,192.8,27
17,2024,7,37,1091.79,37,29.51,1137.62,17.58,455.93,17,72920,37,306.74,37
17,2024,8,54,1132.83,54,20.98,1167.45,26.61,480.47,22,72730,52,283.43,45
17,2024,9,43,1004.82,43,23.37,1111.18,48.86,718.14,28,112346,42,245.95,36
17,2024,10,51,1056.58,49,21.56,1074.13,14.55,546.5,23,66054,49,295.46,41
17,2024,11,43,1160.17,43,26.98,1194.67,30.0,557.5,21,65859,43,297.52,39
17,2024,12,61,1378.23,59,23.36,1524.52,28.79,704.11,29,90161,56,352.82,52
17,2024,13,65,1637.53,65,25.19,1667.77,22.74,841.12,36,102198,65,462.9,59
17,2024,14,44,1042.88,44,23.7,1135.29,14.66,492.78,20,73084,42,317.54,37
17,2024,15,50,1134.7,49,23.16,1183.23,32.78,563.33,24,87282,47,311.71,43
17,2024,16,58,1305.56,58,22.51,1343.48,13.92,683.39,31,86624,56,327.92,51
17,2024,17,68,1544.48,68,22.71,1572.85,16.37,988.23,36,107618,66,516.99,60
17,2024,18,50,1123.55,50,22.47,1143.01,7.21,643.99,26,111828,50,293.93,42
17,2024,19,50,1204.19,50,24.08,1313.58,36.14,783.52,32,84866,47,300.15,45
17,2024,20,53,1278.82,52,24.59,1388.44,22.12,870.49,33,79717,47,364.2,45
17,2024,21,52,1139.74,52,21.92,1202.58,41.34,869.81,36,76043,51,332.88,45
17,2024,22,71,1792.15,70,25.6,1911.47,58.32,1011.15,35,120451,65,510.43,56
17,2024,23,63,1233.76,63,19.58,1417.67,53.16,890.34,39,83307,62,332.53,52
17,2024,24,42,964.07,42,22.95,1005.67,22.1,623.66,25,70616,41,289.3,40
17,2024,25,52,960.36,52,18.47,981.21,17.35,695.5,29,64280,52,271.57,45
17,2024,26,44,1069.84,44,24.31,1098.84,0.0,686.57,25,68456,44,340.05,37
17,2024,27,45,1112.92,45,24.73,1151.47,20.05,755.31,29,67543,43,312.47,37
17,2024,28,64,1411.41,62,22.76,1475.75,29.84,1162.41,44,93241,61,454.88,53
17,2024,29,50,1155.74,50,23.11,1188.68,16.19,912.99,32,73741,50,352.57,39
17,2024,30,44,1157.49,42,27.56,1219.42,33.93,528.85,20,59002,41,259.09,34
17,2024,31,39,923.39,37,24.96,951.24,23.85,690.14,26,66476,36,279.86,32
17,2024,32,51,1138.78,51,22.33,1211.88,48.6,836.14,32,66507,49,294.25,37
17,2024,33,39,898.55,39,23.04,947.25,10.7,392.5,16,77503,37,245.26,34
17,2024,34,47,1011.74,47,21.53,1053.15,27.41,648.93,26,56373,45,291.57,40
17,2024,35,46,1063.67,44,24.17,1115.4,33.73,738.76,28,65867,44,306.65,39
17,2024,36,56,1304.12,56,23.29,1368.86,22.2,825.98,32,83012,55,443.63,47
17,2024,37,53,1247.3,53,23.53,1261.95,6.15,737.71,30,70523,53,298.7,46
17,2024,38,80,1692.11,80,21.15,1735.49,28.38,1127.83,42,111293,79,488.43,70
17,2024,39,68,1565.82,66,23.72,1764.88,71.06,795.56,28,95388,65,454.91,54
17,2024,40,70,1494.31,70,21.35,1558.59,11.28,739.56,29,101427,68,394.18,56
17,2024,41,51,1135.52,50,22.71,1171.2,9.18,767.96,30,70196,50,329.74,45
17,2024,42,51,1221.72,51,23.96,1245.03,11.81,658.03,26,76890,51,383.49,47
17,2024,43,50,1121.86,49,22.9,1158.16,26.8,648.41,24,73814,49,318.47,40
17,2024,44,65,1565.24,65,24.08,1637.35,33.61,1063.56,39,103395,64,503.15,57
17,2024,45,42,1035.87,42,24.66,1092.23,27.86,570.35,20,53194,40,296.21,38
17,2024,46,45,1053.34,43,24.5,1070.54,8.2,488.0,18,73438,43,338.94,40
17,2024,47,44,1075.42,43,25.01,1157.23,32.31,542.31,20,74609,43,357.27,39
17,2024,48,38,971.8,38,25.57,1081.99,26.19,432.5,20,173371,36,299.43,32
17,2024,49,28,767.17,28,27.4,808.37,28.2,307.81,11,38207,28,160.12,23
17,2024,50,36,812.81,36,22.58,848.54,27.84,374.75,16,89371,34,201.36,32
17,2024,51,39,1027.9,39,26.36,1049.88,17.48,576.07,21,86917,38,315.91,36
17,2024,52,27,600.15,26,23.08,607.32,5.67,259.0,10,31878,26,185.52,24
17,2025,1,29,824.2,28,29.44,885.03,53.83,440.96,16,162595,27,219.5,24
17,2025,2,45,1014.36,45,22.54,1073.67,7.31,530.86,25,59663,44,295.33,40
17,2025,3,46,1123.96,46,24.43,1185.72,29.76,608.03,25,77956,46,359.64,43
17,2025,4,47,1026.1,46,22.31,1081.85,3.25,621.25,22,142453,42,301.34,40
17,2025,5,48,1059.73,47,22.55,1131.21,30.98,569.16,23,137244,47,352.83,42
17,2025,6,49,1068.7,49,21.81,1104.24,23.54,768.87,31,211572,49,339.37,45
17,2025,7,54,1124.9,54,20.83,1171.3,5.9,789.65,30,118550,52,321.37,48
17,2025,8,49,1246.1,49,25.43,1278.12,13.02,918.63,35,134162,49,404.07,47
17,2025,9,47,1302.5,47,27.71,1340.89,34.89,943.61,33,143018,46,363.73,41
17,2025,10,61,1389.28,61,22.78,1419.55,25.27,823.31,31,96472,59,405.16,52
17,2025,11,62,1435.93,62,23.16,1495.29,37.96,882.82,37,146110,60,422.46,57
17,2025,12,56,1412.13,56,25.22,1480.35,16.22,869.5,32,96605,54,443.2,50
17,2025,13,55,1177.33,55,21.41,1259.99,23.66,666.13,25,149598,54,354.74,49
17,2025,14,36,983.18,36,27.31,1014.95,22.27,684.94,24,93048,34,273.68,32
17,2025,15,55,1069.29,55,19.44,1097.59,17.8,698.94,26,66666,54,271.02,49
17,2025,16,47,1056.67,46,22.97,1098.55,34.38,762.07,26,67918,45,339.09,42
17,2025,17,48,1314.87,47,27.98,1371.68,35.81,712.36,22,136452,47,332.5,37
17,2025,18,39,876.47,39,22.47,888.97,8.0,535.75,17,58265,38,261.3,35
17,2025,19,46,1044.88,46,22.71,1150.68,14.3,529.75,22,74520,41,285.77,36
17,2025,20,62,1397.27,62,22.54,1557.99,56.72,929.89,37,141450,60,447.4,55
17,2025,21,55,1153.08,55,20.97,1241.64,38.06,719.27,30,137678,52,263.86,41
17,2025,22,53,1483.87,53,28.0,1531.97,17.6,1044.37,32,130957,53,376.58,47
17,2025,23,37,975.14,37,26.36,988.04,8.9,568.25,22,74457,36,310.37,36
17,2025,24,54,1427.32,54,26.43,1556.67,28.85,909.51,35,87035,52,430.33,50
17,2025,25,60,1471.14,59,24.93,1525.12,42.48,776.74,29,107530,59,429.15,50
17,2025,26,37,1258.25,37,34.01,1316.47,18.72,782.13,23,72361,34,331.3,30
17,2025,27,56,1328.74,55,24.16,1366.8,26.56,730.22,24,111170,55,383.2,51
17,2025,28,57,1300.49,56,23.22,1362.21,13.22,597.53,20,99816,51,379.86,47
17,2025,29,51,1120.46,51,21.97,1142.12,9.16,557.96,23,184263,50,343.67,46
17,2025,30,49,1249.16,49,25.49,1328.26,46.6,725.22,25,92658,48,384.69,46
17,2025,31,55,1295.91,52,24.92,1343.01,32.6,542.41,20,155823,51,353.16,42
17,2025,32,34,892.66,33,27.05,972.27,32.11,594.91,21,112123,31,256.94,28
17,2025,33,40,963.77,40,24.09,1007.78,30.51,490.31,17,147096,40,304.93,37
17,2025,34,43,998.97,43,23.23,1058.39,15.92,688.21,25,69682,43,285.28,39
17,2025,35,47,1103.74,45,24.53,1191.34,36.6,802.79,27,68794,44,326.04,40
17,2025,36,52,1178.38,52,22.66,1260.85,43.47,803.84,31,138069,51,384.06,49
17,2025,37,53,1084.62,53,20.46,1101.62,10.0,490.75,20,76428,52,307.3,45
17,2025,38,50,1322.48,50,26.45,1393.6,35.87,852.21,29,107127,48,381.63,39
17,2025,39,50,1460.85,50,29.22,1495.85,28.5,1053.02,36,100990,50,454.98,47
17,2025,40,44,1460.87,44,33.2,1554.54,69.67,787.57,25,70849,42,356.23,37
17,2025,41,48,1159.09,48,24.15,1177.95,14.36,389.97,15,61137,48,342.11,45
17,2025,42,34,980.44,34,28.84,1043.35,8.66,434.7,18,64264,33,241.64,30
17,2025,43,55,1258.92,55,22.89,1333.16,38.74,561.85,27,86395,53,387.0,42
17,2025,44,56,1483.6,56,26.49,1507.58,18.98,361.79,17,99228,54,365.43,42
17,2025,45,43,1048.05,42,24.95,1136.49,36.44,522.77,22,76378,41,345.31,38
17,2025,46,55,1681.6,55,30.57,1764.82,31.97,634.2,26,90663,53,507.37,46
17,2025,47,40,923.78,40,23.09,992.83,31.05,377.63,19,59066,40,303.58,37
17,2025,48,47,1235.45,47,26.29,1308.45,28.25,546.54,18,95044,47,301.71,39
17,2025,49,47,1269.23,47,27.0,1423.23,11.0,434.0,16,60596,44,313.1,37
17,2025,50,35,789.11,32,24.66,868.51,34.4,379.73,16,43832,30,239.73,30
17,2025,51,46,1273.83,46,27.69,1517.09,49.51,638.94,28,62464,44,356.57,36
17,2025,52,36,1008.92,36,28.03,1081.92,10.0,449.13,17,48308,36,314.02,31
17,2026,1,37,1090.93,37,29.48,1244.76,70.83,566.87,21,56897,36,337.15,32
17,2026,2,54,1252.06,53,23.62,1307.08,15.01,615.75,28,63939,52,354.42,46
17,2026,3,44,1033.9,43,24.04,1074.61,28.21,717.09,31,64865,43,308.31,42
17,2026,4,31,1034.56,31,33.37,1050.3,13.74,266.71,11,55179,31,310.59,29
17,2026,5,46,1290.2,46,28.05,1373.88,56.93,523.8,18,62934,45,347.95,41
17,2026,6,47,1347.59,47,28.67,1428.48,16.39,491.22,19,67757,46,423.72,41
17,2026,7,41,939.1,41,22.9,974.93,18.08,529.42,25,53710,40,254.0,35
17,2026,8,47,1237.2,47,26.32,1487.05,37.85,583.75,28,59782,44,350.4,38
17,2026,9,49,1399.49,49,28.56,1417.7,11.21,522.51,20,76341,48,440.71,44
17,2026,10,46,1324.28,46,28.79,1447.73,30.45,606.41,23,76650,45,377.27,42
17,2026,11,49,1388.29,49,28.33,1693.65,119.46,751.62,29,60433,46,274.76,35
17,2026,12,47,1215.43,47,25.86,1318.03,30.6,623.82,26,66698,46,335.54,43
17,2026,13,39,925.79,39,23.74,1073.73,49.94,418.61,19,52613,38,216.83,33
17,2026,14,44,954.4,44,21.69,1593.87,134.47,547.25,25,54672,40,269.35,37
17,2026,15,46,1092.52,45,24.28,1205.1,50.07,717.9,27,52702,45,271.6,37
17,2026,16,49,1430.47,48,29.8,1493.48,48.01,611.51,23,81940,48,407.47,43
17,2026,17,55,1283.3,55,23.33,1404.63,58.33,727.42,34,73711,54,368.49,46
17,2026,18,46,1083.7,44,24.63,1167.14,37.44,523.99,22,59679,43,336.33,39
17,2026,19,62,1634.95,62,26.37,1790.51,57.06,938.01,34,91777,62,523.35,54
17,2026,20,64,1471.43,64,22.99,1543.33,49.59,983.0,34,74054,61,364.41,47
17,2026,21,42,1219.01,42,29.02,1274.9,45.39,631.23,23,75440,41,381.35,37
17,2026,22,41,881.19,41,21.49,1050.76,16.57,390.35,18,48061,37,259.91,30
18,2024,1,11,307.63,11,27.97,307.63,0.0,10.5,1,14308,11,86.75,10
18,2024,2,13,314.04,13,24.16,349.88,33.84,239.79,9,15336,13,55.47,9
18,2024,3,10,211.34,10,21.13,244.86,11.27,166.09,7,14376,10,70.74,9
18,2024,4,20,536.43,20,26.82,591.8,13.87,190.13,7,33156,20,151.02,17
18,2024,5,20,552.75,20,27.64,560.41,7.66,237.01,8,32111,18,135.84,17
18,2024,6,21,524.94,21,25.0,535.31,6.12,265.26,10,34567,19,135.62,17
18,2024,7,17,421.72,16,26.36,453.72,25.0,234.25,9,25314,16,113.94,15
18,2024,8,26,632.8,26,24.34,667.3,3.0,389.0,15,42602,26,184.53,24
18,2024,9,20,553.33,20,27.67,555.83,2.0,260.25,10,30386,18,150.93,15
18,2024,10,15,321.46,15,21.43,348.96,0.0,206.25,8,20918,12,94.73,10
18,2024,11,18,508.24,18,28.24,538.39,2.15,185.5,7,25738,18,156.19,15
18,2024,12,15,444.37,14,31.74,516.87,54.0,273.75,7,17665,12,63.84,7
18,2024,13,19,407.5,19,21.45,436.0,3.0,228.75,10,24123,18,109.56,17
18,2024,14,20,643.74,20,32.19,643.74,0.0,361.5,10,39554,20,188.55,19
18,2024,15,7,153.25,7,21.89,163.75,10.0,119.0,4,11160,7,49.19,7
18,2024,16,24,462.43,22,21.02,476.72,13.29,282.47,10,33660,22,164.33,19
18,2024,17,27,565.51,27,20.94,569.05,1.54,333.89,11,42213,27,149.19,22
18,2024,18,18,544.75,18,30.26,555.35,9.1,344.24,13,39009,18,165.46,18
18,2024,19,17,562.62,17,33.1,565.69,0.07,258.5,9,36031,17,143.87,15
18,2024,20,16,526.72,16,32.92,535.4,8.18,276.75,10,28374,16,113.6,14
18,2024,21,15,512.03,15,34.14,533.23,20.2,294.81,9,26162,15,130.34,12
18,2024,22,23,523.68,22,23.8,531.18,4.0,194.29,9,39534,22,174.48,19
18,2024,23,16,435.69,16,27.23,443.02,5.83,302.51,11,29438,16,130.54,16
18,2024,24,13,439.69,13,33.82,439.69,0.0,90.5,3,18645,13,109.84,12
18,2024,25,9,271.41,9,30.16,337.22,12.81,113.01,4,21807,9,87.26,9
18,2024,26,13,419.54,12,34.96,425.04,5.0,208.25,6,22050,12,113.47,10
18,2024,27,12,331.91,12,27.66,347.91,0.0,143.75,6,17756,12,66.18,7
18,2024,28,17,490.55,17,28.86,513.65,6.1,233.25,9,31929,16,152.67,16
18,2024,29,20,495.68,20,24.78,501.93,0.0,268.75,10,34092,20,153.23,17
18,2024,30,11,380.1,11,34.55,386.1,0.0,123.75,4,21448,10,122.36,11
18,2024,31,15,539.32,15,35.95,597.35,20.03,226.6,6,28922,15,169.06,11
18,2024,32,17,410.41,17,24.14,417.65,7.24,145.55,5,26538,16,135.61,13
18,2024,33,16,421.82,16,26.36,430.92,8.1,192.25,7,19343,16,97.55,13
18,2024,34,12,303.2,11,27.56,304.7,0.0,65.0,2,15502,11,77.81,9
18,2024,35,14,478.3,14,34.16,489.85,11.05,106.0,3,24297,14,131.3,13
18,2024,36,12,468.11,12,39.01,476.23,7.62,93.32,4,31038,12,95.31,10
18,2024,37,20,573.64,20,28.68,574.64,0.0,197.75,7,36380,20,187.54,18
18,2024,38,16,406.54,16,25.41,415.21,8.17,227.63,7,24377,16,102.49,12
18,2024,39,12,346.44,12,28.87,347.44,0.0,134.25,5,22442,12,113.07,12
18,2024,40,17,462.81,17,27.22,510.81,0.0,180.75,6,31246,17,149.35,15
18,2024,41,18,578.57,18,32.14,580.07,0.0,226.0,8,43816,18,224.31,17
18,2024,42,19,591.54,19,31.13,616.51,23.97,323.5,9,26171,19,143.56,16
18,2024,43,18,419.12,18,23.28,420.12,0.0,156.25,5,74912,17,123.55,15
18,2024,44,18,591.77,18,32.88,601.18,5.41,299.48,10,36160,18,193.67,18
18,2024,45,12,419.53,12,34.96,428.15,8.62,228.75,8,26048,11,126.57,11
18,2024,46,10,261.62,10,26.16,263.62,2.0,206.25,8,12537,9,65.05,8
18,2024,47,6,158.97,6,26.5,158.97,0.0,0.0,0,10000,6,54.49,4
18,2024,48,11,343.1,11,31.19,347.1,0.0,251.25,9,25235,10,93.24,10
18,2024,49,13,341.62,13,26.28,404.57,6.45,211.75,8,24830,11,76.45,10
18,2024,50,15,512.08,15,34.14,518.08,2.0,199.75,7,33152,14,142.12,13
18,2024,51,19,574.34,19,30.23,635.84,32.0,351.17,14,39591,19,158.97,19
18,2024,52,13,469.04,13,36.08,469.04,0.0,141.0,5,26021,13,148.34,13
18,2025,1,14,344.16,13,26.47,352.89,6.73,117.18,5,21206,13,88.14,12
18,2025,2,18,396.0,18,22.0,425.0,1.0,326.0,12,30408,18,110.85,15
18,2025,3,20,419.96,20,21.0,428.45,6.99,296.71,11,28466,20,130.99,19
18,2025,4,13,404.81,13,31.14,404.81,0.0,183.25,6,26029,13,121.76,13
18,2025,5,23,718.23,22,32.65,759.27,8.04,391.89,13,43153,22,212.58,20
18,2025,6,15,408.11,15,27.21,419.71,9.1,234.65,8,54652,15,137.42,15
18,2025,7,22,540.35,22,24.56,573.21,13.86,254.26,9,33417,20,134.31,19
18,2025,8,16,427.71,16,26.73,433.93,4.22,274.2,10,30137,15,140.34,15
18,2025,9,22,674.43,22,30.66,684.93,0.0,217.75,7,51549,22,192.94,19
18,2025,10,14,304.87,14,21.78,307.37,0.0,92.0,3,18835,14,104.96,12
18,2025,11,19,475.61,19,25.03,476.61,0.0,162.0,7,26300,18,114.96,16
18,2025,12,12,342.85,12,28.57,344.35,0.0,117.0,4,18600,12,89.14,11
18,2025,13,18,591.69,18,32.87,596.19,0.0,187.75,7,29956,18,171.65,18
18,2025,14,14,350.03,14,25.0,350.03,0.0,177.25,6,21490,14,111.66,10
18,2025,15,10,291.39,10,29.14,291.39,0.0,91.25,3,18298,10,103.11,9
18,2025,16,17,458.46,17,26.97,458.46,0.0,212.0,9,30511,17,136.9,16
18,2025,17,20,447.08,20,22.35,447.08,0.0,207.75,7,33451,17,114.66,16
18,2025,18,14,273.0,14,19.5,277.83,3.33,223.25,9,17017,14,85.07,13
18,2025,19,24,670.55,24,27.94,702.7,29.15,318.5,10,34818,24,136.61,18
18,2025,20,20,544.96,20,27.25,545.96,0.0,293.5,12,35539,20,177.79,18
18,2025,21,15,418.55,15,27.9,421.55,2.0,286.23,9,21709,15,95.41,14
18,2025,22,19,443.06,19,23.32,446.94,3.38,284.24,11,28082,18,112.13,14
18,2025,23,17,405.54,16,25.35,407.04,0.0,199.83,8,29643,16,107.73,15
18,2025,24,16,472.64,16,29.54,480.37,7.23,189.02,7,32967,16,135.93,16
18,2025,25,9,192.24,8,24.03,228.18,17.94,79.74,4,17443,8,64.08,7
18,2025,26,19,445.71,19,23.46,485.24,10.03,279.91,11,25130,18,121.47,14
18,2025,27,12,378.12,12,31.51,378.12,0.0,170.75,6,25069,12,124.68,12
18,2025,28,14,389.94,14,27.85,462.59,20.15,143.0,6,30836,13,112.47,12
18,2025,29,10,313.56,10,31.36,320.87,5.81,131.25,4,18221,10,92.84,9
18,2025,30,18,467.72,18,25.98,484.83,15.11,316.35,11,28131,17,106.97,15
18,2025,31,14,298.5,14,21.32,305.0,5.0,140.5,5,19638,14,78.49,10
18,2025,32,11,360.99,11,32.82,465.99,15.0,142.25,7,19671,10,112.41,9
18,2025,33,10,227.94,10,22.79,228.01,0.07,66.25,3,17818,10,74.17,9
18,2025,34,20,610.45,20,30.52,664.95,7.0,195.75,8,41821,20,188.79,16
18,2025,35,23,732.55,23,31.85,739.2,6.15,320.1,11,44345,23,237.8,22
18,2025,36,18,529.7,18,29.43,571.7,5.0,35.75,2,35913,17,157.85,15
18,2025,37,11,308.49,11,28.04,348.14,7.15,90.75,4,18961,11,103.01,10
18,2025,38,12,362.65,12,30.22,368.47,5.32,183.75,6,22013,12,106.03,10
18,2025,39,19,712.09,19,37.48,726.99,13.9,251.75,7,42175,19,233.24,16
18,2025,40,28,623.81,27,23.1,667.93,4.12,280.0,12,43304,27,190.67,24
18,2025,41,8,190.04,8,23.75,191.04,0.0,30.75,1,12375,8,50.66,7
18,2025,42,11,278.71,11,25.34,328.21,2.0,159.0,7,16108,9,73.55,8
18,2025,43,10,413.0,10,41.3,413.5,0.0,68.25,3,21718,10,149.52,10
18,2025,44,17,520.98,17,30.65,523.48,0.0,227.35,7,29001,17,177.07,17
18,2025,45,15,542.47,15,36.16,579.37,6.9,255.47,9,31632,15,180.58,15
18,2025,46,20,805.89,20,40.29,807.19,0.8,268.79,8,52194,20,269.2,19
18,2025,47,19,624.18,19,32.85,624.18,0.0,87.0,3,30265,19,169.44,18
18,2025,48,19,546.75,19,28.78,549.75,0.0,121.25,5,31186,18,171.26,16
18,2025,49,9,293.1,9,32.57,299.1,5.0,146.6,4,16678,9,83.13,7
18,2025,50,20,540.9,20,27.05,541.9,0.0,153.25,5,29639,20,181.09,20
18,2025,51,14,503.78,14,35.98,503.78,0.0,15.25,1,27580,14,157.03,14
18,2025,52,12,273.86,12,22.82,328.33,7.47,17.03,2,14172,11,78.53,8
18,2026,1,15,375.01,14,26.79,466.26,5.0,95.96,5,14608,13,113.75,9
18,2026,2,12,383.46,12,31.95,383.46,0.0,104.25,4,22914,12,129.11,12
18,2026,3,11,304.94,11,27.72,320.34,13.9,162.5,4,13537,10,64.55,9
18,2026,4,9,398.26,9,44.25,398.26,0.0,63.0,2,20193,9,129.38,8
18,2026,5,16,546.13,16,34.13,562.82,1.94,221.27,8,28030,16,184.65,15
18,2026,6,9,309.19,9,34.35,313.19,3.0,116.08,5,16368,9,99.16,8
18,2026,7,13,369.71,13,28.44,377.31,7.1,127.0,4,23389,13,106.41,10
18,2026,8,12,369.46,12,30.79,369.46,0.0,207.25,7,24571,12,112.62,10
18,2026,9,8,243.88,8,30.48,243.88,0.0,27.5,1,16041,8,79.08,7
18,2026,10,11,272.14,11,24.74,272.14,0.0,38.75,2,15908,11,62.48,9
18,2026,11,12,361.64,12,30.14,371.52,8.88,169.32,5,22250,12,100.94,11
18,2026,12,14,369.26,14,26.38,396.76,2.0,83.25,4,19351,14,115.1,12
18,2026,13,10,289.91,10,28.99,302.23,10.32,186.16,6,13308,10,57.1,7
18,2026,14,11,289.51,11,26.32,305.9,9.39,132.11,5,18348,11,83.79,10
18,2026,15,20,507.12,20,25.36,526.12,4.0,127.5,6,31188,20,174.79,18
18,2026,16,9,214.98,9,23.89,216.48,0.0,62.04,3,14221,8,50.71,7
18,2026,17,12,362.24,11,32.93,362.24,0.0,67.0,2,23317,11,114.8,10
18,2026,18,15,525.18,15,35.01,525.18,0.0,145.75,5,37430,15,182.01,14
18,2026,19,13,246.72,13,18.98,247.79,0.07,102.25,4,13619,13,60.06,10
18,2026,20,8,221.35,8,27.67,244.85,0.0,97.5,4,16535,8,66.7,7
18,2026,21,17,588.74,17,34.63,624.18,34.44,171.26,6,34054,17,141.2,13
18,2026,22,9,173.5,9,19.28,173.5,0.0,21.0,2,15656,9,46.28,8
19,2024,1,107,2650.82,105,25.25,2681.31,25.49,1038.02,41,193100,103,737.21,94
19,2024,2,98,2532.03,98,25.84,2625.63,10.1,914.25,36,183331,96,704.84,85
19,2024,3,109,2808.6,108,26.01,2915.15,25.05,1080.89,42,198495,107,833.07,98
19,2024,4,101,2719.72,101,26.93,2788.93,32.21,1054.67,37,202757,100,788.88,91
19,2024,5,104,2734.26,104,26.29,2777.06,37.8,865.5,31,195810,98,759.39,89
19,2024,6,101,2980.88,100,29.81,2993.53,6.65,1079.77,42,232209,97,846.64,93
19,2024,7,121,3063.15,121,25.32,3154.51,47.36,1074.48,41,229962,117,771.98,100
19,2024,8,118,3107.02,118,26.33,3356.8,49.33,884.53,31,199754,109,849.51,95
19,2024,9,119,3005.83,119,25.26,3022.8,6.53,1061.5,41,214581,113,784.7,105
19,2024,10,116,3423.9,116,29.52,3463.4,13.5,1375.05,50,272250,111,825.53,103
19,2024,11,107,3114.44,107,29.11,3214.77,48.33,1023.12,39,223744,104,764.37,91
19,2024,12,105,2822.09,105,26.88,2908.54,13.45,1077.25,41,208356,101,688.71,87
19,2024,13,116,2792.78,116,24.08,2826.63,16.85,978.95,40,186337,114,798.16,99
19,2024,14,123,3156.8,120,26.31,3303.12,29.82,910.33,34,210983,115,867.17,103
19,2024,15,105,2579.9,104,24.81,2701.31,61.91,965.96,40,172240,95,718.82,86
19,2024,16,104,2492.95,102,24.44,2575.16,20.71,944.53,39,189303,97,638.33,81
19,2024,17,131,3224.37,130,24.8,3282.23,29.93,1477.24,57,229708,122,872.73,102
19,2024,18,101,2386.65,99,24.11,2425.86,26.71,1035.99,43,168220,94,526.83,77
19,2024,19,86,2301.74,84,27.4,2364.37,17.13,865.73,35,172888,83,692.27,74
19,2024,20,84,1958.44,83,23.6,2065.29,34.85,700.42,28,148394,81,491.25,65
19,2024,21,99,2687.5,97,27.71,2777.61,27.11,1260.9,45,177560,92,711.44,79
19,2024,22,130,2953.03,127,23.25,3056.04,49.01,1156.41,51,172095,119,602.83,87
19,2024,23,128,3353.29,125,26.83,3433.41,35.37,1144.51,45,231622,122,793.82,88
19,2024,24,128,2992.28,125,23.94,3079.9,52.12,1127.06,45,194197,113,774.02,93
19,2024,25,95,2332.63,94,24.82,2392.58,47.45,753.86,30,154949,93,603.28,77
19,2024,26,90,2592.53,88,29.46,2617.16,14.63,1013.88,37,167727,88,663.97,75
19,2024,27,106,2679.68,103,26.02,2827.78,58.1,965.5,41,180235,100,631.03,75
19,2024,28,92,2378.65,91,26.14,2429.75,40.6,1112.37,44,173333,90,618.25,72
19,2024,29,98,2468.59,96,25.71,2499.44,17.05,828.78,34,178968,92,619.2,76
19,2024,30,92,2565.05,91,28.19,2613.92,13.87,862.19,34,183569,90,598.04,68
19,2024,31,87,2173.75,83,26.19,2229.66,29.91,1032.96,41,144175,82,532.66,64
19,2024,32,102,2545.84,100,25.46,2650.39,68.05,1003.25,39,155615,96,650.45,75
19,2024,33,105,2891.03,104,27.8,3128.99,40.21,922.97,33,176028,100,699.15,79
19,2024,34,120,3200.59,118,27.12,3233.8,25.71,1233.48,46,199232,113,907.48,94
19,2024,35,117,2761.03,116,23.8,2803.28,8.75,911.32,39,241965,114,752.43,100
19,2024,36,106,2765.62,104,26.59,2854.18,29.56,871.78,35,163622,102,701.96,80
19,2024,37,115,3393.78,115,29.51,3434.82,31.54,1094.48,41,258048,115,903.83,93
19,2024,38,109,3080.73,109,28.26,3161.55,32.82,1064.59,36,207922,106,873.45,95
19,2024,39,108,2800.84,108,25.93,2843.3,31.96,1123.22,45,193892,106,788.71,93
19,2024,40,102,2585.29,102,25.35,2666.29,42.5,1062.96,40,173960,100,680.69,80
19,2024,41,98,2446.01,98,24.96,2524.08,48.32,899.44,38,189326,97,683.71,82
19,2024,42,103,3005.27,101,29.76,3045.42,27.15,1192.75,40,188397,98,783.89,86
19,2024,43,88,2247.59,87,25.83,2334.67,56.58,998.0,38,169336,84,631.12,69
19,2024,44,90,2341.75,90,26.02,2419.65,25.9,959.93,39,225884,86,632.85,74
19,2024,45,110,2775.51,110,25.23,2866.97,56.46,1212.52,49,201850,110,729.85,94
19,2024,46,94,2396.85,93,25.77,2470.55,46.45,980.5,38,177296,91,692.26,81
19,2024,47,82,2149.03,82,26.21,2175.69,16.66,962.52,37,165931,81,666.43,73
19,2024,48,69,1706.37,69,24.73,1762.03,13.16,569.29,24,124448,69,498.89,62
19,2024,49,112,2886.58,111,26.01,2967.95,60.37,1187.12,47,280422,108,905.56,102
19,2024,50,74,1924.66,73,26.37,1954.15,27.49,896.26,36,127067,73,565.6,68
19,2024,51,101,2638.64,101,26.13,2660.92,6.28,1075.04,40,198380,100,774.7,94
19,2024,52,68,1927.0,68,28.34,1942.04,5.04,817.67,30,121372,67,584.26,63
19,2025,1,79,1948.9,78,24.99,2058.86,43.46,987.37,39,135281,78,589.6,73
19,2025,2,99,2569.99,98,26.22,2620.49,31.5,997.21,40,183833,96,728.89,90
19,2025,3,101,2588.02,101,25.62,2653.96,5.94,884.95,38,200528,100,724.62,90
19,2025,4,95,2572.63,94,27.37,2639.09,22.46,997.64,39,294992,93,751.79,83
19,2025,5,90,2208.76,88,25.1,2298.94,27.18,855.5,37,172059,88,661.38,81
19,2025,6,106,2651.98,105,25.26,2697.21,11.23,1226.93,50,272162,103,767.97,100
19,2025,7,89,2400.31,88,27.28,2439.79,27.98,966.0,37,182898,85,670.63,83
19,2025,8,83,1987.16,82,24.23,2025.04,32.88,1104.0,40,136690,77,561.22,72
19,2025,9,84,2396.68,84,28.53,2438.34,34.16,1197.41,43,219197,82,676.78,79
19,2025,10,81,1931.38,81,23.84,1957.99,22.11,814.01,30,150809,81,557.03,69
19,2025,11,90,2568.05,90,28.53,2704.63,59.08,1185.59,45,203961,88,750.96,85
19,2025,12,80,2019.43,80,25.24,2104.93,41.99,895.41,34,149497,78,571.51,72
19,2025,13,112,2905.3,112,25.94,3040.38,64.08,1210.24,48,209835,108,854.22,100
19,2025,14,78,2229.74,78,28.59,2252.84,17.1,1022.38,38,163396,76,640.31,72
19,2025,15,102,2518.29,102,24.69,2630.14,30.35,973.56,37,207621,97,738.07,92
19,2025,16,84,2333.91,84,27.78,2427.85,54.94,1002.61,39,179194,82,715.29,79
19,2025,17,97,2385.76,97,24.6,2432.45,38.69,1042.67,40,171483,92,645.64,80
19,2025,18,74,1876.02,74,25.35,2019.28,45.26,1001.79,40,142687,73,523.34,66
19,2025,19,115,2931.9,114,25.72,2989.62,37.72,1298.91,51,203393,112,843.73,102
19,2025,20,80,1869.33,80,23.37,1956.94,78.61,894.42,36,139579,78,523.0,67
19,2025,21,89,2306.47,89,25.92,2338.32,21.35,1212.65,47,159015,84,639.32,78
19,2025,22,95,2430.43,95,25.58,2497.14,51.21,1059.89,41,165356,92,656.59,84
19,2025,23,84,2246.11,84,26.74,2282.0,30.39,1048.13,39,161202,82,665.82,78
19,2025,24,100,2570.17,100,25.7,2634.45,38.03,1306.88,48,167987,96,736.41,89
19,2025,25,78,1991.88,77,25.87,2022.38,23.5,967.82,38,147234,76,559.51,72
19,2025,26,95,2325.1,95,24.47,2381.38,7.28,938.26,36,159652,93,695.51,81
19,2025,27,86,2193.49,86,25.51,2298.38,36.89,935.25,38,166080,84,634.74,75
19,2025,28,90,2358.39,90,26.2,2389.29,26.4,1040.11,40,172679,88,725.07,82
19,2025,29,88,2256.45,88,25.64,2380.72,78.02,884.83,36,204183,86,661.92,76
19,2025,30,84,2290.95,83,27.6,2310.95,13.5,858.13,34,205180,79,680.65,74
19,2025,31,93,2584.01,92,28.09,2621.16,22.15,1053.7,35,187444,91,785.81,85
19,2025,32,93,2412.1,92,26.22,2496.31,55.21,1168.77,42,171163,89,691.42,81
19,2025,33,85,2269.31,85,26.7,2341.44,27.63,972.33,36,167957,85,704.34,76
19,2025,34,91,2684.45,91,29.5,2768.53,44.08,1242.0,44,188181,86,784.77,79
19,2025,35,104,3151.79,103,30.6,3191.59,4.75,1196.57,47,261805,103,963.72,97
19,2025,36,88,2332.4,87,26.81,2355.2,19.3,999.33,39,160375,86,701.07,83
19,2025,37,93,2682.99,93,28.85,2749.3,53.81,1364.59,48,264903,92,812.89,88
19,2025,38,96,2951.18,96,30.74,3038.21,73.03,1339.35,44,193228,93,760.66,82
19,2025,39,99,2697.87,99,27.25,2800.23,47.69,1034.57,40,203977,95,782.07,89
19,2025,40,123,2843.13,122,23.3,2866.99,13.36,1472.35,59,199493,121,865.35,114
19,2025,41,91,2470.04,90,27.44,2626.97,50.68,1168.22,47,155353,88,749.37,79
19,2025,42,76,2139.13,76,28.15,2179.7,34.57,937.91,38,129961,72,622.52,67
19,2025,43,67,1867.57,67,27.87,1904.42,22.35,954.18,37,138578,66,560.07,63
19,2025,44,75,1794.44,75,23.93,1865.6,50.16,992.74,37,105819,73,502.29,66
19,2025,45,100,2818.22,99,28.47,2954.73,61.01,1093.99,43,167269,97,817.58,84
19,2025,46,80,2217.3,79,28.07,2277.59,33.29,987.32,42,142487,78,660.95,75
19,2025,47,95,2347.04,94,24.97,2489.28,96.74,1183.22,50,149526,93,696.8,84
19,2025,48,88,2071.21,88,23.54,2129.13,10.92,842.18,36,139063,83,659.99,78
19,2025,49,88,2527.5,88,28.72,2636.84,35.19,1083.8,43,178998,86,778.9,82
19,2025,50,91,2533.1,90,28.15,2664.69,62.84,1114.94,44,158560,88,755.36,82
19,2025,51,95,2543.02,95,26.77,2674.24,117.22,1228.88,46,169310,92,743.41,85
19,2025,52,72,2179.46,72,30.27,2229.28,27.82,945.63,37,130858,71,645.39,63
19,2026,1,74,1978.02,74,26.73,2004.17,20.15,992.67,39,157701,73,599.44,67
19,2026,2,80,2307.26,80,28.84,2404.3,33.04,844.43,33,149450,80,738.03,73
19,2026,3,105,2878.52,105,27.41,2924.33,37.81,1120.23,42,181889,104,858.18,95
19,2026,4,80,1881.1,79,23.81,1923.77,28.42,934.76,38,132957,77,570.37,70
19,2026,5,93,2383.95,93,25.63,2541.54,89.59,1017.65,42,149527,93,685.12,82
19,2026,6,95,2793.09,95,29.4,2908.03,37.94,1151.22,44,177209,93,839.61,88
19,2026,7,86,2293.24,86,26.67,2402.64,57.35,1105.78,46,151039,86,739.2,81
19,2026,8,68,2090.29,68,30.74,2130.1,27.81,871.25,32,125758,67,664.5,64
19,2026,9,83,2411.28,83,29.05,2528.98,62.7,1043.0,42,147529,82,712.96,74
19,2026,10,93,2613.43,93,28.1,2685.3,30.12,1212.23,44,240531,93,788.86,88
19,2026,11,85,2216.59,84,26.39,2240.98,14.89,1163.3,42,142873,83,652.78,78
19,2026,12,88,2082.18,88,23.66,2129.87,36.69,1061.39,43,134245,88,619.08,80
19,2026,13,69,1980.37,69,28.7,2093.54,50.17,1015.62,34,128136,69,616.12,65
19,2026,14,73,1841.62,73,25.23,1933.47,15.35,812.54,36,119593,71,568.44,64
19,2026,15,66,1590.07,66,24.09,1616.77,21.7,859.6,32,106785,62,472.55,61
19,2026,16,89,2599.71,89,29.21,2655.95,46.74,1463.56,52,156603,88,738.42,76
19,2026,17,66,1878.96,66,28.47,1913.49,18.73,1004.17,37,122980,66,561.86,62
19,2026,18,65,1635.54,64,25.56,1698.87,41.83,970.66,38,123120,64,489.65,61
19,2026,19,71,1740.65,71,24.52,1842.85,23.7,907.61,36,117891,67,487.65,60
19,2026,20,74,2121.7,74,28.67,2367.42,67.47,1170.69,40,129223,72,595.31,66
19,2026,21,75,1974.26,75,26.32,2072.57,27.81,1077.34,43,127227,73,577.3,67
19,2026,22,86,2090.23,85,24.59,2232.56,67.08,1223.04,48,147594,83,610.57,78
2,2024,1,884,19045.36,883,21.57,19694.65,312.88,12308.49,495,1390513,867,5344.92,775
2,2024,2,750,16792.55,750,22.39,17229.08,282.59,11532.38,463,1360989,733,4683.44,668
2,2024,3,776,17090.68,774,22.08,17459.95,279.62,11285.84,440,1624562,763,4671.17,685
2,2024,4,868,19114.03,859,22.25,19717.73,330.2,12511.32,497,1446847,844,5379.96,778
2,2024,5,921,19261.87,915,21.05,19873.06,243.53,12858.3,523,1398330,890,5342.1,816
2,2024,6,888,18897.97,886,21.33,19353.16,340.18,12757.94,506,1424573,876,5289.96,798
2,2024,7,929,19808.55,923,21.46,20315.29,264.73,13002.6,540,1423725,902,5747.93,831
2,2024,8,828,17721.81,824,21.51,18324.17,353.36,11806.1,477,1260670,806,5213.47,740
2,2024,9,899,19042.47,891,21.37,19675.09,294.92,11874.09,498,1434242,870,5116.71,789
2,2024,10,892,19524.04,891,21.91,20315.1,341.05,12807.81,518,1351287,876,5350.45,793
2,2024,11,960,20470.53,955,21.44,21297.36,448.33,13678.8,552,1585723,937,5866.68,850
2,2024,12,929,19817.3,922,21.49,20400.65,302.2,12921.78,507,1476295,903,5377.5,812
2,2024,13,868,18277.48,863,21.18,18731.12,254.59,11926.91,486,1258735,847,5165.81,760
2,2024,14,923,19826.29,913,21.72,20501.56,395.25,12434.42,495,1464894,893,5507.83,801
2,2024,15,773,15759.44,768,20.52,16401.17,326.23,10529.88,430,1222797,756,4369.48,665
2,2024,16,1039,22519.46,1033,21.8,23274.15,349.78,15229.36,611,1743022,1004,6134.24,888
2,2024,17,966,20490.79,960,21.34,21223.93,347.48,14176.53,566,1569971,939,5771.02,841
2,2024,18,979,21123.39,974,21.69,21801.13,376.49,14930.37,589,1721124,959,6056.77,864
2,2024,19,952,21203.3,948,22.37,21883.92,427.54,14195.66,567,1626984,934,5965.75,842
2,2024,20,971,21277.64,965,22.05,21760.99,324.85,14375.6,584,1590777,947,6231.11,856
2,2024,21,965,21538.27,961,22.41,22289.74,368.42,13921.15,548,1832868,942,6128.84,855
2,2024,22,966,21245.94,955,22.25,22047.9,400.54,13771.06,562,1494683,933,5847.63,830
2,2024,23,968,20587.2,955,21.56,21332.24,384.54,13858.97,556,1687937,939,5944.68,842
2,2024,24,910,20085.3,906,22.17,20742.66,299.82,12878.15,510,1523910,889,5719.78,800
2,2024,25,890,18921.06,886,21.36,19620.35,294.18,12317.56,501,1441103,869,5425.7,776
2,2024,26,870,19651.99,858,22.9,20280.17,360.78,12758.78,524,1389403,848,6008.96,784
2,2024,27,898,19628.15,896,21.91,20367.33,365.63,12648.29,508,1551904,883,5888.56,813
2,2024,28,951,20415.28,944,21.63,21020.09,259.81,12899.63,529,1641992,929,6013.45,833
2,2024,29,908,20050.05,901,22.25,20815.25,352.94,12461.29,521,1566554,886,5893.13,801
2,2024,30,879,20152.95,874,23.06,20703.01,314.16,12989.76,515,1422274,860,6023.78,791
2,2024,31,961,22389.16,954,23.47,22970.89,239.21,14289.61,555,1573722,941,6665.67,862
2,2024,32,860,19475.06,858,22.7,20038.82,286.26,12770.43,507,1416166,852,5839.1,792
2,2024,33,888,20343.9,883,23.04,20823.0,266.85,12823.61,527,1522777,874,6197.42,823
2,2024,34,888,20388.18,887,22.99,21081.78,320.6,13277.4,531,1509311,877,6319.29,826
2,2024,35,946,21582.52,942,22.91,22344.21,405.64,14184.79,566,1818935,933,6491.44,858
2,2024,36,915,21582.33,911,23.69,22212.63,385.8,13929.11,545,1657104,901,6533.24,835
2,2024,37,946,20569.36,940,21.88,21039.98,345.11,14473.75,575,1544361,933,6264.62,836
2,2024,38,941,21554.21,929,23.2,22219.54,448.83,14300.81,559,1656652,909,6265.11,843
2,2024,39,973,21725.79,966,22.49,22457.72,440.43,14935.03,592,1627784,953,6473.01,878
2,2024,40,977,21961.19,976,22.5,22470.41,296.97,15086.17,608,1651180,958,6542.39,892
2,2024,41,928,21295.79,924,23.05,21836.44,350.15,14332.09,563,1770446,911,6398.3,841
2,2024,42,875,20089.58,870,23.09,20492.19,270.56,13918.63,546,1541853,857,5940.61,804
2,2024,43,883,20025.84,875,22.89,20509.84,302.89,13815.49,536,1493802,854,6010.84,787
2,2024,44,1019,22291.41,1011,22.05,22952.09,438.93,14788.75,579,1970223,998,6659.26,910
2,2024,45,927,20495.65,924,22.18,21045.3,315.93,12725.1,508,1646070,914,6180.65,843
2,2024,46,869,19656.76,865,22.72,20417.64,404.63,13280.59,515,1458222,852,5933.79,790
2,2024,47,908,20434.48,904,22.6,20975.56,331.33,13578.7,520,1506291,898,6132.15,799
2,2024,48,871,19874.91,864,23.0,20446.19,273.34,12004.72,483,1551372,854,6018.9,784
2,2024,49,940,21829.95,929,23.5,22409.23,366.53,14405.84,564,1570480,917,6126.7,858
2,2024,50,936,20579.18,924,22.27,21480.24,386.06,13547.79,536,1812059,913,6215.97,826
2,2024,51,863,18500.32,858,21.56,18865.17,221.84,12234.98,498,1320776,850,5438.81,787
2,2024,52,766,17162.77,761,22.55,17448.98,159.71,11193.71,437,1118965,742,5394.32,697
2,2025,1,839,18638.0,834,22.35,19022.59,197.08,12613.41,496,1181100,826,5579.74,762
2,2025,2,947,21317.04,941,22.65,21774.59,242.04,14167.29,559,1532973,931,6513.58,861
2,2025,3,865,20175.04,857,23.54,20532.91,250.36,12941.44,503,1428830,846,6273.28,802
2,2025,4,783,18120.96,783,23.14,18566.35,292.14,11791.89,468,1427367,777,5534.33,728
2,2025,5,930,21268.48,923,23.04,22001.07,410.4,14300.16,552,1547284,914,6582.41,855
2,2025,6,960,21515.53,956,22.51,22138.69,401.16,15230.53,607,1493263,948,6688.92,897
2,2025,7,882,20189.15,878,22.99,20698.91,372.91,13932.64,552,1341631,867,6122.95,815
2,2025,8,907,21035.48,904,23.27,21514.6,327.62,14421.76,561,1515006,899,6555.24,847
2,2025,9,959,22671.46,957,23.69,23229.06,350.1,14960.08,586,1496039,953,7072.7,885
2,2025,10,961,21861.14,955,22.89,22474.47,262.83,14952.87,580,1493926,947,6825.11,880
2,2025,11,975,21817.39,971,22.47,22395.4,299.59,14672.0,596,1590349,963,6805.58,898
2,2025,12,1001,22936.27,998,22.98,23521.16,329.37,15832.69,628,1506944,988,7098.25,936
2,2025,13,911,21733.82,904,24.04,22315.89,347.32,14846.79,575,1522002,900,6795.21,835
2,2025,14,918,21632.07,915,23.64,22188.27,291.2,14025.38,556,1411722,910,6607.26,848
2,2025,15,1028,23458.04,1020,23.0,24246.29,385.75,16265.37,632,1943693,1005,7160.17,942
2,2025,16,940,22268.16,938,23.74,23087.21,347.55,15028.25,593,1819044,930,6892.37,876
2,2025,17,969,22240.22,965,23.05,22813.97,322.74,15083.02,602,1600763,959,6807.34,882
2,2025,18,974,22185.43,970,22.87,22813.82,334.39,14935.9,584,1877667,958,6525.61,902
2,2025,19,1023,23406.67,1023,22.88,23837.02,292.85,15932.35,629,1791096,1009,7303.49,948
2,2025,20,1008,23961.34,1004,23.87,24414.28,307.94,16795.13,656,1875982,998,7254.55,946
2,2025,21,963,22065.99,954,23.13,22661.11,325.13,15585.7,612,1655855,947,6825.43,890
2,2025,22,920,21325.26,917,23.26,22007.05,332.79,14788.54,578,1693545,910,6285.56,845
2,2025,23,954,22646.44,950,23.84,23357.51,292.2,15937.51,626,1730801,943,6939.24,899
2,2025,24,968,22853.34,964,23.71,23386.97,352.88,15676.02,618,1670862,956,6857.93,908
2,2025,25,903,20805.22,899,23.14,21346.42,341.45,15084.58,595,1686694,895,6363.96,835
2,2025,26,978,21482.47,973,22.08,22201.98,389.5,15066.31,600,1663826,960,6599.78,891
2,2025,27,795,18047.63,790,22.85,18472.99,275.86,13156.17,525,1292663,781,5540.75,738
2,2025,28,973,22248.23,969,22.96,22726.37,301.14,15519.97,611,1747855,959,6871.67,904
2,2025,29,903,20813.04,903,23.05,21610.1,434.1,15041.52,585,1517563,891,6434.88,831
2,2025,30,910,20700.71,906,22.85,21302.36,340.15,14618.28,570,1638134,894,6330.9,830
2,2025,31,1018,22558.66,1014,22.25,23409.87,372.45,15826.16,629,1707592,996,6882.67,947
2,2025,32,932,21132.68,927,22.8,21847.06,394.88,15016.42,583,1617552,918,6449.43,861
2,2025,33,975,23083.14,969,23.82,23625.78,423.64,16903.35,618,1773765,962,6950.53,906
2,2025,34,951,22792.51,947,24.07,23496.45,372.44,16025.52,616,1624608,934,7038.11,878
2,2025,35,980,21833.33,975,22.39,22544.62,393.2,15472.84,597,1677512,968,6670.52,884
2,2025,36,935,20538.85,930,22.08,21480.14,360.67,14957.19,586,1531864,916,6336.22,855
2,2025,37,973,22780.11,968,23.53,23451.8,406.92,15973.45,624,1642433,963,7006.5,905
2,2025,38,1022,23719.07,1019,23.28,24397.23,434.99,17228.67,645,1796629,1005,7106.03,926
2,2025,39,1013,23143.34,1000,23.14,23751.29,385.45,16622.89,640,1639461,993,7059.72,915
2,2025,40,834,18629.73,830,22.45,19314.27,317.79,12603.43,503,1408410,824,5730.04,776
2,2025,41,729,15836.34,726,21.81,16665.69,475.6,9798.93,405,1195621,713,4668.03,653
2,2025,42,682,14189.54,674,21.05,15264.89,467.1,9024.59,367,986778,662,4288.34,571
2,2025,43,623,12516.94,616,20.32,13023.43,293.24,7557.3,324,956056,612,3714.78,555
2,2025,44,683,14302.14,677,21.13,14708.86,251.72,8489.12,344,1011199,667,4341.79,615
2,2025,45,717,15355.93,711,21.6,15833.63,304.2,9845.06,386,1039071,703,4658.18,644
2,2025,46,681,14449.51,680,21.25,15182.6,325.82,8856.15,344,1153501,667,4212.49,587
2,2025,47,719,14758.67,711,20.76,15300.49,307.63,8135.72,354,1070978,704,4460.16,637
2,2025,48,637,12521.16,628,19.94,12900.84,264.93,7184.02,309,896871,619,3818.27,569
2,2025,49,697,15632.43,695,22.49,16309.49,465.31,10320.55,408,1044661,684,4412.53,624
2,2025,50,750,15733.34,742,21.2,16347.73,404.63,10207.27,414,1115259,735,4607.42,664
2,2025,51,732,15303.02,725,21.11,15793.34,315.87,9189.8,391,1107282,722,4615.71,657
2,2025,52,593,12181.97,588,20.72,12720.16,392.68,7114.84,287,730222,585,3733.4,527
2,2026,1,574,12177.91,566,21.52,12554.86,236.94,6922.2,296,1025979,559,3759.0,517
2,2026,2,667,14333.44,663,21.62,14837.34,229.65,9445.71,379,925665,657,4462.17,608
2,2026,3,662,14066.41,655,21.48,14691.5,327.54,8882.79,372,1029113,652,4340.63,603
2,2026,4,579,12300.3,568,21.66,12697.55,235.89,7637.68,293,944501,566,3622.06,517
2,2026,5,703,13508.49,694,19.46,14081.66,332.59,8136.84,348,986833,686,3805.15,628
2,2026,6,683,14435.6,680,21.23,15091.84,292.49,9257.98,369,1171294,668,4131.15,605
2,2026,7,683,14442.38,679,21.27,14868.77,244.39,8324.86,344,1224182,673,4374.63,581
2,2026,8,607,13192.91,598,22.06,13706.55,354.12,7869.27,339,1061868,595,4009.87,552
2,2026,9,720,14117.88,713,19.8,14643.26,288.32,8402.69,361,968037,705,4262.95,660
2,2026,10,679,13737.19,678,20.26,14371.03,308.93,8791.39,383,974950,672,4186.26,612
2,2026,11,698,14632.78,696,21.02,15148.73,305.56,9085.17,379,1065557,685,4220.78,635
2,2026,12,709,13642.28,706,19.32,14308.95,373.27,8666.28,369,926593,693,3838.08,641
2,2026,13,713,13258.82,704,18.83,13786.5,248.68,7633.79,324,1030272,696,3728.92,632
2,2026,14,688,13552.65,684,19.81,13957.12,236.97,8254.96,344,1087865,676,4004.66,609
2,2026,15,719,15515.21,715,21.7,16020.53,308.82,9560.23,387,1150108,706,4585.23,649
2,2026,16,670,12973.07,662,19.6,13670.52,331.8,8503.76,359,886995,646,3698.07,592
2,2026,17,699,13212.68,693,19.07,13903.85,312.47,7906.11,352,867304,680,3884.93,626
2,2026,18,721,14735.51,715,20.61,15336.73,297.67,8571.25,378,1030091,705,4208.97,657
2,2026,19,718,14566.58,716,20.34,15271.35,363.11,9610.59,415,1058728,704,4111.35,640
2,2026,20,706,14642.14,700,20.92,15092.61,257.78,9853.01,405,1039690,692,4187.74,641
2,2026,21,684,13646.32,681,20.04,14310.43,363.11,8825.3,378,1011210,671,3943.02,616
2,2026,22,638,11815.67,629,18.78,12381.48,263.06,7457.23,321,924928,615,3333.07,557
20,2024,1,10,288.45,10,28.84,307.05,16.1,180.0,5,10818,10,65.72,9
20,2024,2,20,510.16,20,25.51,546.23,31.07,225.63,9,33260,18,131.13,19
20,2024,3,22,471.22,22,21.42,517.43,45.21,284.93,13,31573,21,112.8,18
20,2024,4,25,607.08,25,24.28,617.14,9.06,168.51,7,51022,23,148.98,21
20,2024,5,10,175.18,10,17.52,219.31,24.63,23.18,2,14436,10,38.74,8
20,2024,6,20,408.87,20,20.44,420.87,11.0,132.85,6,29483,19,82.21,18
20,2024,7,19,410.78,19,21.62,450.39,29.61,189.28,7,45692,19,87.81,14
20,2024,8,20,318.5,20,15.93,326.05,6.55,125.25,6,22113,14,106.72,15
20,2024,9,15,396.02,15,26.4,405.9,9.88,97.11,4,84042,15,100.29,13
20,2024,10,18,444.35,18,24.69,509.5,13.15,97.58,5,30761,17,132.34,16
20,2024,11,16,363.31,16,22.71,363.31,0.0,76.0,4,29844,16,79.34,13
20,2024,12,23,451.26,23,19.62,479.9,7.64,211.05,10,31733,20,145.39,19
20,2024,13,27,595.63,27,22.06,599.88,3.75,106.75,4,45726,21,183.76,21
20,2024,14,20,421.77,20,21.09,425.2,3.43,166.92,7,28109,16,100.58,16
20,2024,15,14,406.31,14,29.02,416.81,0.0,220.25,9,25618,13,127.67,12
20,2024,16,21,414.27,19,21.8,426.25,11.48,193.71,8,27017,19,109.92,16
20,2024,17,17,392.05,17,23.06,402.92,10.37,275.38,13,30638,16,116.44,15
20,2024,18,18,546.89,18,30.38,580.54,28.15,290.15,9,24839,16,105.4,14
20,2024,19,14,356.93,14,25.5,377.11,6.18,143.12,6,20404,12,73.78,10
20,2024,20,14,289.8,14,20.7,315.0,24.2,155.76,5,10444,11,51.48,8
20,2024,21,20,525.19,19,27.64,575.28,40.59,369.44,12,32069,18,99.35,14
20,2024,22,20,432.65,19,22.77,477.38,15.73,233.01,11,28139,19,96.9,15
20,2024,23,14,334.95,14,23.93,365.95,21.0,186.7,7,16053,13,75.88,10
20,2024,24,13,444.12,13,34.16,461.13,12.51,144.63,5,27292,13,118.48,12
20,2024,25,23,554.95,23,24.13,614.52,35.57,250.38,9,30942,23,139.03,18
20,2024,26,25,606.67,24,25.28,614.52,7.35,119.25,7,31245,23,100.07,16
20,2024,27,22,387.27,22,17.6,403.82,13.05,141.02,6,28286,21,86.59,17
20,2024,28,13,342.65,12,28.55,352.46,9.81,39.46,2,22530,12,99.97,12
20,2024,29,25,508.17,24,21.17,531.76,20.59,210.25,8,25807,20,141.9,16
20,2024,30,14,386.6,14,27.61,434.71,20.61,140.93,4,26296,13,107.36,10
20,2024,31,29,665.52,28,23.77,694.22,23.7,400.92,16,44664,28,182.06,23
20,2024,32,16,540.41,16,33.78,575.35,32.94,325.85,7,23758,16,85.68,11
20,2024,33,17,378.11,16,23.63,413.07,23.21,164.47,6,19280,15,77.96,10
20,2024,34,20,557.31,20,27.87,606.81,4.0,230.53,10,35409,20,173.61,17
20,2024,35,22,578.97,22,26.32,597.87,14.4,194.71,8,34892,21,160.44,17
20,2024,36,9,196.82,9,21.87,197.82,0.0,55.28,3,12624,9,65.74,8
20,2024,37,21,780.37,21,37.16,799.87,15.0,509.83,11,47529,21,342.04,17
20,2024,38,21,393.02,21,18.72,443.62,3.6,68.31,3,24170,21,85.77,16
20,2024,39,14,348.01,14,24.86,368.04,18.03,210.62,7,18496,14,78.07,11
20,2024,40,11,219.58,11,19.96,226.27,6.19,130.33,6,18339,10,67.72,8
20,2024,41,16,503.94,16,31.5,560.82,15.88,197.69,7,28678,15,143.03,13
20,2024,42,21,429.0,20,21.45,475.23,9.23,171.26,8,27864,20,131.61,14
20,2024,43,16,432.79,15,28.85,454.91,21.12,181.9,6,25743,14,105.22,12
20,2024,44,13,353.75,13,27.21,406.35,10.1,177.75,6,20918,13,103.59,12
20,2024,45,12,304.67,12,25.39,310.17,5.0,139.01,5,19079,12,74.83,10
20,2024,46,13,287.33,13,22.1,295.42,7.59,123.77,6,17822,13,80.18,10
20,2024,47,20,420.21,20,21.01,423.19,2.48,150.5,7,30867,20,117.98,18
20,2024,48,13,447.45,13,34.42,457.45,10.0,66.25,2,25043,12,114.71,12
20,2024,49,16,305.34,16,19.08,319.62,11.28,62.03,3,19295,16,84.95,14
20,2024,50,15,367.16,15,24.48,392.72,21.06,217.91,9,25403,15,104.12,14
20,2024,51,14,315.25,14,22.52,323.13,7.38,127.75,5,25362,14,97.93,13
20,2024,52,10,252.47,10,25.25,271.64,11.17,62.22,4,14473,9,71.62,8
20,2025,1,14,278.42,14,19.89,340.52,8.6,56.27,4,19350,13,68.06,8
20,2025,2,23,640.71,23,27.86,668.09,21.38,228.06,9,37562,22,141.78,18
20,2025,3,8,211.0,8,26.38,226.92,14.92,116.75,4,10739,8,38.51,6
20,2025,4,14,307.08,14,21.93,326.68,17.6,106.48,4,21159,14,93.27,11
20,2025,5,19,455.96,18,25.33,480.68,16.22,138.52,7,25346,18,125.4,15
20,2025,6,10,269.34,10,26.93,272.66,3.32,100.14,4,17982,10,95.67,8
20,2025,7,15,342.29,15,22.82,355.98,5.69,103.58,4,25061,15,85.33,13
20,2025,8,20,449.25,19,23.64,458.95,6.2,180.05,9,28475,19,155.77,17
20,2025,9,15,447.72,15,29.85,454.72,4.0,108.52,5,31294,14,125.89,13
20,2025,10,10,336.85,10,33.69,337.85,0.0,104.09,4,27261,10,97.74,10
20,2025,11,13,396.75,13,30.52,398.25,0.0,146.68,5,29726,13,131.35,12
20,2025,12,13,269.31,13,20.72,279.66,5.85,189.53,8,20824,13,64.49,10
20,2025,13,18,438.86,18,24.38,450.99,11.13,149.57,6,25608,17,93.31,14
20,2025,14,16,327.94,16,20.5,347.68,12.24,160.84,7,25279,16,109.95,14
20,2025,15,15,304.01,15,20.27,314.62,8.11,155.47,8,20458,14,87.64,14
20,2025,16,19,418.26,19,22.01,439.85,17.59,202.59,11,24412,19,105.6,17
20,2025,17,17,443.06,17,26.06,479.38,13.07,166.25,7,27414,15,113.08,13
20,2025,18,18,392.83,18,21.82,404.93,10.1,125.13,5,21414,18,90.46,16
20,2025,19,17,381.17,17,22.42,402.87,18.2,153.25,4,17972,15,73.1,9
20,2025,20,14,293.92,14,20.99,312.8,16.38,210.42,9,20142,14,76.03,13
20,2025,21,14,346.7,14,24.76,364.09,14.89,280.4,11,21531,14,96.43,13
20,2025,22,25,597.77,25,23.91,633.41,31.14,373.21,16,30662,23,148.8,23
20,2025,23,25,670.64,25,26.83,676.64,0.0,381.89,16,49225,25,212.29,25
20,2025,24,15,354.25,15,23.62,368.88,11.63,134.73,7,25731,15,104.12,14
20,2025,25,22,534.96,22,24.32,568.12,26.66,421.45,16,35672,22,137.46,20
20,2025,26,18,485.66,18,26.98,492.5,4.34,135.55,6,34379,18,135.65,18
20,2025,27,11,345.39,11,31.4,376.81,29.92,197.47,6,19448,11,73.47,9
20,2025,28,22,623.34,22,28.33,639.56,14.22,222.59,7,30411,20,130.16,16
20,2025,29,11,392.94,11,35.72,402.34,6.4,131.5,4,16863,11,87.46,9
20,2025,30,18,392.11,18,21.78,457.04,8.43,178.09,7,28291,18,98.56,12
20,2025,31,16,443.64,16,27.73,451.51,6.37,105.68,4,30467,15,145.19,15
20,2025,32,16,411.0,16,25.69,485.32,38.57,283.25,10,23512,16,93.74,13
20,2025,33,18,483.07,18,26.84,513.57,17.5,200.44,8,26462,17,114.45,15
20,2025,34,17,383.35,17,22.55,391.62,6.27,200.56,9,28522,17,117.43,15
20,2025,35,20,688.66,20,34.43,781.99,59.33,310.33,10,39217,20,178.25,16
20,2025,36,12,297.87,12,24.82,298.37,0.0,86.42,4,24972,12,94.14,9
20,2025,37,18,481.44,18,26.75,518.29,29.85,261.19,10,30332,16,130.37,15
20,2025,38,23,542.27,23,23.58,578.02,27.75,262.23,10,28253,23,132.49,16
20,2025,39,20,512.11,20,25.61,625.12,46.76,291.82,12,32719,20,133.58,18
20,2025,40,20,507.21,19,26.7,521.16,11.95,135.63,5,30317,19,148.97,18
20,2025,41,16,475.33,16,29.71,487.07,4.73,276.47,9,26195,15,118.92,14
20,2025,42,15,331.1,15,22.07,339.6,6.0,246.69,10,17392,14,82.5,12
20,2025,43,17,448.04,17,26.36,490.09,36.05,327.96,13,27880,17,121.65,17
20,2025,44,27,822.78,27,30.47,869.88,14.6,273.64,13,33376,24,121.47,19
20,2025,45,8,219.54,8,27.44,238.04,16.5,92.0,3,12755,8,73.68,8
20,2025,46,24,601.92,24,25.08,692.07,31.15,274.17,11,35095,24,185.24,20
20,2025,47,11,370.55,11,33.69,376.23,5.18,102.51,4,27774,10,103.09,8
20,2025,48,12,342.41,11,31.13,351.66,8.25,138.87,4,20375,11,119.52,11
20,2025,49,29,735.86,29,25.37,797.83,20.47,370.01,15,37194,28,194.77,25
20,2025,50,25,632.23,25,25.29,675.59,38.86,381.98,14,45263,25,216.65,24
20,2025,51,36,988.44,36,27.46,1038.77,31.83,426.73,15,65181,36,281.29,29
20,2025,52,23,506.03,23,22.0,531.32,12.29,183.35,8,26117,21,148.35,17
20,2026,1,28,692.52,28,24.73,735.23,35.21,257.5,8,36251,28,204.85,24
20,2026,2,20,644.14,20,32.21,673.64,27.0,215.39,6,34382,18,210.08,17
20,2026,3,30,769.66,30,25.66,808.91,30.75,316.37,11,40290,29,252.83,25
20,2026,4,23,590.2,23,25.66,638.18,42.98,376.2,12,26087,23,161.52,21
20,2026,5,34,1057.79,34,31.11,1149.56,73.26,488.86,19,58390,32,332.21,30
20,2026,6,33,903.77,32,28.24,985.82,37.05,346.31,14,56412,30,305.89,26
20,2026,7,17,409.75,17,24.1,473.75,10.0,169.85,6,23940,16,124.84,13
20,2026,8,21,621.72,21,29.61,697.29,67.07,417.33,13,26773,21,188.95,20
20,2026,9,23,430.96,23,18.74,459.86,26.9,260.21,12,28742,23,122.96,19
20,2026,10,18,411.21,18,22.85,417.21,5.0,246.21,11,26667,18,129.71,18
20,2026,11,29,884.15,29,30.49,905.47,18.32,423.45,13,53116,29,262.95,25
20,2026,12,33,895.13,33,27.13,938.95,37.82,590.24,22,45334,33,241.69,28
20,2026,13,21,544.53,21,25.93,593.15,43.12,298.18,10,34299,21,157.46,17
20,2026,14,21,486.82,21,23.18,513.89,17.57,227.77,9,27333,20,140.12,18
20,2026,15,20,580.88,20,29.04,631.25,46.87,285.38,9,36097,19,170.18,17
20,2026,16,23,648.12,23,28.18,699.55,47.43,372.77,14,41321,22,166.6,18
20,2026,17,25,517.76,25,20.71,592.97,29.46,244.19,12,27134,25,125.17,20
20,2026,18,18,490.65,18,27.26,528.67,27.02,391.15,14,32001,17,141.67,17
20,2026,19,19,462.26,18,25.68,514.94,18.68,176.65,8,28528,18,171.8,17
20,2026,20,30,774.51,30,25.82,835.88,24.62,331.11,13,46840,29,194.1,26
20,2026,21,22,500.17,22,22.73,515.71,8.54,388.0,15,34553,22,116.23,20
20,2026,22,24,461.38,24,19.22,493.94,27.56,355.72,17,29929,24,115.12,20
21,2024,1,232,4423.57,231,19.15,4798.28,153.71,2573.86,110,211324,206,1275.37,181
21,2024,2,204,4434.34,204,21.74,4881.95,222.11,2212.51,89,283281,186,1094.51,163
21,2024,3,263,6053.36,261,23.19,6441.63,244.02,3421.19,134,359982,237,1684.44,218
21,2024,4,233,5493.89,230,23.89,5709.64,186.75,3391.14,129,329517,217,1459.65,198
21,2024,5,248,5432.91,248,21.91,5711.77,195.36,3461.99,135,281500,217,1540.19,200
21,2024,6,230,5292.07,230,23.01,5546.57,167.71,3374.94,139,331695,214,1600.12,196
21,2024,7,230,5107.69,226,22.6,5378.37,198.43,3200.2,124,289255,213,1485.59,192
21,2024,8,222,5181.88,221,23.45,5520.59,231.21,2982.93,120,252513,212,1495.45,196
21,2024,9,245,5621.92,244,23.04,6051.17,205.75,3295.59,134,318886,221,1687.31,201
21,2024,10,238,7365.03,236,31.21,7940.61,279.99,3342.72,119,267350,223,1594.04,203
21,2024,11,264,5674.39,261,21.74,6248.43,333.54,3134.13,136,273753,229,1562.46,204
21,2024,12,282,5252.12,278,18.89,5753.57,308.2,3160.27,134,250820,231,1460.44,193
21,2024,13,247,5130.01,245,20.94,5395.81,170.3,2797.86,116,265086,214,1385.99,188
21,2024,14,214,4745.2,213,22.28,5039.74,141.04,2416.35,93,237116,179,1281.82,164
21,2024,15,197,4918.84,196,25.1,5629.2,217.85,2667.88,102,231557,179,1258.9,153
21,2024,16,242,5304.6,240,22.1,5731.52,273.92,3070.92,134,269960,219,1383.67,192
21,2024,17,231,5055.91,228,22.18,5491.89,289.23,3228.98,140,270007,214,1371.02,185
21,2024,18,262,5888.18,256,23.0,6475.53,339.35,3804.96,154,301937,237,1593.88,209
21,2024,19,231,5464.89,229,23.86,5860.18,292.78,3327.17,125,291939,216,1453.26,196
21,2024,20,234,5007.66,232,21.58,5520.46,285.8,3216.47,135,272265,219,1338.91,188
21,2024,21,277,6875.82,275,25.0,7624.37,443.7,4347.94,157,329430,251,1849.37,207
21,2024,22,237,5416.31,234,23.15,5926.72,260.16,3109.47,128,260992,227,1414.1,188
21,2024,23,273,6154.13,269,22.88,7024.51,659.63,3875.81,154,404672,250,1576.47,209
21,2024,24,211,5382.43,208,25.88,6090.66,413.74,3614.34,125,302077,199,1348.93,157
21,2024,25,233,5462.93,229,23.86,6043.2,294.02,3474.05,128,274441,216,1529.88,184
21,2024,26,253,5576.24,250,22.3,6156.48,250.15,3235.47,134,320562,235,1698.8,208
21,2024,27,245,5770.2,242,23.84,6333.12,393.42,3696.3,138,290745,221,1613.46,186
21,2024,28,199,5042.78,196,25.73,5358.39,213.36,2756.04,102,269985,184,1534.14,167
21,2024,29,196,4809.51,195,24.66,5493.24,314.73,2807.03,106,262512,188,1434.73,158
21,2024,30,177,4498.9,177,25.42,4899.98,229.16,2759.28,99,231632,171,1383.96,159
21,2024,31,224,5620.65,220,25.55,6463.75,379.1,3619.72,127,283107,212,1651.27,184
21,2024,32,217,5533.34,214,25.86,6239.48,412.64,3862.49,130,294978,210,1609.16,185
21,2024,33,197,4850.2,195,24.87,5335.91,296.96,3260.21,111,246622,187,1474.92,163
21,2024,34,212,5177.52,210,24.65,5614.6,255.83,3315.74,123,322544,206,1667.89,177
21,2024,35,236,5726.69,233,24.58,6236.65,314.95,3849.18,139,289105,225,1664.7,197
21,2024,36,248,6038.34,244,24.75,6507.93,315.59,3871.7,142,350783,231,1897.16,204
21,2024,37,245,6160.02,244,25.25,6643.26,319.24,3862.87,145,291246,232,1724.86,201
21,2024,38,221,5788.44,220,26.31,6392.25,403.81,4318.74,149,276950,212,1628.68,186
21,2024,39,286,6759.27,283,23.88,7367.49,358.72,4355.97,166,329309,270,1890.8,226
21,2024,40,239,6064.4,237,25.59,6449.2,251.3,3299.65,116,283225,231,1625.73,200
21,2024,41,258,6031.05,254,23.74,6607.34,334.04,3792.51,138,298157,235,1637.7,205
21,2024,42,248,6082.44,244,24.93,6529.67,319.73,3732.1,137,299302,229,1749.65,206
21,2024,43,242,6266.86,241,26.0,6756.37,294.51,3621.31,134,315892,231,1810.72,194
21,2024,44,212,5311.07,211,25.17,5814.56,217.99,3363.68,129,250989,205,1549.35,188
21,2024,45,255,6444.06,252,25.57,7018.29,364.48,4096.02,140,306338,238,1894.17,219
21,2024,46,218,5584.47,216,25.85,6199.66,406.44,3707.25,134,266681,205,1573.54,181
21,2024,47,254,6074.3,246,24.69,6772.1,340.3,4007.58,151,309144,235,1921.26,216
21,2024,48,203,4304.2,199,21.63,4627.15,207.2,2616.44,111,204480,185,1239.74,165
21,2024,49,235,5823.55,233,24.99,6394.43,421.79,3743.69,137,304822,220,1548.33,192
21,2024,50,216,5336.02,216,24.7,5786.1,374.58,3519.31,133,263957,208,1588.85,188
21,2024,51,246,5232.04,245,21.36,5610.43,282.12,3154.07,118,326541,209,1471.99,178
21,2024,52,209,5108.65,206,24.8,5465.21,208.11,3073.45,111,214420,193,1529.64,173
21,2025,1,270,5575.88,268,20.81,5963.09,220.71,2947.74,116,260539,262,1671.82,187
21,2025,2,211,5066.35,208,24.36,5266.57,124.22,3237.3,130,294000,202,1692.94,192
21,2025,3,249,5804.5,247,23.5,6116.07,237.57,3431.66,140,308838,238,1859.18,211
21,2025,4,252,5991.15,251,23.87,6440.34,342.19,3842.0,151,306293,218,1834.09,200
21,2025,5,284,6291.63,279,22.55,6739.69,204.81,3536.05,150,287451,262,1863.13,228
21,2025,6,261,6373.31,260,24.51,6866.85,285.54,3740.72,147,300730,247,1932.53,223
21,2025,7,225,5272.86,225,23.43,5657.47,233.36,3731.21,153,252899,221,1609.44,202
21,2025,8,261,6185.12,259,23.88,6683.28,296.16,4245.3,171,283314,250,1939.04,226
21,2025,9,209,5775.16,207,27.9,6217.62,307.96,3052.28,114,290217,199,1753.83,183
21,2025,10,244,6143.52,240,25.6,6517.07,266.55,3870.95,144,288302,234,1922.4,211
21,2025,11,246,6328.49,246,25.73,6917.92,313.93,4259.1,165,320182,240,1802.52,211
21,2025,12,271,6141.08,271,22.66,6710.71,367.13,4125.73,166,309144,256,1782.12,229
21,2025,13,197,4796.36,196,24.47,5301.37,273.76,2741.0,112,208113,183,1560.88,171
21,2025,14,211,5216.82,211,24.72,5553.04,259.72,3138.49,120,242290,203,1548.55,185
21,2025,15,269,5998.51,267,22.47,6454.16,271.9,3613.16,143,359097,254,1775.52,231
21,2025,16,244,5728.95,243,23.58,6197.09,329.89,3689.48,150,280473,233,1736.65,215
21,2025,17,262,6659.73,261,25.52,7046.47,287.24,3976.27,159,288586,251,1735.0,225
21,2025,18,253,5969.24,248,24.07,6350.95,241.71,3655.41,139,294821,235,1723.24,210
21,2025,19,243,5581.66,242,23.06,5894.09,232.43,3649.06,137,283461,230,1578.02,204
21,2025,20,330,8140.59,326,24.97,8875.46,595.37,6071.47,212,440514,315,1910.98,275
21,2025,21,272,6456.67,270,23.91,6986.61,311.93,4578.45,179,394041,265,1792.62,240
21,2025,22,298,6808.76,296,23.0,7460.39,435.72,4486.55,185,353060,284,1816.31,254
21,2025,23,268,6567.69,268,24.51,7136.12,385.18,4701.92,176,340483,255,1706.86,234
21,2025,24,324,7780.09,324,24.01,8424.32,490.72,5567.5,207,399717,306,2048.07,271
21,2025,25,258,6214.04,253,24.56,6827.36,387.24,4335.1,164,312051,248,1574.42,224
21,2025,26,205,5642.35,203,27.79,6225.9,432.05,3809.26,136,273277,194,1393.25,173
21,2025,27,204,5359.37,203,26.4,6009.5,405.13,3747.29,135,266970,200,1463.74,176
21,2025,28,218,5878.06,216,27.21,6362.26,374.7,3690.21,122,280092,207,1551.22,184
21,2025,29,272,6229.14,266,23.42,6777.34,340.7,3982.21,154,350429,255,1616.14,215
21,2025,30,215,5312.38,215,24.71,5911.69,329.31,3385.47,132,275870,207,1348.74,178
21,2025,31,237,6135.82,235,26.11,6673.56,346.74,4145.2,148,320130,227,1673.73,198
21,2025,32,246,7346.33,245,29.99,8107.21,556.13,4786.62,143,364460,238,1910.2,203
21,2025,33,219,5591.06,217,25.77,6090.3,228.24,3679.67,139,281308,213,1584.42,198
21,2025,34,216,5293.91,211,25.09,5617.07,207.16,3084.29,124,297915,208,1516.65,183
21,2025,35,227,5618.43,224,25.08,5972.14,261.71,3384.92,123,271537,220,1627.49,199
21,2025,36,221,5612.51,220,25.51,6024.71,279.7,3597.74,132,265067,213,1703.31,194
21,2025,37,252,6162.63,250,24.65,6989.84,457.21,3525.26,135,323661,234,1663.11,205
21,2025,38,296,7007.17,295,23.75,7778.32,421.39,4738.74,163,353439,269,1803.42,232
21,2025,39,253,6295.72,252,24.98,6803.48,350.76,3819.55,137,290383,239,1522.52,210
21,2025,40,218,5325.45,217,24.54,5766.98,265.28,3098.21,119,245136,202,1364.41,177
21,2025,41,192,4754.14,191,24.89,5136.18,212.79,2802.48,107,223564,184,1177.3,159
21,2025,42,223,5486.03,221,24.82,5982.77,421.74,3449.95,114,233416,209,1250.43,177
21,2025,43,177,4292.38,174,24.67,4726.93,257.55,2893.5,110,206320,166,1132.71,149
21,2025,44,227,5257.0,226,23.26,5913.86,321.81,3677.46,145,253758,217,1296.38,188
21,2025,45,173,4162.89,172,24.2,4592.37,260.48,2509.81,92,202713,167,1214.42,148
21,2025,46,217,5020.1,216,23.24,5491.99,261.86,2916.87,116,251380,200,1324.76,179
21,2025,47,185,4785.5,183,26.15,5187.64,220.73,2392.87,89,256825,175,1367.29,159
21,2025,48,185,4176.8,181,23.08,4502.06,202.82,2519.36,99,207954,166,1193.51,154
21,2025,49,267,6690.05,266,25.15,7144.11,279.56,4301.12,170,379822,258,1711.07,236
21,2025,50,244,6199.23,242,25.62,6990.12,607.39,3628.83,134,306026,230,1482.72,205
21,2025,51,217,4720.56,215,21.96,5020.22,206.41,2953.69,130,232308,206,1283.78,185
21,2025,52,152,3652.26,152,24.03,3878.44,130.93,1784.71,69,173146,147,1074.41,128
21,2026,1,133,3037.34,131,23.19,3413.12,204.53,1805.98,73,133759,129,821.01,111
21,2026,2,159,3934.01,159,24.74,4224.85,160.34,2198.17,91,190272,154,1150.08,142
21,2026,3,185,5024.69,181,27.76,5688.04,420.54,3078.37,102,248920,169,1169.67,145
21,2026,4,180,4168.21,177,23.55,4480.3,250.81,2426.86,100,215093,165,1195.7,155
21,2026,5,205,4396.19,201,21.87,4697.4,225.46,2844.79,122,283489,194,1303.58,177
21,2026,6,192,4368.81,187,23.36,4766.08,236.27,2423.86,103,207391,184,1189.1,166
21,2026,7,219,4838.44,214,22.61,5124.55,200.96,2759.49,98,276054,195,1297.33,163
21,2026,8,149,3438.86,148,23.24,3747.24,163.88,1792.57,74,169872,145,1027.82,135
21,2026,9,185,5037.14,183,27.53,5531.47,233.58,2642.84,105,197869,174,1214.28,152
21,2026,10,195,4914.85,193,25.47,5367.11,319.85,2822.32,93,207593,185,1196.05,166
21,2026,11,247,5112.28,245,20.87,5584.27,247.87,3479.7,146,269527,227,1359.03,202
21,2026,12,225,4950.53,224,22.1,5316.28,239.45,3257.99,140,234621,215,1369.36,196
21,2026,13,175,3487.15,172,20.27,3771.84,195.69,1918.91,87,172211,167,943.16,148
21,2026,14,217,4713.08,217,21.72,5287.21,352.63,3159.36,132,284969,207,1157.19,183
21,2026,15,179,4201.32,176,23.87,4718.37,247.8,2886.15,111,197285,168,1055.62,147
21,2026,16,203,4868.61,201,24.22,5388.89,387.78,3672.61,129,256657,190,1246.46,172
21,2026,17,203,4146.35,201,20.63,4392.21,174.61,2829.6,120,222296,199,1095.72,175
21,2026,18,218,5390.3,217,24.84,5794.59,184.54,3473.49,121,227344,213,1295.59,186
21,2026,19,230,5292.44,227,23.31,5780.9,326.21,3791.54,147,282494,224,1406.55,194
21,2026,20,285,6405.41,283,22.63,6826.8,314.89,4540.89,182,329659,271,1703.9,250
21,2026,21,270,6138.63,266,23.08,6903.5,402.53,4306.54,176,368659,260,1611.69,234
21,2026,22,276,6202.65,273,22.72,7039.05,391.4,4349.66,180,380507,265,1681.78,239
22,2024,1,410,8827.82,409,21.58,9592.45,477.08,5636.86,259,468859,399,2337.46,333
22,2024,2,457,9499.42,456,20.83,10743.98,842.56,6417.06,309,586505,437,2385.22,360
22,2024,3,472,9993.3,472,21.17,11003.27,846.47,7636.54,348,561269,462,2781.66,407
22,2024,4,528,10705.49,522,20.51,11880.24,843.49,7666.0,353,635912,504,2950.87,438
22,2024,5,460,9910.04,457,21.68,10736.86,614.17,6489.19,280,597200,436,2528.27,376
22,2024,6,488,10159.08,488,20.82,11407.85,753.5,7131.06,318,601121,474,2836.47,413
22,2024,7,544,11469.87,541,21.2,12497.63,795.26,7702.07,352,617542,519,3176.28,450
22,2024,8,492,10431.63,490,21.29,11423.58,750.7,7059.83,320,596215,481,2676.74,403
22,2024,9,465,10001.54,461,21.7,10891.53,612.99,6660.42,304,648989,443,2672.71,389
22,2024,10,490,9716.25,485,20.03,10906.83,866.83,7066.07,334,518331,474,2492.57,398
22,2024,11,618,11874.71,612,19.4,13410.82,1034.36,8653.3,427,658454,594,3041.17,489
22,2024,12,581,12211.03,574,21.27,13791.03,1105.93,8840.57,392,636832,552,3764.98,461
22,2024,13,454,9634.11,451,21.36,10931.66,762.55,7102.38,306,487700,433,2585.6,369
22,2024,14,567,11518.84,560,20.57,12689.11,842.77,7813.65,362,702482,532,3049.91,461
22,2024,15,480,9750.48,476,20.48,10797.75,736.02,7026.11,324,513235,457,2699.52,389
22,2024,16,595,12203.02,588,20.75,13520.05,923.78,9273.75,427,667882,571,3214.46,490
22,2024,17,589,11784.84,588,20.04,12967.74,791.96,8720.97,424,713496,571,3311.05,489
22,2024,18,586,12393.4,580,21.37,13724.67,1033.87,9024.24,415,748147,553,3409.8,486
22,2024,19,597,12630.71,587,21.52,13952.1,901.46,8986.89,399,713660,555,3345.71,482
22,2024,20,622,12114.11,616,19.67,14067.09,1305.58,9130.19,433,679934,598,2908.09,484
22,2024,21,611,12242.69,603,20.3,13919.71,1141.02,9218.17,428,713107,582,3254.37,501
22,2024,22,607,12419.32,600,20.7,13658.05,914.23,9530.85,435,668678,587,3239.44,498
22,2024,23,610,13022.94,596,21.85,14504.79,1076.0,9706.44,433,734392,583,3498.76,495
22,2024,24,694,14141.45,681,20.77,16021.83,1412.38,10311.1,486,775424,665,3560.53,542
22,2024,25,604,12453.05,600,20.76,14316.32,1201.27,9156.05,430,676910,584,3031.64,472
22,2024,26,543,11162.4,534,20.9,12856.38,1117.23,8206.11,382,654684,518,2868.46,438
22,2024,27,443,9156.42,441,20.76,9983.6,587.68,6231.44,286,563993,433,2427.88,354
22,2024,28,516,11130.28,509,21.87,12239.27,887.44,8179.28,358,608550,501,2896.39,405
22,2024,29,510,10957.72,504,21.74,12374.82,879.72,7821.7,348,628214,489,2923.44,413
22,2024,30,496,9713.65,489,19.86,10858.57,725.06,6600.32,300,551226,477,2534.26,377
22,2024,31,484,11006.81,478,23.03,12302.01,971.69,7904.58,324,548807,464,2728.91,378
22,2024,32,477,10818.23,471,22.97,12530.62,1012.89,8471.29,345,518928,458,2759.65,365
22,2024,33,478,9719.47,473,20.55,10777.24,663.02,7155.56,310,528997,464,2541.99,370
22,2024,34,476,10048.92,473,21.25,11117.59,649.17,7355.46,328,554153,464,2792.59,380
22,2024,35,542,11711.88,535,21.89,13219.57,911.44,8626.26,367,610055,526,3242.94,428
22,2024,36,478,10371.66,476,21.79,11176.15,577.96,7358.62,330,540018,462,2909.54,388
22,2024,37,521,10665.25,516,20.67,11844.88,749.54,7710.74,350,613996,505,2993.68,428
22,2024,38,573,13450.96,569,23.64,15170.84,1100.13,10254.92,400,682527,551,3296.8,455
22,2024,39,503,11351.91,495,22.93,12794.89,919.73,8117.44,325,703830,482,2900.65,395
22,2024,40,499,11714.02,496,23.62,12732.85,676.08,8160.49,316,651435,481,2932.59,399
22,2024,41,509,11419.88,500,22.84,12643.45,960.32,8994.37,366,623439,490,3024.27,412
22,2024,42,569,12967.53,564,22.99,14549.46,1028.43,9510.4,409,734639,551,3482.06,463
22,2024,43,572,12938.11,565,22.9,14468.98,1089.87,9463.78,407,705677,553,3428.78,484
22,2024,44,515,11523.84,513,22.46,12733.19,836.35,8359.27,341,580500,502,3208.14,435
22,2024,45,574,12358.56,568,21.76,13911.12,1020.01,9311.07,394,669133,561,3514.29,487
22,2024,46,596,12826.16,593,21.63,14350.64,1091.47,9172.09,401,824758,579,3361.98,492
22,2024,47,592,14150.35,592,23.9,15873.84,1269.94,10540.51,421,739607,578,3549.14,481
22,2024,48,464,10104.89,458,22.06,11407.59,769.8,6916.6,292,545934,451,2926.08,378
22,2024,49,616,12813.06,607,21.11,14116.48,1009.13,9471.68,435,840394,592,3601.36,522
22,2024,50,681,13633.17,678,20.11,15527.63,1330.46,10628.04,517,784440,664,3535.52,586
22,2024,51,554,11313.93,551,20.53,12566.65,870.72,8216.77,387,659560,538,3153.77,466
22,2024,52,348,8148.32,346,23.55,8752.41,494.59,5551.57,227,370860,335,2285.71,290
22,2025,1,444,9670.13,436,22.18,10578.49,662.86,6969.96,303,575761,431,2830.35,380
22,2025,2,402,8682.17,399,21.76,9467.21,553.54,6022.78,263,442195,396,2556.06,351
22,2025,3,418,9625.24,417,23.08,10779.77,786.53,6413.5,288,598967,414,2748.38,366
22,2025,4,463,10304.26,458,22.5,11470.35,840.34,7188.37,312,542172,449,2807.26,381
22,2025,5,434,9414.47,431,21.84,10382.07,720.85,7165.36,314,481905,425,2803.83,372
22,2025,6,478,10885.76,478,22.77,11745.43,678.92,7642.52,317,571257,468,3042.19,414
22,2025,7,603,12122.68,600,20.2,13328.24,791.06,9070.95,415,647297,591,3448.67,511
22,2025,8,540,11997.18,536,22.38,13120.81,794.37,8402.84,375,714046,528,3220.1,459
22,2025,9,564,11539.23,559,20.64,12664.57,825.84,9001.53,406,681139,556,3331.55,493
22,2025,10,529,11292.23,528,21.39,12367.15,784.92,8231.09,366,621420,519,3320.22,470
22,2025,11,696,14124.2,693,20.38,15644.61,1090.4,11386.0,535,831704,682,3988.94,612
22,2025,12,596,11946.96,591,20.21,13503.38,1087.4,9633.68,445,645731,581,3166.57,515
22,2025,13,494,10559.42,492,21.46,11546.33,738.4,7855.64,336,632597,484,2955.94,421
22,2025,14,587,11953.13,581,20.57,13371.76,984.12,8807.71,413,682114,568,3292.04,498
22,2025,15,558,12159.83,555,21.91,13519.32,895.24,9078.12,395,710326,545,3308.89,467
22,2025,16,581,11991.28,579,20.71,13526.71,954.98,9199.11,415,681027,568,3141.85,503
22,2025,17,616,12487.64,614,20.34,14042.53,1040.39,10209.01,462,644220,600,3333.84,520
22,2025,18,569,12150.48,566,21.47,13749.91,939.16,9422.13,419,670749,559,3298.5,504
22,2025,19,632,13479.76,629,21.43,15112.09,1044.58,10326.27,477,777850,625,3559.5,558
22,2025,20,831,17509.43,826,21.2,19740.82,1592.89,14424.46,655,1044742,815,4437.43,721
22,2025,21,725,15308.5,724,21.14,17369.87,1294.12,12708.26,568,874980,715,3920.81,643
22,2025,22,697,14801.47,692,21.39,16427.79,1128.81,12163.93,546,914691,681,3858.63,631
22,2025,23,783,16376.9,778,21.05,18197.48,1225.39,13211.81,613,971447,772,4163.88,698
22,2025,24,765,16451.51,759,21.68,18168.19,1242.18,13374.01,610,1054753,749,4162.84,667
22,2025,25,828,17191.26,826,20.81,18954.76,1252.0,14582.9,669,951707,810,4463.06,744
22,2025,26,718,15840.72,714,22.19,17869.28,1317.05,12721.63,564,875912,699,4019.55,632
22,2025,27,480,9686.04,475,20.39,10833.29,736.75,7481.69,338,571542,468,2511.1,401
22,2025,28,518,10702.0,514,20.82,11931.89,820.39,7772.37,358,598556,506,2745.29,441
22,2025,29,553,12055.47,551,21.88,13190.04,811.07,9177.39,407,640421,540,3030.51,477
22,2025,30,528,10509.25,524,20.06,11967.03,952.52,8315.67,386,656569,515,2666.55,445
22,2025,31,546,12069.59,544,22.19,13763.6,1024.66,10084.53,419,673721,534,3088.18,465
22,2025,32,510,11107.2,505,21.99,12492.76,946.06,8661.26,376,570023,498,2547.91,427
22,2025,33,618,13263.85,612,21.67,15008.58,1213.98,10616.88,475,847546,601,3098.41,535
22,2025,34,521,11692.22,517,22.62,13184.0,970.53,8680.99,366,720490,507,2890.74,430
22,2025,35,597,13155.51,593,22.18,14863.63,1046.17,10114.1,440,689768,588,3319.71,517
22,2025,36,488,10184.04,485,21.0,11356.89,772.08,7968.0,351,572925,474,2569.96,399
22,2025,37,547,12112.71,545,22.23,13262.96,884.06,8624.35,387,631117,532,2942.25,470
22,2025,38,715,15047.64,708,21.25,16864.24,1162.63,11389.2,517,777757,686,3403.14,594
22,2025,39,627,13008.06,625,20.81,14317.02,838.21,10304.81,482,736395,618,3424.92,555
22,2025,40,573,12208.3,572,21.34,13454.58,868.28,9297.5,438,714095,566,3074.13,514
22,2025,41,537,11872.9,528,22.49,13391.39,1101.24,9318.34,398,584241,516,2690.28,448
22,2025,42,629,13658.08,626,21.82,15372.94,1104.11,10496.16,483,818535,620,3335.0,556
22,2025,43,564,11861.49,562,21.11,13276.33,866.09,8801.46,422,603218,553,2884.71,491
22,2025,44,613,13497.9,611,22.09,15043.53,1008.84,10211.24,489,753527,606,3352.14,548
22,2025,45,491,9973.77,487,20.48,11139.22,892.92,7549.02,340,508537,478,2348.5,400
22,2025,46,482,10782.41,479,22.51,12167.13,912.66,7439.39,350,559295,470,2634.13,417
22,2025,47,511,10456.6,508,20.58,11797.38,965.53,7627.49,377,595216,496,2631.02,451
22,2025,48,399,8089.96,395,20.48,9388.49,833.91,5840.86,281,442184,391,1963.12,347
22,2025,49,795,16085.77,791,20.34,17779.41,1261.61,13064.52,643,1012510,778,4056.57,722
22,2025,50,722,14318.07,722,19.83,16129.7,1241.13,11226.57,578,850350,713,3489.3,653
22,2025,51,641,11900.24,635,18.74,13416.6,1028.36,9261.89,487,712931,627,3201.08,568
22,2025,52,313,6577.79,312,21.08,7412.97,608.18,5067.74,227,326271,306,1859.59,279
22,2026,1,326,6481.67,325,19.94,7211.28,578.61,4376.43,200,353890,322,1593.28,276
22,2026,2,411,8205.31,410,20.01,9166.45,668.85,5957.26,302,519669,402,2236.99,368
22,2026,3,493,9440.23,492,19.19,10474.22,732.37,7454.45,390,557489,487,2600.41,446
22,2026,4,466,9013.24,464,19.43,10413.84,853.85,6641.47,342,498696,457,2321.03,404
22,2026,5,471,9313.91,467,19.94,10482.95,717.93,6792.46,338,516958,459,2255.55,410
22,2026,6,456,9530.25,452,21.08,11006.73,899.38,6970.58,329,475948,444,2375.5,394
22,2026,7,359,7196.65,354,20.33,8041.09,590.47,5356.25,251,431362,346,1894.4,308
22,2026,8,423,8976.1,419,21.42,10061.66,783.09,6449.27,283,455235,409,2315.75,364
22,2026,9,462,9811.66,458,21.42,11150.91,903.55,7396.69,339,528254,444,2509.76,388
22,2026,10,502,10552.91,499,21.15,11749.93,877.77,7587.84,346,567029,486,2619.46,424
22,2026,11,713,14158.12,710,19.94,16045.73,1102.17,11094.7,556,835783,699,3369.39,626
22,2026,12,792,15419.06,785,19.64,17213.26,1224.95,12914.52,653,839281,775,3728.9,717
22,2026,13,525,10546.9,520,20.28,12275.32,1057.1,8494.15,406,498462,500,2357.13,437
22,2026,14,524,10972.73,522,21.02,12233.11,887.16,8360.2,412,535018,511,2434.2,462
22,2026,15,545,10943.06,541,20.23,12366.19,866.2,8640.63,411,634605,532,2607.73,468
22,2026,16,640,12852.04,635,20.24,14830.55,1147.91,10420.95,503,696355,620,2853.47,543
22,2026,17,588,11935.31,584,20.44,13309.53,824.64,9667.92,460,638323,577,2810.2,507
22,2026,18,660,12497.75,657,19.02,14085.56,999.31,10068.53,514,714464,644,3066.59,590
22,2026,19,687,13921.7,685,20.32,15829.41,1106.04,11622.3,557,782198,674,3382.67,620
22,2026,20,919,18075.81,916,19.73,20097.51,1231.7,15466.54,768,1019794,909,4217.12,831
22,2026,21,858,16847.14,853,19.75,18706.9,1249.97,14552.46,719,938094,844,3820.8,772
22,2026,22,836,16521.54,836,19.76,18133.66,952.61,14233.88,714,912133,823,3922.5,765
23,2024,1,77,1838.81,77,23.88,1873.39,25.58,813.82,36,167298,76,536.95,70
23,2024,2,81,1376.62,81,17.0,1445.91,45.54,776.49,40,168914,76,495.24,65
23,2024,3,96,2100.98,95,22.12,2267.89,53.41,1043.66,44,139458,92,605.54,84
23,2024,4,111,2429.59,111,21.89,2582.87,87.53,1210.93,53,162073,108,726.01,96
23,2024,5,99,2341.92,99,23.66,2382.7,33.28,1100.72,48,147659,97,802.18,90
23,2024,6,98,2165.47,97,22.32,2262.1,35.13,1119.87,51,137706,93,638.38,82
23,2024,7,97,2420.27,97,24.95,2501.58,34.81,1082.98,48,160200,95,752.85,89
23,2024,8,85,1733.12,85,20.39,1792.24,44.12,715.66,38,122884,83,531.75,76
23,2024,9,110,2577.46,109,23.65,2640.63,50.17,1201.76,52,177817,105,832.01,102
23,2024,10,117,2706.56,115,23.54,2782.04,59.98,692.27,31,176498,109,855.59,103
23,2024,11,109,2498.73,109,22.92,2556.98,48.75,1139.63,52,181072,108,763.02,98
23,2024,12,99,2330.87,99,23.54,2454.06,32.69,1076.21,45,158885,97,757.24,86
23,2024,13,93,2591.47,93,27.87,2609.25,11.78,892.37,38,149737,92,679.68,82
23,2024,14,114,2589.59,112,23.12,2703.55,41.96,949.99,47,158466,111,736.26,99
23,2024,15,100,2190.66,100,21.91,2331.79,69.15,1039.97,51,150768,99,743.05,92
23,2024,16,110,2363.21,109,21.68,2427.13,54.92,1327.24,59,155136,105,818.28,98
23,2024,17,111,2405.11,108,22.27,2549.3,68.69,1343.91,65,161937,105,805.91,94
23,2024,18,92,1926.87,89,21.65,2010.99,69.12,1154.77,52,131481,88,598.48,79
23,2024,19,97,2359.94,96,24.58,2437.53,70.59,1130.54,51,166614,94,794.56,88
23,2024,20,113,2431.15,113,21.51,2521.16,82.01,1271.91,59,167487,112,734.96,101
23,2024,21,117,2620.92,116,22.59,2766.74,120.82,1638.71,75,179677,113,776.01,101
23,2024,22,101,2050.15,100,20.5,2108.65,44.5,1269.83,60,142146,98,597.01,82
23,2024,23,110,2467.97,109,22.64,2535.75,57.28,1248.9,59,226943,108,723.08,91
23,2024,24,91,2025.86,90,22.51,2103.77,71.91,1064.02,44,121754,89,606.94,71
23,2024,25,88,1854.34,88,21.07,2013.5,68.41,851.17,41,121266,88,640.02,73
23,2024,26,99,2139.14,96,22.28,2239.55,82.41,987.88,47,134967,92,572.66,82
23,2024,27,96,2184.07,95,22.99,2280.88,71.31,1181.1,53,138400,91,686.18,81
23,2024,28,85,1739.86,84,20.71,1840.06,36.2,793.13,40,116305,79,504.83,70
23,2024,29,90,2169.0,90,24.1,2293.94,70.19,1112.45,50,127242,86,560.21,71
23,2024,30,97,2303.94,97,23.75,2385.42,34.67,940.88,41,140543,97,674.58,85
23,2024,31,98,2245.42,95,23.64,2399.32,104.9,1311.59,50,135085,93,594.45,83
23,2024,32,97,2240.19,95,23.58,2308.52,33.33,1007.32,47,149296,94,698.93,88
23,2024,33,84,2530.01,84,30.12,2610.85,53.84,1025.35,41,158939,81,774.66,67
23,2024,34,106,2861.3,106,26.99,3007.47,78.92,1525.77,60,161596,104,819.12,91
23,2024,35,99,2629.19,99,26.56,2710.52,71.33,1086.65,49,141188,95,789.75,83
23,2024,36,114,2603.49,114,22.84,2664.95,53.46,1478.45,64,175038,111,805.49,100
23,2024,37,91,2393.06,91,26.3,2442.49,34.43,1222.63,49,132249,91,710.6,82
23,2024,38,89,2062.46,89,23.17,2211.88,82.42,1156.91,54,140742,88,630.03,81
23,2024,39,94,2602.53,93,27.98,2662.64,51.11,1163.8,47,167160,93,810.97,85
23,2024,40,89,2461.04,89,27.65,2660.12,108.48,1144.09,42,187844,83,618.03,70
23,2024,41,89,2150.7,88,24.44,2204.98,38.28,1122.03,45,115832,85,630.01,75
23,2024,42,95,2249.96,95,23.68,2340.6,56.14,1372.07,58,139385,91,620.73,81
23,2024,43,70,1798.85,70,25.7,1960.8,59.95,951.52,39,108007,69,544.04,64
23,2024,44,100,2315.61,98,23.63,2386.03,62.42,1421.31,59,142156,97,671.34,91
23,2024,45,84,1946.26,84,23.17,1983.76,36.5,864.56,38,115625,79,580.92,74
23,2024,46,81,1851.47,80,23.14,1909.59,49.62,1103.5,46,186248,78,564.85,71
23,2024,47,102,2632.43,102,25.81,2680.3,36.87,1479.75,61,140808,101,720.54,95
23,2024,48,89,2201.63,89,24.74,2385.2,100.32,1218.38,50,116233,88,587.84,75
23,2024,49,94,2151.65,94,22.89,2268.27,48.62,1022.15,49,126064,93,676.26,85
23,2024,50,76,1593.19,76,20.96,1655.29,40.38,623.87,30,140747,75,481.21,68
23,2024,51,99,2170.6,99,21.93,2242.33,26.23,927.46,41,137600,93,671.56,86
23,2024,52,67,1455.42,67,21.72,1491.11,22.69,776.54,34,88045,66,452.55,57
23,2025,1,72,1523.35,71,21.46,1587.57,15.72,672.09,32,94185,68,458.74,63
23,2025,2,98,2317.28,98,23.65,2470.43,92.49,1452.0,64,124830,95,614.83,87
23,2025,3,79,1682.1,79,21.29,1738.98,42.88,1106.85,54,106741,79,517.2,75
23,2025,4,82,1618.71,82,19.74,1655.78,28.57,844.85,40,101928,81,437.67,64
23,2025,5,86,1855.55,84,22.09,1876.13,13.08,885.85,43,118913,82,540.21,72
23,2025,6,96,2214.37,95,23.31,2337.95,63.58,1072.01,50,127461,93,663.78,80
23,2025,7,99,2259.66,99,22.82,2330.96,53.8,1338.66,63,136446,98,655.64,93
23,2025,8,119,2817.42,119,23.68,2898.03,57.11,1697.95,74,172812,119,813.47,111
23,2025,9,105,2891.42,105,27.54,2948.18,40.76,1389.3,55,190658,105,897.26,99
23,2025,10,108,2731.69,107,25.53,2839.8,72.11,1370.87,57,151729,103,759.74,90
23,2025,11,101,2192.12,101,21.7,2369.37,52.5,1524.59,72,137925,99,607.71,91
23,2025,12,124,2901.49,123,23.59,2988.58,64.09,1711.63,76,189046,122,840.85,116
23,2025,13,71,1610.85,70,23.01,1699.17,29.81,821.03,36,89111,67,462.46,59
23,2025,14,112,2769.96,112,24.73,2889.84,61.88,1677.41,67,157000,106,812.85,97
23,2025,15,101,2450.07,101,24.26,2511.33,44.76,1472.5,58,232046,101,669.39,87
23,2025,16,102,2538.54,101,25.13,2587.34,34.3,1688.48,67,191299,99,679.13,90
23,2025,17,111,2877.31,111,25.92,2978.66,54.85,1441.61,62,211883,110,766.03,96
23,2025,18,93,2319.5,93,24.94,2374.24,38.74,1301.4,59,149616,92,610.27,81
23,2025,19,103,2484.63,103,24.12,2559.82,55.19,1477.14,65,156292,101,627.61,93
23,2025,20,158,4133.95,157,26.33,4355.78,136.33,2603.46,105,254442,155,1118.12,142
23,2025,21,130,2990.82,130,23.01,3131.16,43.34,1958.02,89,191567,130,843.82,117
23,2025,22,121,2900.21,120,24.17,2953.21,30.5,1640.7,75,200827,117,817.56,110
23,2025,23,134,3248.84,133,24.43,3419.16,48.32,2078.09,93,214062,129,850.55,114
23,2025,24,143,3357.07,142,23.64,3514.72,52.9,2454.9,108,216281,139,957.59,133
23,2025,25,131,3186.68,128,24.9,3344.4,113.72,2495.47,100,216576,122,834.52,115
23,2025,26,98,2204.05,96,22.96,2291.72,32.17,1312.92,61,141482,95,677.59,89
23,2025,27,92,2265.47,92,24.62,2331.05,37.58,1307.14,55,145895,89,607.48,79
23,2025,28,99,2472.91,98,25.23,2536.79,35.63,1199.36,52,164384,94,671.88,83
23,2025,29,102,2254.01,102,22.1,2301.71,36.2,1292.57,63,153383,101,596.79,91
23,2025,30,105,2301.34,105,21.92,2450.8,40.96,1211.83,51,147210,103,653.84,83
23,2025,31,99,2672.83,99,27.0,2749.14,47.31,1423.56,60,172152,97,818.38,89
23,2025,32,94,2576.55,93,27.7,2649.42,47.87,1119.68,45,155474,91,774.12,81
23,2025,33,112,2762.17,111,24.88,2868.01,61.84,1662.95,72,168259,111,812.16,102
23,2025,34,112,2821.12,112,25.19,2904.9,18.28,1588.54,67,181173,111,828.22,100
23,2025,35,112,2969.78,112,26.52,3103.93,42.15,1763.82,73,184139,109,828.84,102
23,2025,36,93,2525.48,93,27.16,2635.68,47.2,1302.49,49,129562,91,663.54,76
23,2025,37,103,2535.04,103,24.61,2596.73,42.1,1517.37,67,158450,103,724.95,96
23,2025,38,124,3244.65,120,27.04,3402.33,85.43,2000.12,80,178612,118,852.49,103
23,2025,39,108,2443.3,108,22.62,2494.94,36.14,1649.54,67,158119,104,711.71,96
23,2025,40,128,3332.83,127,26.24,3405.87,48.04,2181.61,94,194127,125,882.2,118
23,2025,41,109,2886.14,107,26.97,3001.82,56.38,1455.73,62,248256,103,835.57,96
23,2025,42,109,2751.99,109,25.25,2876.17,76.18,1524.38,67,169893,108,768.53,93
23,2025,43,103,2725.16,103,26.46,2840.38,60.97,1100.36,56,159980,103,765.9,90
23,2025,44,98,2528.09,96,26.33,2634.07,37.48,1209.66,54,132675,95,699.26,85
23,2025,45,88,2529.16,88,28.74,2611.9,43.99,1355.13,56,158621,88,796.85,83
23,2025,46,97,2734.62,97,28.19,2825.43,50.81,1317.8,51,145050,96,773.35,86
23,2025,47,83,2196.25,82,26.78,2310.61,54.86,1173.86,50,126718,81,630.72,75
23,2025,48,79,1776.78,79,22.49,1866.19,53.91,1187.25,55,94897,77,515.53,76
23,2025,49,129,3505.78,128,27.39,3587.72,45.44,2203.69,88,207657,126,997.17,119
23,2025,50,123,3375.15,123,27.44,3565.48,86.83,2000.74,78,178808,122,939.38,109
23,2025,51,110,2720.67,110,24.73,2862.24,63.07,1469.05,70,159273,108,768.1,102
23,2025,52,66,1670.92,66,25.32,1765.04,49.12,526.86,27,130487,65,501.41,58
23,2026,1,71,1756.87,71,24.74,1811.47,46.1,822.85,35,92427,71,516.54,60
23,2026,2,101,2836.11,101,28.08,2909.29,28.18,1042.75,45,163558,99,885.18,90
23,2026,3,101,2554.86,101,25.3,2622.77,48.91,1169.38,50,188372,97,731.29,85
23,2026,4,85,2287.32,85,26.91,2349.99,41.17,1061.18,46,115381,84,637.78,76
23,2026,5,96,2510.84,96,26.15,2564.63,36.29,1234.75,54,144020,96,731.77,87
23,2026,6,99,2840.13,97,29.28,2989.81,63.94,1056.97,41,143829,96,872.17,88
23,2026,7,111,2725.86,111,24.56,2796.09,19.73,1254.8,53,211171,109,844.14,99
23,2026,8,84,2398.79,84,28.56,2456.01,40.72,930.88,39,127598,80,740.45,73
23,2026,9,98,2555.34,98,26.07,2591.2,27.36,887.66,40,136334,96,731.53,87
23,2026,10,95,2783.28,95,29.3,2886.87,68.09,1282.62,45,149841,94,820.6,86
23,2026,11,122,3301.34,122,27.06,3365.15,39.81,1530.22,63,192854,122,978.98,115
23,2026,12,116,2840.53,115,24.7,2980.42,60.29,1767.03,77,155276,113,745.2,104
23,2026,13,68,1460.89,68,21.48,1642.33,57.94,867.77,42,86442,67,403.52,58
23,2026,14,99,2309.43,99,23.33,2370.69,48.76,1346.75,56,160328,99,632.45,88
23,2026,15,101,2339.85,101,23.17,2429.89,25.04,1183.99,58,150275,100,692.18,92
23,2026,16,108,2944.95,107,27.52,3017.38,35.43,1445.6,59,184610,106,736.67,95
23,2026,17,111,3109.83,111,28.02,3180.26,36.43,1614.97,71,204964,110,927.34,107
23,2026,18,105,2570.92,105,24.48,2699.62,70.7,1313.8,64,144416,104,724.46,94
23,2026,19,128,3284.15,128,25.66,3381.52,64.37,1868.91,79,211227,128,893.11,120
23,2026,20,156,3794.0,155,24.48,3856.4,25.4,2356.26,105,220445,151,995.18,140
23,2026,21,121,2613.03,119,21.96,2801.34,53.56,1574.8,73,162631,114,639.72,106
23,2026,22,124,2804.5,123,22.8,2890.12,21.12,1800.91,81,168045,122,698.54,110
24,2024,1,669,13756.06,669,20.56,15796.03,1014.26,9614.44,457,645477,636,3494.5,543
24,2024,2,746,14971.65,745,20.1,16992.62,1268.52,10651.94,538,826479,714,3561.23,589
24,2024,3,970,19271.5,969,19.89,21531.26,1863.02,14479.59,753,1025841,938,4709.6,807
24,2024,4,1053,19938.87,1051,18.97,22424.82,1914.15,14821.92,782,1220191,1020,4715.97,868
24,2024,5,839,15171.77,834,18.19,17371.27,1247.44,10876.07,577,832972,801,3998.01,703
24,2024,6,871,16808.6,869,19.34,18849.64,1373.4,12928.74,648,898005,839,4292.65,715
24,2024,7,903,16562.13,897,18.46,18680.68,1486.3,12561.18,664,953395,856,4327.09,763
24,2024,8,975,18503.76,970,19.08,30006.19,1826.33,13857.94,708,961371,939,4766.76,807
24,2024,9,1106,21318.56,1095,19.47,24110.28,1860.88,14828.43,759,1156903,1060,5191.02,883
24,2024,10,1058,18658.05,1043,17.89,29964.95,1702.07,13720.45,738,1082254,1006,4665.84,873
24,2024,11,1336,23484.53,1322,17.76,27334.73,2707.2,18529.29,1034,1319393,1279,5838.62,1115
24,2024,12,1245,24111.98,1234,19.54,27486.68,2535.34,17606.22,917,1319746,1192,5745.9,1016
24,2024,13,1041,19284.06,1030,18.72,22109.15,1688.04,13824.34,725,1172024,992,4749.88,810
24,2024,14,1112,20143.37,1104,18.25,22817.01,1911.64,14132.05,793,1086184,1057,5006.51,935
24,2024,15,1105,21044.22,1096,19.2,24181.65,2224.88,15689.08,827,1109800,1056,5255.94,914
24,2024,16,1317,24162.57,1300,18.59,27110.62,2249.9,18313.96,990,1440421,1267,6007.71,1095
24,2024,17,1268,24762.22,1259,19.67,27410.1,1931.13,18449.24,981,1501636,1222,6617.46,1073
24,2024,18,1341,25203.72,1331,18.94,28546.46,2422.46,19358.67,1009,1548727,1276,6309.07,1114
24,2024,19,1377,26406.26,1360,19.42,30557.14,2902.48,20143.17,1025,1478694,1310,6575.07,1140
24,2024,20,1460,27338.83,1446,18.91,30983.32,2859.68,21309.09,1119,1568367,1389,6930.5,1183
24,2024,21,1461,29283.53,1445,20.27,33045.66,2893.48,23087.16,1140,1622059,1397,7127.73,1169
24,2024,22,1494,27296.92,1485,18.38,30312.31,2174.63,20931.68,1150,1510066,1451,6612.65,1224
24,2024,23,1417,28521.64,1402,20.34,33007.46,3039.58,22935.21,1102,1589825,1372,7162.59,1149
24,2024,24,1512,27997.38,1493,18.75,32256.74,3051.82,22363.77,1168,1631250,1460,7031.49,1233
24,2024,25,1498,26607.07,1487,17.89,30559.46,3057.02,21410.97,1205,1616230,1461,6553.06,1254
24,2024,26,1311,24428.87,1299,18.81,27966.11,2603.44,18611.69,1000,1398334,1269,6019.12,1090
24,2024,27,1021,19375.89,1009,19.2,21969.14,1650.9,14375.39,740,1102274,996,4865.26,821
24,2024,28,1068,19965.25,1055,18.92,22713.02,1873.37,15266.05,784,1208693,1030,5409.65,891
24,2024,29,1151,21992.23,1141,19.27,25181.19,2055.49,16340.65,868,1396375,1118,5722.03,950
24,2024,30,1091,21946.1,1083,20.26,24909.73,2162.25,16898.74,848,1130070,1062,5380.02,892
24,2024,31,1084,21960.74,1069,20.54,25183.97,2189.07,16605.01,794,1206898,1046,5313.32,869
24,2024,32,1128,22163.56,1118,19.82,25429.7,2290.94,17463.12,859,1309459,1096,5626.99,915
24,2024,33,971,20256.17,964,21.01,22814.87,1845.09,15382.11,728,1092388,954,5301.09,816
24,2024,34,1079,22253.07,1066,20.88,25293.42,1948.85,16551.06,792,1027829,1039,5629.7,862
24,2024,35,1203,23837.79,1197,19.91,26788.94,2157.4,18032.75,894,1275948,1179,6324.53,995
24,2024,36,1044,21217.06,1039,20.42,24037.76,1770.43,15496.55,749,1232509,1002,5632.07,862
24,2024,37,1085,22538.02,1077,20.93,25556.63,2173.21,17227.12,801,1213837,1059,6080.49,933
24,2024,38,1174,24685.97,1161,21.26,28319.12,2402.06,19191.8,892,1248473,1139,6088.17,941
24,2024,39,1118,23612.27,1111,21.25,26866.19,2094.67,17457.88,810,1236061,1083,6019.2,928
24,2024,40,1079,21869.89,1073,20.38,24573.05,1893.16,15504.15,739,1204212,1045,5368.35,882
24,2024,41,1137,24001.83,1125,21.33,27084.42,2108.09,17944.9,835,1288819,1102,6095.66,938
24,2024,42,1231,24462.01,1213,20.17,27443.79,2410.53,19141.86,934,1480944,1196,6225.95,1021
24,2024,43,1237,25323.55,1229,20.61,28866.39,2408.23,19250.92,907,1330390,1207,6443.41,1030
24,2024,44,969,19941.65,960,20.77,22173.73,1501.08,14486.44,693,1094069,936,5302.07,811
24,2024,45,1061,21723.31,1050,20.69,24400.45,1878.89,15558.07,735,1164547,1024,5517.29,853
24,2024,46,1148,22333.1,1138,19.62,25386.1,2110.75,16447.67,837,1220144,1117,5604.14,963
24,2024,47,1397,27477.68,1388,19.8,30948.68,2591.36,21719.74,1074,1642014,1368,6890.92,1175
24,2024,48,700,15471.54,690,22.42,17218.3,1237.26,10252.19,471,858135,674,3995.72,563
24,2024,49,1236,23824.4,1224,19.46,26915.54,2169.14,18028.12,929,1486449,1201,5928.61,1049
24,2024,50,1567,28158.74,1558,18.07,31630.75,2724.26,22159.57,1268,1623948,1535,7058.51,1359
24,2024,51,1196,22288.74,1191,18.71,25156.45,2073.86,17137.06,919,1167955,1174,5646.05,993
24,2024,52,595,12487.3,592,21.09,14030.81,1010.01,8975.83,404,583892,578,3335.72,493
24,2025,1,787,16669.89,786,21.21,18432.51,1196.36,11570.63,530,720436,767,4182.64,664
24,2025,2,774,16249.0,769,21.13,18122.12,1112.62,10644.98,540,839627,758,4293.55,667
24,2025,3,824,17182.94,819,20.98,18971.94,1245.9,12429.47,606,977322,813,4865.43,732
24,2025,4,944,17864.72,931,19.19,20025.78,1435.83,13364.4,682,886766,915,4669.99,801
24,2025,5,918,19109.3,916,20.86,20959.94,1268.49,14427.09,690,991165,905,5473.53,815
24,2025,6,978,18593.93,974,19.09,20740.77,1473.34,13865.95,728,1106292,964,5016.45,857
24,2025,7,1274,23099.09,1265,18.26,25876.38,1861.53,18556.22,1039,1361411,1246,6105.45,1163
24,2025,8,1272,22812.46,1267,18.01,25724.64,1841.93,17968.68,1019,1248848,1247,5911.22,1145
24,2025,9,1167,22548.52,1163,19.39,24775.46,1615.6,16735.09,883,1247646,1143,6113.22,1057
24,2025,10,1303,24112.95,1298,18.58,26885.08,1922.63,18413.05,1008,1314574,1275,6222.03,1166
24,2025,11,1764,31211.94,1757,17.76,35128.84,2564.64,24661.2,1438,1719058,1738,7491.27,1607
24,2025,12,1600,27826.99,1596,17.44,31472.82,2450.14,22853.92,1324,1849836,1578,7153.2,1464
24,2025,13,1057,20194.87,1051,19.21,22772.64,1942.87,15565.37,825,1009684,1023,5077.78,929
24,2025,14,1352,25094.37,1349,18.6,28613.64,2285.77,19988.99,1086,1355155,1322,6091.91,1207
24,2025,15,1319,25005.24,1312,19.06,28206.08,2027.82,19582.41,1032,1385196,1291,6363.25,1161
24,2025,16,1275,21874.37,1265,17.29,24503.96,1595.59,17329.95,1001,1268127,1247,5393.96,1136
24,2025,17,1408,26227.88,1403,18.69,30006.68,2523.94,21463.97,1152,1555799,1389,6171.27,1257
24,2025,18,1308,25936.69,1300,19.95,29153.45,2054.24,20013.1,1034,1534815,1280,6343.01,1173
24,2025,19,1455,27016.42,1449,18.64,30286.32,2203.65,22218.74,1188,1578194,1434,6297.99,1298
24,2025,20,1888,35151.03,1879,18.71,40132.22,3118.44,29500.65,1597,2098545,1855,8113.61,1685
24,2025,21,1694,31831.82,1687,18.87,35618.87,2567.3,26504.85,1409,1850209,1665,7818.72,1548
24,2025,22,1729,31584.64,1723,18.33,35194.85,2399.65,26562.28,1457,1818137,1702,7740.43,1583
24,2025,23,1989,35617.41,1980,17.99,39912.58,2730.18,30346.16,1693,2075198,1953,8460.66,1829
24,2025,24,1896,34015.84,1890,18.0,38267.27,2721.18,29232.15,1608,1971161,1865,8160.76,1725
24,2025,25,1995,35978.45,1979,18.18,40835.59,2991.64,30647.06,1718,2155439,1952,8578.32,1807
24,2025,26,1633,29793.51,1624,18.35,33806.41,2637.4,24973.92,1363,1854388,1593,7330.54,1489
24,2025,27,1076,19777.12,1069,18.5,22114.54,1339.69,14719.76,824,1230318,1059,4835.48,970
24,2025,28,1132,21938.95,1127,19.47,24649.97,1786.52,17106.17,903,1157053,1116,5363.07,1025
24,2025,29,1530,29118.36,1521,19.14,32868.57,2389.7,22757.89,1246,1602731,1497,6648.42,1384
24,2025,30,1332,23648.13,1322,17.89,26881.97,1969.88,18926.51,1069,1320908,1298,5628.36,1190
24,2025,31,1414,26568.02,1406,18.9,30304.87,2247.1,21837.77,1161,1412562,1382,5907.68,1230
24,2025,32,1415,25887.52,1411,18.35,29090.78,2012.06,20814.21,1145,1401000,1392,6217.21,1270
24,2025,33,1455,27359.98,1447,18.91,30691.18,2209.94,22356.21,1188,1575235,1434,6355.44,1303
24,2025,34,1252,23077.05,1249,18.48,26004.29,1768.86,18258.81,1015,1421885,1224,5589.59,1126
24,2025,35,1492,27944.65,1487,18.79,31363.29,2245.08,22613.5,1212,1558041,1467,6501.21,1336
24,2025,36,1312,23798.65,1308,18.19,26550.45,1811.3,18702.76,1053,1413417,1292,5615.1,1172
24,2025,37,1530,28026.85,1522,18.41,31170.44,1990.08,22423.02,1239,1494728,1502,6486.98,1362
24,2025,38,1875,35218.62,1867,18.86,39661.54,2902.66,29814.47,1605,2008444,1843,7844.16,1676
24,2025,39,1736,31180.7,1734,17.98,34707.63,2178.58,27056.29,1519,1836352,1718,7214.87,1604
24,2025,40,1860,32261.49,1848,17.46,35452.95,1915.53,26262.18,1574,1863439,1826,7480.64,1710
24,2025,41,1731,30798.36,1725,17.85,34509.93,2250.07,25795.84,1473,1732585,1700,6671.54,1564
24,2025,42,1810,31507.36,1796,17.54,35269.32,2274.2,27430.07,1577,1828464,1785,7000.61,1655
24,2025,43,1691,29461.77,1677,17.57,33164.67,2215.15,24467.5,1429,1670387,1666,6878.44,1546
24,2025,44,1765,31218.94,1756,17.78,35089.16,2384.47,26248.25,1525,1766316,1730,6832.9,1601
24,2025,45,1571,27481.05,1568,17.53,30869.12,2093.72,22351.65,1284,1495057,1544,6246.07,1404
24,2025,46,1594,27068.23,1581,17.12,30014.78,1808.3,21585.58,1301,1557296,1569,6230.11,1446
24,2025,47,1700,29702.89,1692,17.55,32890.97,2135.83,24813.38,1448,1648317,1677,6660.84,1544
24,2025,48,1048,19128.74,1041,18.38,21610.5,1608.74,15518.22,874,935770,1029,4360.2,935
24,2025,49,2435,41689.8,2429,17.16,46647.71,2949.2,35891.17,2131,2570394,2409,9704.66,2282
24,2025,50,2282,36945.23,2276,16.23,41695.69,2591.23,32067.46,2009,2312421,2257,8487.27,2124
24,2025,51,1862,30060.68,1857,16.19,33706.2,2264.01,25050.66,1599,1747976,1836,7026.79,1724
24,2025,52,875,14975.27,874,17.13,16942.02,1240.0,12107.05,738,778995,866,3647.15,808
24,2026,1,904,15379.76,900,17.09,17170.94,1104.93,12192.07,716,749027,882,3501.56,801
24,2026,2,1266,20229.36,1262,16.03,22516.22,1372.56,16340.65,1039,1140741,1250,4865.33,1171
24,2026,3,1572,24664.33,1566,15.75,27316.99,1559.01,20360.71,1360,1444026,1547,5722.89,1464
24,2026,4,1415,22147.22,1411,15.7,24654.82,1401.85,18542.56,1237,1202634,1400,5111.82,1316
24,2026,5,1652,25935.9,1646,15.76,28758.21,1848.94,22025.31,1433,1500027,1635,5779.54,1541
24,2026,6,1482,24304.81,1479,16.43,26708.8,1441.5,20216.92,1272,1326814,1463,5578.31,1372
24,2026,7,1279,21927.63,1275,17.2,24158.5,1434.37,17351.67,1047,1251768,1254,5222.25,1170
24,2026,8,1166,20051.85,1163,17.24,22499.17,1468.08,15580.39,949,1084350,1148,4714.95,1071
24,2026,9,1329,22571.57,1328,17.0,25520.2,1724.43,17981.08,1083,1203629,1313,5259.02,1210
24,2026,10,1326,23028.96,1321,17.43,25725.92,1712.89,19093.53,1106,1333246,1305,5211.28,1201
24,2026,11,2129,35726.87,2121,16.84,39748.34,2332.92,30645.71,1878,2119851,2106,7919.53,1998
24,2026,12,2315,37659.69,2308,16.32,41503.11,2358.14,33579.51,2094,2141008,2295,8450.48,2193
24,2026,13,1482,25021.81,1477,16.94,28195.35,1810.27,21177.17,1292,1276759,1463,5251.69,1350
24,2026,14,1683,27317.94,1676,16.3,29888.82,1430.6,23315.78,1458,1589977,1666,6364.21,1561
24,2026,15,1814,30425.49,1809,16.82,33954.84,1799.41,26473.38,1599,1718668,1789,6838.43,1694
24,2026,16,1978,32431.88,1974,16.43,35824.87,1897.7,28411.33,1744,1891841,1953,7426.83,1849
24,2026,17,2173,35964.35,2162,16.63,39300.2,1929.87,31101.32,1923,2068556,2145,8021.23,2048
24,2026,18,2166,36191.74,2162,16.74,39748.24,2024.3,31376.2,1937,2140458,2129,8083.14,2029
24,2026,19,2408,41759.02,2398,17.41,46569.13,2850.34,36654.22,2135,2303656,2383,9129.66,2235
24,2026,20,2756,46621.23,2748,16.97,50924.74,2614.0,41949.27,2493,2676226,2723,9985.41,2582
24,2026,21,2665,44639.51,2657,16.8,48621.39,2225.62,39978.25,2392,2678583,2638,9954.5,2520
24,2026,22,2709,42933.65,2708,15.85,46863.08,2148.28,38661.04,2463,2596784,2690,9429.66,2569
25,2024,1,225,7623.21,225,33.88,7726.2,84.99,3370.81,112,346777,222,2277.74,216
25,2024,2,205,6095.78,205,29.74,6162.63,56.35,3003.75,103,333221,200,1890.04,195
25,2024,3,180,6043.61,179,33.76,6126.69,41.83,2621.4,91,290080,176,1879.02,165
25,2024,4,251,8064.28,251,32.13,8133.69,33.91,3722.87,131,403565,250,2411.8,231
25,2024,5,259,8378.1,256,32.73,8478.5,53.15,3126.47,112,412006,252,2455.55,233
25,2024,6,244,7794.7,244,31.95,7897.82,20.62,3546.49,117,384503,244,2367.09,224
25,2024,7,266,8548.14,265,32.26,8597.29,17.65,3743.02,132,434510,263,2641.22,247
25,2024,8,256,8323.86,255,32.64,8353.06,8.2,3594.25,127,409426,251,2541.46,238
25,2024,9,294,9574.72,294,32.57,9638.01,32.13,4805.31,163,498678,290,2923.28,275
25,2024,10,245,7779.03,245,31.75,7813.82,32.29,3591.11,122,395203,242,2407.29,233
25,2024,11,244,8158.53,244,33.44,8192.48,14.45,3286.57,115,396678,237,2369.54,225
25,2024,12,266,8569.93,266,32.22,8663.41,35.48,4131.94,147,439084,262,2639.61,253
25,2024,13,282,9148.77,280,32.67,9327.28,31.51,3474.5,125,479184,275,2797.24,259
25,2024,14,240,7656.02,240,31.9,7762.04,67.02,3623.91,128,386453,236,2297.27,220
25,2024,15,230,7413.21,230,32.23,7716.61,75.65,3161.59,117,445187,229,2270.98,209
25,2024,16,268,8076.95,264,30.59,8188.48,23.78,3438.97,135,473541,262,2500.09,247
25,2024,17,247,7620.02,245,31.1,7697.77,46.25,3786.15,143,399113,242,2425.36,229
25,2024,18,287,8041.97,283,28.42,8202.04,26.07,3815.79,142,487848,273,2441.73,246
25,2024,19,251,8201.08,250,32.8,8371.57,63.99,3692.48,135,416538,249,2588.83,236
25,2024,20,276,8595.1,274,31.37,8756.62,32.02,4191.29,152,467242,269,2738.59,245
25,2024,21,271,8442.58,270,31.27,8581.15,83.07,4223.59,151,446487,268,2630.72,243
25,2024,22,268,8149.77,267,30.52,8307.88,55.61,4053.35,146,418013,261,2457.69,240
25,2024,23,284,8921.38,280,31.86,8981.32,45.59,4491.86,160,508445,278,2737.97,254
25,2024,24,241,7587.49,239,31.75,7682.13,35.64,3670.92,130,395348,238,2356.52,221
25,2024,25,222,6631.16,217,30.56,6811.36,77.95,3489.2,121,324614,211,2030.87,192
25,2024,26,254,8030.09,253,31.74,8156.26,29.67,3965.73,144,441175,251,2536.25,236
25,2024,27,283,8806.82,281,31.34,8904.13,51.81,4051.76,144,485281,279,2785.43,266
25,2024,28,274,8668.56,272,31.87,8756.73,63.17,3975.85,140,448746,269,2642.38,244
25,2024,29,236,7586.39,236,32.15,7672.34,47.95,3221.47,116,462221,234,2384.11,218
25,2024,30,230,7218.19,229,31.52,7300.02,18.83,3402.98,123,379038,229,2339.99,219
25,2024,31,260,8042.01,260,30.93,8194.77,47.26,4579.86,159,436009,259,2658.17,246
25,2024,32,278,8673.97,278,31.2,8776.57,52.55,4568.12,151,492685,276,2838.4,258
25,2024,33,274,8945.22,271,33.01,9116.59,81.62,3875.6,136,493066,268,2877.62,250
25,2024,34,272,7899.68,271,29.15,8149.66,73.23,4339.34,156,455904,269,2582.18,244
25,2024,35,283,8650.62,282,30.68,8765.62,53.96,4044.38,151,428745,277,2670.38,265
25,2024,36,281,8746.37,279,31.35,8864.37,52.5,3743.28,138,517978,274,2880.06,259
25,2024,37,259,7709.93,258,29.88,7795.29,45.86,3735.84,136,412610,255,2406.98,240
25,2024,38,266,8276.9,265,31.23,8353.33,42.43,4416.11,151,455468,263,2579.33,246
25,2024,39,250,7940.1,248,32.02,8001.18,52.08,4022.65,136,406356,248,2511.27,237
25,2024,40,282,8760.2,282,31.06,8845.62,60.92,4403.4,153,485901,281,2815.12,268
25,2024,41,275,8713.79,275,31.69,8832.52,69.73,4601.54,157,480112,272,2766.61,261
25,2024,42,291,9155.99,289,31.68,9207.9,42.91,4239.0,147,537731,288,2876.02,276
25,2024,43,290,8715.77,289,30.16,8890.73,77.46,4821.67,165,524541,285,2760.4,270
25,2024,44,268,7700.79,268,28.73,7815.65,87.11,4459.9,159,389720,263,2462.05,248
25,2024,45,259,8040.08,258,31.16,8144.73,54.65,4330.83,147,471983,254,2668.68,247
25,2024,46,243,6992.96,242,28.9,7095.18,22.22,3739.57,133,370911,239,2216.4,222
25,2024,47,262,7617.81,261,29.19,7650.4,6.59,4561.73,161,403832,258,2391.82,242
25,2024,48,260,8311.66,258,32.22,8375.21,28.55,4012.23,136,393530,255,2771.59,243
25,2024,49,275,8649.44,274,31.57,8700.64,35.2,4831.6,167,445258,267,2894.06,263
25,2024,50,272,8271.67,271,30.52,8360.06,63.89,4657.72,163,422672,271,2702.7,257
25,2024,51,300,9391.08,300,31.3,9465.71,46.63,5000.13,173,473324,296,3056.07,284
25,2024,52,218,6656.31,218,30.53,6809.59,36.78,3390.91,114,319898,215,2175.27,202
25,2025,1,251,7071.2,249,28.4,7110.25,15.55,3802.51,137,411682,246,2368.87,234
25,2025,2,229,6468.42,228,28.37,6489.1,8.68,3338.35,118,346005,224,2151.16,217
25,2025,3,253,7885.44,253,31.17,7966.88,38.44,4184.32,146,386633,252,2545.7,238
25,2025,4,246,7415.43,246,30.14,7512.89,56.45,4337.22,151,377914,243,2429.3,228
25,2025,5,246,7694.63,246,31.28,7755.17,23.54,3735.4,127,471631,244,2479.62,232
25,2025,6,241,7024.59,241,29.15,7121.5,63.91,4335.19,155,364937,241,2346.48,232
25,2025,7,252,7528.69,252,29.88,7585.16,39.97,4067.42,146,367843,248,2349.53,240
25,2025,8,263,8444.53,262,32.23,8544.62,45.09,4411.76,156,425227,261,2753.32,246
25,2025,9,252,7504.17,251,29.9,7552.56,35.14,4246.22,149,379875,249,2455.68,237
25,2025,10,275,8685.78,275,31.58,8774.43,60.65,4496.83,159,492284,275,2854.79,266
25,2025,11,260,8288.42,259,32.0,8384.5,29.58,4416.84,155,426476,259,2726.66,251
25,2025,12,265,8080.2,265,30.49,8231.22,38.52,4100.76,147,403902,262,2629.07,250
25,2025,13,255,8156.84,254,32.11,8215.1,39.76,4299.29,147,393297,251,2629.99,238
25,2025,14,267,8351.23,267,31.28,8479.33,35.85,4695.51,166,411028,265,2698.94,255
25,2025,15,253,8069.37,250,32.28,8118.54,40.17,4373.84,153,404558,247,2638.42,242
25,2025,16,270,7879.74,270,29.18,7917.49,25.25,4592.72,161,393822,269,2538.59,252
25,2025,17,296,9167.95,296,30.97,9289.04,44.09,4914.24,171,445159,294,2964.37,280
25,2025,18,328,9626.86,325,29.62,9727.4,27.04,5171.95,179,505264,323,3061.73,298
25,2025,19,300,9113.21,299,30.48,9198.94,31.23,5187.82,182,493180,299,2988.75,288
25,2025,20,292,8768.22,291,30.13,8887.22,53.0,4331.98,155,458666,287,2795.23,275
25,2025,21,308,9023.36,308,29.3,9141.86,26.5,4620.07,165,512510,304,2961.3,284
25,2025,22,284,8753.97,284,30.82,8838.29,20.77,4844.87,172,444765,281,2883.39,270
25,2025,23,286,8952.62,283,31.63,8986.16,21.54,5015.26,174,478088,281,3009.88,274
25,2025,24,254,8418.18,254,33.14,8503.98,41.3,4579.15,161,403599,250,2583.11,244
25,2025,25,259,7764.32,257,30.21,7921.99,34.67,3922.48,142,410358,256,2511.05,242
25,2025,26,296,9468.65,294,32.21,9573.09,50.19,4632.96,157,494857,292,3009.67,277
25,2025,27,297,8672.73,296,29.3,8881.42,77.44,5056.01,175,480518,294,2833.62,277
25,2025,28,287,9010.73,287,31.4,9057.07,17.34,4808.62,172,492988,283,2906.24,277
25,2025,29,305,8985.52,303,29.66,9049.27,45.75,4618.31,163,529957,296,2788.96,282
25,2025,30,249,7558.33,248,30.48,7654.04,49.71,3941.38,138,383022,245,2390.67,232
25,2025,31,276,8228.49,275,29.92,8371.61,36.37,4473.99,162,460149,270,2808.13,260
25,2025,32,287,8537.43,286,29.85,8647.52,27.84,4615.56,160,462378,284,2892.67,262
25,2025,33,302,9284.17,301,30.84,9361.08,19.16,5318.85,186,487776,300,3116.42,287
25,2025,34,300,9203.47,298,30.88,9279.9,55.93,5152.03,179,464870,292,3142.36,286
25,2025,35,314,10128.17,313,32.36,10205.48,29.56,4932.21,170,508181,310,3346.98,292
25,2025,36,351,11098.76,350,31.71,11229.97,80.21,5829.21,202,513962,345,3635.53,329
25,2025,37,330,10315.42,329,31.35,10403.98,38.06,5656.75,198,499616,324,3437.81,305
25,2025,38,339,11216.77,339,33.09,11313.2,74.43,5759.86,199,580380,334,3692.85,322
25,2025,39,324,10296.9,324,31.78,10411.74,54.09,5582.72,193,560653,323,3513.82,313
25,2025,40,308,9494.29,305,31.13,9595.68,37.29,4074.66,152,473270,303,3076.68,283
25,2025,41,212,7046.32,212,33.24,7077.51,17.69,2890.97,103,333020,212,2279.78,204
25,2025,42,199,6616.21,199,33.25,6692.85,35.64,2247.24,82,324379,197,2178.79,188
25,2025,43,186,6103.38,183,33.35,6327.29,37.41,1979.7,74,279394,180,1804.45,163
25,2025,44,192,6377.95,192,33.22,6444.7,18.5,2173.68,82,302641,191,2085.48,176
25,2025,45,218,7606.44,217,35.05,7660.45,27.01,2815.8,99,365438,217,2471.41,207
25,2025,46,210,6795.51,210,32.36,6893.6,27.59,2805.59,99,337844,209,2219.64,191
25,2025,47,215,7314.47,214,34.18,7366.89,18.92,2353.14,85,343774,211,2178.66,200
25,2025,48,160,5492.98,159,34.55,5611.69,10.96,1884.77,69,359456,158,1819.55,151
25,2025,49,201,6903.88,201,34.35,6982.3,27.17,2775.54,102,332542,200,2162.04,188
25,2025,50,213,7061.56,211,33.47,7109.85,32.29,2820.63,102,342828,208,2188.16,196
25,2025,51,215,7027.58,215,32.69,7077.55,30.47,2698.17,107,378138,215,2326.94,205
25,2025,52,146,4807.51,146,32.93,4853.66,32.15,1911.89,69,209967,145,1639.4,140
25,2026,1,171,5247.8,171,30.69,5281.82,21.52,2342.29,87,248237,170,1757.13,164
25,2026,2,185,6440.57,185,34.81,6483.02,15.45,2505.78,91,304171,183,2170.28,179
25,2026,3,204,7653.17,203,37.7,7749.7,27.88,2559.85,86,408805,202,2533.92,193
25,2026,4,142,4678.45,141,33.18,4821.2,23.25,1576.45,57,218641,141,1556.89,129
25,2026,5,178,5869.46,178,32.97,5958.94,22.23,2562.09,93,285643,177,1975.96,165
25,2026,6,201,7245.48,201,36.05,7274.77,14.29,2657.55,95,326610,200,2445.17,189
25,2026,7,192,6276.37,192,32.69,6340.29,26.92,2114.0,82,298093,190,2041.63,175
25,2026,8,201,6951.21,201,34.58,7029.14,11.93,2627.43,98,323648,199,2356.8,186
25,2026,9,214,7366.5,214,34.42,7525.04,50.94,2513.11,91,346344,211,2478.64,197
25,2026,10,229,7342.61,228,32.2,7394.05,23.44,2862.87,98,351575,226,2379.97,214
25,2026,11,226,7073.6,224,31.58,7100.59,16.99,2330.54,86,334804,221,2227.97,207
25,2026,12,182,5884.9,182,32.33,5927.55,19.65,2721.93,96,291163,181,1982.08,174
25,2026,13,169,5362.86,167,32.11,5410.24,29.88,2283.21,78,246790,164,1854.22,154
25,2026,14,237,7090.76,237,29.92,7189.73,40.22,2962.42,113,429490,235,2329.43,222
25,2026,15,213,6384.81,213,29.98,6648.09,59.28,2899.95,102,313594,211,2136.06,199
25,2026,16,200,6333.59,198,31.99,6400.93,16.34,2539.78,94,354583,194,2014.01,183
25,2026,17,189,6263.12,188,33.31,6275.93,2.81,2059.23,77,314273,186,2018.21,170
25,2026,18,212,6475.4,212,30.54,6626.31,82.16,3021.23,114,373842,211,2149.07,198
25,2026,19,226,7154.16,226,31.66,7207.99,37.33,2713.64,99,371715,226,2308.36,211
25,2026,20,204,6490.09,204,31.81,6625.37,69.77,2789.91,106,333975,203,2142.63,195
25,2026,21,200,6096.74,199,30.64,6247.35,34.61,2787.51,101,312146,197,1959.47,187
25,2026,22,167,5025.66,166,30.28,5142.34,62.43,1868.51,67,259318,164,1631.86,151
26,2024,1,37,1094.41,37,29.58,1094.41,0.0,402.75,15,43616,35,325.46,33
26,2024,2,41,1046.79,40,26.17,1073.79,2.0,688.5,25,56119,39,320.82,36
26,2024,3,53,1591.26,53,30.02,1592.61,1.35,809.28,31,80815,52,516.26,52
26,2024,4,52,1600.85,52,30.79,1605.85,4.0,927.5,33,80021,51,545.39,50
26,2024,5,48,1296.88,48,27.02,1342.06,23.68,904.06,35,74713,47,427.92,45
26,2024,6,69,1960.79,68,28.84,1972.43,8.14,842.53,34,146731,66,606.83,63
26,2024,7,43,1342.26,43,31.22,1365.38,15.12,712.25,26,70387,43,422.66,41
26,2024,8,60,1783.95,60,29.73,1799.59,10.14,1124.06,39,96779,58,607.05,54
26,2024,9,65,2156.56,65,33.18,2157.13,0.07,1038.0,36,118017,64,651.99,62
26,2024,10,50,1652.11,50,33.04,1656.38,4.27,870.34,28,82400,50,536.11,49
26,2024,11,60,1854.33,60,30.91,1864.77,7.94,671.93,25,90623,58,531.94,54
26,2024,12,53,1525.97,53,28.79,1532.47,5.0,632.25,22,77351,52,514.02,48
26,2024,13,51,1572.11,51,30.83,1582.21,8.6,822.75,31,73736,51,514.08,50
26,2024,14,55,1463.14,55,26.6,1488.34,10.2,627.23,26,73482,51,464.36,50
26,2024,15,39,1247.85,39,32.0,1270.48,17.13,595.89,22,58190,39,422.76,36
26,2024,16,56,1765.2,56,31.52,1782.25,14.55,807.34,29,80246,56,596.39,53
26,2024,17,56,1710.14,56,30.54,1730.43,19.29,779.93,28,87046,56,509.3,50
26,2024,18,42,1245.7,42,29.66,1262.28,12.58,725.39,27,72421,42,402.02,41
26,2024,19,46,1382.11,44,31.41,1390.22,6.11,864.58,31,67232,44,475.99,43
26,2024,20,59,1878.02,59,31.83,1891.91,13.39,980.77,36,97582,58,607.56,54
26,2024,21,51,1863.0,51,36.53,1869.12,4.12,539.01,19,93938,50,601.57,47
26,2024,22,68,1892.25,66,28.67,1957.41,22.66,996.14,35,89837,65,579.1,53
26,2024,23,72,2004.61,72,27.84,2061.34,36.23,1165.85,46,99158,72,649.04,68
26,2024,24,44,1216.36,43,28.29,1228.56,9.45,623.05,23,59007,43,394.36,40
26,2024,25,47,1664.12,47,35.41,1716.55,32.93,732.64,21,70760,47,484.98,44
26,2024,26,55,1515.91,55,27.56,1522.11,4.7,899.75,32,75596,55,484.51,49
26,2024,27,50,1470.64,50,29.41,1488.58,14.94,885.0,33,71757,50,459.29,48
26,2024,28,62,2001.0,62,32.27,2011.52,9.52,787.69,31,95643,62,599.29,58
26,2024,29,57,1593.67,57,27.96,1608.75,10.08,866.17,32,79110,57,535.68,49
26,2024,30,49,1370.96,49,27.98,1399.61,9.65,714.72,27,60696,49,394.26,46
26,2024,31,47,1772.63,47,37.72,1813.14,32.51,695.6,25,81613,44,582.24,44
26,2024,32,42,1337.23,42,31.84,1337.93,0.7,737.26,26,55919,42,458.74,42
26,2024,33,58,2116.62,58,36.49,2138.27,13.05,781.36,27,94262,57,706.44,56
26,2024,34,60,1808.56,59,30.65,1832.18,20.12,859.61,33,71334,58,581.74,56
26,2024,35,53,1852.6,53,34.95,1861.36,8.26,743.86,26,84096,53,572.46,49
26,2024,36,54,1782.2,54,33.0,1783.47,0.77,582.83,23,75558,54,535.44,50
26,2024,37,62,1702.82,62,27.46,1713.36,9.04,777.44,32,77674,62,542.37,57
26,2024,38,53,1739.02,53,32.81,1781.72,40.7,1030.54,34,87982,53,575.46,52
26,2024,39,52,1514.97,52,29.13,1520.07,4.1,640.75,23,68475,52,467.82,50
26,2024,40,61,1706.21,61,27.97,1732.37,19.91,994.41,36,101227,60,539.22,59
26,2024,41,63,1832.98,63,29.09,1863.12,29.14,1012.86,36,92555,62,550.17,57
26,2024,42,54,1710.98,54,31.68,1717.44,6.46,694.12,26,88060,54,569.84,52
26,2024,43,61,1888.0,61,30.95,1901.6,11.6,824.27,32,90032,60,588.48,59
26,2024,44,68,1821.86,68,26.79,1842.89,20.03,863.22,33,91387,68,544.65,62
26,2024,45,67,2022.04,67,30.18,2048.14,6.6,1089.75,38,100101,67,646.58,62
26,2024,46,59,1658.94,58,28.6,1664.28,4.84,783.69,30,85796,58,548.14,54
26,2024,47,51,1511.52,51,29.64,1536.64,22.62,853.19,32,71928,50,451.3,46
26,2024,48,43,1251.46,43,29.1,1251.46,0.0,517.11,23,55274,42,418.74,40
26,2024,49,55,1412.55,54,26.16,1426.45,12.9,684.12,28,70272,53,445.62,52
26,2024,50,64,1762.56,63,27.98,1785.88,13.82,833.21,33,91443,61,564.86,59
26,2024,51,65,1824.93,65,28.08,1836.93,5.5,893.29,36,89179,63,558.08,59
26,2024,52,48,1441.06,48,30.02,1442.56,0.0,685.56,27,66701,48,492.08,46
26,2025,1,45,1173.19,45,26.07,1236.27,12.08,603.17,26,48612,43,364.24,40
26,2025,2,56,1492.41,56,26.65,1509.91,1.0,713.38,26,73325,55,496.11,50
26,2025,3,63,1839.19,63,29.19,1849.7,10.01,703.25,28,91853,63,618.24,61
26,2025,4,55,1378.85,55,25.07,1419.85,7.0,716.68,31,67032,55,419.75,51
26,2025,5,50,1491.28,50,29.83,1497.45,6.17,773.75,30,65640,48,452.09,49
26,2025,6,56,1368.22,56,24.43,1378.67,7.95,772.91,32,68228,54,469.71,54
26,2025,7,79,2267.1,79,28.7,2275.67,0.07,892.98,34,109419,77,686.87,72
26,2025,8,55,1548.38,55,28.15,1550.38,0.0,651.4,26,74942,55,527.04,54
26,2025,9,57,1543.06,57,27.07,1552.68,8.62,732.5,27,91785,57,560.66,54
26,2025,10,59,1783.86,59,30.23,1816.06,10.7,715.25,27,88244,59,614.46,58
26,2025,11,61,1798.88,61,29.49,1950.57,30.19,893.7,30,88011,60,585.21,57
26,2025,12,77,2224.34,77,28.89,2234.48,7.14,1289.06,46,102312,77,733.49,73
26,2025,13,62,1776.27,62,28.65,1780.55,3.78,907.16,31,73645,59,586.01,57
26,2025,14,71,2014.97,71,28.38,2023.32,6.35,1138.02,38,104390,69,681.29,65
26,2025,15,67,1808.84,66,27.41,1818.94,7.6,1005.25,36,95692,65,598.7,58
26,2025,16,75,1910.49,75,25.47,2002.45,41.46,1105.14,43,99409,75,620.5,69
26,2025,17,64,1603.93,63,25.46,1640.86,21.43,966.41,38,95190,62,529.76,56
26,2025,18,52,1281.51,52,24.64,1317.86,21.35,612.92,29,75480,52,381.59,46
26,2025,19,62,1617.86,61,26.52,1677.36,49.0,862.74,31,92374,61,471.23,53
26,2025,20,83,2084.97,83,25.12,2123.42,17.45,1209.18,50,115483,81,613.98,73
26,2025,21,73,1898.54,73,26.01,1968.99,26.95,1137.09,44,100733,72,568.09,66
26,2025,22,62,2015.38,62,32.51,2485.13,138.76,1180.14,42,103500,62,626.35,57
26,2025,23,68,2039.08,68,29.99,2157.27,51.19,1220.74,44,102119,67,653.32,63
26,2025,24,78,2230.06,77,28.96,2270.4,18.34,913.17,40,106313,76,681.41,67
26,2025,25,48,1320.94,48,27.52,1324.51,0.07,753.1,31,64934,48,446.7,44
26,2025,26,68,1991.95,68,29.29,2084.14,26.19,794.95,31,102853,68,634.63,59
26,2025,27,50,1440.75,50,28.82,1483.2,12.2,768.5,28,75855,50,457.01,44
26,2025,28,55,1530.41,55,27.83,1577.01,31.1,791.52,30,74719,55,503.68,52
26,2025,29,78,1990.9,78,25.52,2067.2,29.8,1077.0,40,96649,78,627.84,64
26,2025,30,55,1434.03,55,26.07,1542.55,32.52,730.5,29,72347,53,476.77,47
26,2025,31,62,1669.58,62,26.93,1709.76,24.18,816.03,34,160042,62,578.07,57
26,2025,32,72,1924.59,70,27.49,1968.39,23.3,1032.78,39,96045,69,581.3,60
26,2025,33,74,1885.61,74,25.48,1902.21,10.1,872.42,35,104718,74,602.3,65
26,2025,34,81,2076.07,80,25.95,2122.61,22.04,1098.27,43,200956,80,679.68,67
26,2025,35,62,1946.91,61,31.92,1961.08,6.17,894.57,30,106635,60,623.41,58
26,2025,36,81,2015.53,81,24.88,2038.3,16.27,1204.29,49,97380,81,678.63,73
26,2025,37,86,2489.39,86,28.95,2510.5,15.11,1214.68,48,181240,86,855.0,82
26,2025,38,75,2139.26,75,28.52,2143.26,0.0,1037.63,39,125872,74,758.83,69
26,2025,39,92,2645.5,92,28.76,2663.22,6.22,1186.98,47,131775,92,893.98,86
26,2025,40,87,2516.65,86,29.26,2570.1,31.95,1076.92,42,126614,83,838.39,75
26,2025,41,68,1915.06,68,28.16,1944.26,12.2,919.11,35,103494,67,653.52,60
26,2025,42,58,1907.03,58,32.88,1917.2,8.17,785.02,31,88666,57,615.32,55
26,2025,43,65,1874.88,64,29.29,1891.58,9.7,532.62,24,88828,63,581.24,56
26,2025,44,49,1606.82,49,32.79,1635.32,23.0,658.75,24,82860,49,511.92,48
26,2025,45,72,2347.1,72,32.6,2386.57,11.47,767.61,28,110567,72,775.77,64
26,2025,46,48,1431.27,47,30.45,1445.27,5.0,414.14,17,68514,44,452.38,40
26,2025,47,58,1737.29,58,29.95,1751.86,7.57,593.67,23,80019,58,569.35,52
26,2025,48,41,1457.61,41,35.55,1477.11,0.0,178.25,8,123469,39,313.72,30
26,2025,49,59,1738.65,58,29.98,1767.78,17.63,862.01,37,88390,58,610.1,58
26,2025,50,61,1854.57,61,30.4,1873.14,4.07,643.5,25,98784,60,592.79,55
26,2025,51,59,1711.76,59,29.01,1742.73,7.97,473.22,21,85848,58,588.36,51
26,2025,52,43,1429.88,42,34.04,1434.14,3.26,353.03,14,58999,42,477.54,38
26,2026,1,52,1652.86,52,31.79,1892.63,61.02,626.65,20,71611,51,521.27,44
26,2026,2,53,1470.93,53,27.75,1474.43,3.0,651.5,26,81084,53,523.95,49
26,2026,3,44,1480.91,44,33.66,1482.41,0.0,475.86,18,68839,44,485.4,40
26,2026,4,32,857.76,32,26.8,865.06,7.3,290.75,12,46882,32,280.4,29
26,2026,5,53,1608.45,53,30.35,1622.17,10.22,848.53,32,90286,52,512.76,48
26,2026,6,66,2085.17,66,31.59,2091.24,2.07,573.96,23,93487,66,697.67,59
26,2026,7,51,1667.36,51,32.69,1721.9,6.54,541.0,18,80034,51,485.33,45
26,2026,8,58,1858.47,58,32.04,1866.86,0.89,343.0,15,91265,57,621.63,53
26,2026,9,44,1412.75,44,32.11,1421.36,6.61,331.4,12,67554,44,445.11,39
26,2026,10,55,1515.05,55,27.55,1539.56,12.51,684.0,25,70590,55,507.65,51
26,2026,11,59,1554.36,57,27.27,1602.18,7.82,716.33,31,80613,57,509.02,53
26,2026,12,52,1427.97,52,27.46,1431.04,0.07,771.22,30,66681,52,471.86,51
26,2026,13,39,949.3,39,24.34,950.3,0.0,404.75,18,46915,39,322.73,36
26,2026,14,45,1352.28,45,30.05,1361.03,8.25,503.87,18,75033,45,435.69,44
26,2026,15,55,1508.03,55,27.42,1515.95,5.92,650.26,27,83079,55,505.18,51
26,2026,16,75,2237.85,75,29.84,2269.14,21.79,883.94,36,116541,75,761.84,72
26,2026,17,50,1374.77,50,27.5,1379.77,0.0,626.22,26,66067,50,458.27,48
26,2026,18,56,1570.05,56,28.04,1581.65,9.1,641.78,26,73592,56,523.15,49
26,2026,19,61,1742.39,61,28.56,1764.54,16.65,889.88,33,87995,61,578.64,57
26,2026,20,55,1553.38,55,28.24,1578.11,18.73,767.87,32,78083,55,517.92,51
26,2026,21,67,1658.08,67,24.75,1692.11,17.53,725.63,33,88515,66,490.76,59
26,2026,22,55,1507.77,55,27.41,1527.31,6.54,990.77,38,84967,54,521.73,53
27,2024,1,63,1663.9,63,26.41,1715.54,18.14,844.63,32,87461,63,488.17,56
27,2024,2,64,1586.03,64,24.78,1635.37,34.84,776.18,30,77656,64,420.98,58
27,2024,3,69,1615.37,69,23.41,1640.74,19.87,891.55,36,89796,69,461.8,64
27,2024,4,93,2248.67,93,24.18,2309.92,26.75,1209.11,52,113482,86,618.54,84
27,2024,5,99,2736.32,99,27.64,2774.98,14.66,1275.63,48,136196,97,812.45,92
27,2024,6,101,2348.63,101,23.25,2379.74,26.61,1432.98,57,152466,99,719.99,89
27,2024,7,110,2647.45,110,24.07,2740.64,34.19,1524.44,65,144179,106,745.01,95
27,2024,8,93,2295.4,92,24.95,2340.42,17.52,1135.03,45,109832,91,695.39,85
27,2024,9,113,2949.94,112,26.34,2987.1,28.66,1372.19,52,153599,108,805.06,100
27,2024,10,132,2969.73,129,23.02,3133.46,67.98,1652.15,59,161711,122,898.91,111
27,2024,11,114,2639.16,113,23.36,2685.1,29.44,1390.8,54,192278,111,820.48,105
27,2024,12,101,2620.95,101,25.95,2698.0,23.05,1629.34,65,143648,100,790.43,94
27,2024,13,113,2770.63,112,24.74,2801.38,20.25,1645.04,64,144916,109,822.09,101
27,2024,14,107,2398.53,107,22.42,2436.07,13.04,1267.03,53,129939,101,637.56,87
27,2024,15,84,2198.01,84,26.17,2342.13,87.62,1291.99,50,116556,81,609.86,75
27,2024,16,117,2926.4,115,25.45,3034.77,33.87,1754.04,66,135807,109,813.38,103
27,2024,17,109,2803.81,108,25.96,2891.89,38.08,1913.21,74,138449,107,843.92,96
27,2024,18,132,3460.2,132,26.21,3599.9,25.45,1771.76,69,185584,126,1093.05,116
27,2024,19,114,2853.48,114,25.03,2896.4,27.42,1782.31,69,151037,110,933.94,102
27,2024,20,97,2350.92,97,24.24,2429.86,15.44,1432.47,55,126234,95,719.11,85
27,2024,21,118,3021.61,115,26.27,3200.94,97.33,1877.24,68,164924,114,874.77,102
27,2024,22,128,3340.95,126,26.52,3428.59,54.64,2137.72,80,168738,125,1057.5,117
27,2024,23,139,3310.58,138,23.99,3510.3,63.47,2088.37,81,184393,133,1030.01,114
27,2024,24,120,2937.39,120,24.48,2964.63,20.66,2086.55,78,160165,120,912.4,105
27,2024,25,122,2965.46,122,24.31,3025.29,48.33,1851.49,69,148188,120,838.89,105
27,2024,26,109,2463.77,108,22.81,2735.2,30.43,1548.05,59,138840,103,766.53,86
27,2024,27,103,2814.33,103,27.32,2978.94,44.11,1657.14,63,147402,103,869.98,95
27,2024,28,103,2662.57,103,25.85,2696.76,26.69,1270.15,49,147184,102,794.54,93
27,2024,29,100,2619.46,100,26.19,2680.3,7.34,1531.24,58,130719,99,864.77,93
27,2024,30,93,2321.94,93,24.97,2367.25,11.81,1417.04,52,118574,93,719.25,81
27,2024,31,100,2600.67,100,26.01,2655.47,46.3,1700.46,63,127933,100,825.22,88
27,2024,32,110,2676.28,110,24.33,2805.81,42.53,1705.1,68,139309,110,788.77,98
27,2024,33,109,2786.69,109,25.57,2813.97,8.78,1742.62,68,159898,107,870.6,99
27,2024,34,130,3184.7,130,24.5,3213.7,21.75,1853.54,69,158268,129,979.3,110
27,2024,35,97,2584.79,97,26.65,2609.9,17.11,1317.86,50,117691,96,791.62,86
27,2024,36,95,2231.78,94,23.74,2252.22,16.44,1263.58,49,130512,94,708.34,75
27,2024,37,123,3406.2,123,27.69,3583.04,88.59,2199.23,79,171993,122,1094.49,113
27,2024,38,148,4174.92,148,28.21,4399.93,134.91,2383.87,83,232905,146,1156.05,135
27,2024,39,108,2700.96,108,25.01,2764.87,18.16,1657.57,63,132357,108,767.46,94
27,2024,40,108,2898.04,108,26.83,2941.36,41.32,1823.47,64,171976,107,872.05,99
27,2024,41,113,2305.19,113,20.4,2369.59,16.9,1426.4,65,133153,112,695.77,98
27,2024,42,120,2694.72,119,22.64,2733.57,32.85,1669.34,70,146829,116,829.61,107
27,2024,43,120,2847.71,120,23.73,3019.89,83.68,1674.43,64,159147,119,894.33,105
27,2024,44,109,2505.37,109,22.99,2551.22,31.35,1748.7,71,138111,109,795.38,95
27,2024,45,117,2433.02,114,21.34,2587.37,64.04,1600.5,67,137039,113,795.77,102
27,2024,46,107,2805.79,106,26.47,2862.67,54.88,1947.84,70,129198,105,851.65,97
27,2024,47,96,2369.58,96,24.68,2435.34,21.26,1833.63,71,127821,95,785.54,90
27,2024,48,104,2752.37,102,26.98,2824.91,9.54,1639.93,62,145559,100,957.52,94
27,2024,49,108,2851.9,108,26.41,2926.11,40.96,1848.17,65,133312,108,930.37,100
27,2024,50,113,2635.84,113,23.33,2660.96,19.12,1833.99,75,155504,113,856.77,106
27,2024,51,114,2770.13,114,24.3,2802.38,25.25,1694.6,70,140752,114,823.55,102
27,2024,52,90,2163.94,90,24.04,2170.9,3.96,1438.38,61,92712,88,710.0,84
27,2025,1,87,2532.0,87,29.1,2557.75,21.75,1272.52,52,182078,83,846.98,74
27,2025,2,116,2690.8,116,23.2,2716.25,9.05,1764.13,74,131096,115,902.96,103
27,2025,3,104,2571.13,103,24.96,2604.12,26.49,1841.27,68,125627,102,838.35,94
27,2025,4,92,2253.07,92,24.49,2304.66,3.09,1712.7,68,104145,91,768.23,82
27,2025,5,122,2893.99,122,23.72,2911.76,11.77,2009.67,80,159183,120,964.56,112
27,2025,6,110,2671.46,110,24.29,2759.19,28.73,2013.69,78,123433,110,899.85,100
27,2025,7,95,2380.17,95,25.05,2418.27,33.1,1611.44,60,126750,95,767.29,88
27,2025,8,114,2683.56,113,23.75,2695.18,4.12,2012.51,79,128228,111,933.99,104
27,2025,9,128,3192.86,127,25.14,3256.34,35.98,2330.15,90,166841,127,1089.52,121
27,2025,10,127,2759.04,124,22.25,2822.7,43.66,1786.63,76,135834,123,952.98,116
27,2025,11,153,3480.07,153,22.75,3600.28,39.21,2397.06,98,177226,151,1099.45,137
27,2025,12,148,3687.15,147,25.08,3809.94,71.79,2332.69,91,188545,144,1181.96,131
27,2025,13,129,2976.92,129,23.08,3127.82,68.15,2099.14,86,224380,128,972.1,113
27,2025,14,156,4139.25,154,26.88,4243.97,37.72,2688.07,101,208601,153,1395.63,137
27,2025,15,163,4045.77,161,25.13,4165.26,69.99,2448.16,96,197981,159,1268.27,142
27,2025,16,130,3224.98,129,25.0,3261.73,22.25,1963.44,80,159228,129,1034.86,121
27,2025,17,127,3233.38,126,25.66,3280.25,14.62,2120.73,83,172574,126,1116.8,116
27,2025,18,139,3255.42,139,23.42,3292.74,24.32,2136.03,87,182176,138,1061.33,123
27,2025,19,150,3434.1,149,23.05,3464.04,20.94,1923.52,81,174916,149,1050.76,131
27,2025,20,176,4343.18,174,24.96,4414.58,40.15,2516.58,103,231092,172,1337.76,154
27,2025,21,136,3385.02,134,25.26,3418.24,22.72,2076.09,82,198568,134,1092.85,126
27,2025,22,149,3463.83,149,23.25,3560.81,59.48,1927.55,84,179087,148,1067.5,136
27,2025,23,130,3160.43,130,24.31,3220.29,39.86,1719.55,73,174252,130,893.5,114
27,2025,24,113,2797.37,113,24.76,2862.18,43.31,1812.82,72,154208,112,906.36,103
27,2025,25,105,2445.1,105,23.29,2485.84,29.24,1312.59,53,125480,102,728.21,92
27,2025,26,116,3249.48,116,28.01,3294.99,37.01,1928.4,72,164818,114,1000.38,101
27,2025,27,102,2573.4,102,25.23,2616.52,13.12,1625.79,62,130933,102,817.69,89
27,2025,28,107,2595.61,107,24.26,2679.63,35.02,1447.18,65,139435,107,846.38,97
27,2025,29,123,2991.99,122,24.52,3142.16,87.67,1766.78,70,141677,119,870.55,105
27,2025,30,120,2770.94,120,23.09,2833.52,20.08,1417.85,64,151134,119,880.73,110
27,2025,31,98,2450.91,98,25.01,2516.56,32.15,1467.02,64,128413,98,750.14,87
27,2025,32,122,2585.43,119,21.73,2631.59,36.16,1514.1,69,136594,116,753.76,101
27,2025,33,116,2841.42,116,24.5,3061.25,42.08,1916.08,81,156190,116,871.42,107
27,2025,34,136,3122.11,136,22.96,3190.46,51.85,2271.82,95,157369,135,951.68,121
27,2025,35,115,2995.9,115,26.05,3047.4,39.0,1827.95,67,156506,115,948.98,104
27,2025,36,114,2797.16,114,24.54,2838.76,34.6,1671.02,69,144614,114,938.31,106
27,2025,37,122,2836.12,121,23.44,2853.54,10.92,1774.43,75,147939,120,936.23,109
27,2025,38,158,4648.28,158,29.42,4869.66,166.38,3303.58,114,202807,156,1283.07,145
27,2025,39,141,3597.24,140,25.69,3646.73,25.99,2231.01,90,179875,138,1263.54,128
27,2025,40,117,3021.07,117,25.82,3114.17,41.6,1974.78,77,148941,116,1056.55,112
27,2025,41,111,2806.18,111,25.28,2860.47,41.79,1778.6,73,147005,110,888.15,102
27,2025,42,88,2232.62,88,25.37,2307.4,30.78,1343.6,55,107194,88,757.9,80
27,2025,43,80,2136.44,80,26.71,2249.2,41.01,826.63,39,143972,80,646.02,72
27,2025,44,99,2587.52,98,26.4,2629.52,32.0,1273.95,52,114215,97,784.44,90
27,2025,45,82,2247.19,82,27.4,2288.21,29.52,1184.6,50,105426,82,747.37,74
27,2025,46,99,2397.56,99,24.22,2450.02,43.71,1379.01,57,119455,99,765.08,89
27,2025,47,122,3179.73,122,26.06,3243.75,33.77,1372.27,59,155005,120,893.9,111
27,2025,48,88,2325.07,87,26.72,2349.93,14.36,1046.18,46,99959,87,779.02,82
27,2025,49,113,2902.25,111,26.15,2939.68,20.93,1594.71,70,140732,111,928.8,108
27,2025,50,103,2721.78,102,26.68,2810.66,42.38,1418.83,59,139515,102,842.11,95
27,2025,51,107,2989.72,107,27.94,3054.83,46.11,1337.93,55,134853,107,907.15,99
27,2025,52,72,2104.61,72,29.23,2128.18,15.57,896.66,32,83504,71,697.73,64
27,2026,1,93,2514.88,92,27.34,2584.89,38.51,1231.55,50,113476,90,821.42,85
27,2026,2,92,2776.6,91,30.51,2799.2,18.6,1331.18,48,125837,89,907.9,86
27,2026,3,97,2855.84,97,29.44,2873.62,7.78,1100.9,47,126840,97,936.54,93
27,2026,4,75,2114.52,74,28.57,2155.57,22.55,927.82,41,94731,74,738.59,71
27,2026,5,101,2528.05,101,25.03,2565.08,3.03,1002.46,48,123907,99,785.67,87
27,2026,6,111,2847.83,110,25.89,2910.57,41.74,1491.34,60,140747,109,873.82,99
27,2026,7,138,3443.29,137,25.13,3595.93,49.64,1667.44,73,164192,136,1022.58,125
27,2026,8,105,2607.78,105,24.84,2698.16,23.88,1175.36,54,127444,104,841.56,94
27,2026,9,123,3373.76,123,27.43,3423.7,33.94,1376.26,59,156838,121,1164.4,113
27,2026,10,151,4040.6,150,26.94,4092.74,17.14,1973.89,84,185132,150,1383.24,138
27,2026,11,127,3410.23,126,27.07,3477.33,25.35,1616.66,70,144823,126,1091.96,115
27,2026,12,110,2633.23,110,23.94,2705.04,26.06,1414.62,68,124163,108,844.45,103
27,2026,13,92,2616.74,90,29.07,2662.51,30.27,1205.97,48,125882,89,881.17,86
27,2026,14,116,3270.53,115,28.44,3334.44,49.41,1636.51,64,193437,114,940.67,111
27,2026,15,123,3063.34,123,24.91,3176.38,38.54,1464.81,67,144128,122,979.06,113
27,2026,16,110,2682.95,108,24.84,2722.22,19.77,1457.14,66,124871,106,813.05,99
27,2026,17,121,3052.87,119,25.65,3107.19,22.32,1445.22,68,148713,118,964.16,111
27,2026,18,150,3596.46,150,23.98,3823.37,51.16,1958.55,96,180646,148,1190.99,137
27,2026,19,156,3757.09,156,24.08,3839.81,30.72,2041.22,97,198148,152,1204.28,142
27,2026,20,159,4099.43,159,25.78,4194.8,39.87,2128.59,92,203547,159,1230.12,148
27,2026,21,132,3063.28,131,23.38,3127.25,36.47,1810.72,87,162658,131,943.54,120
27,2026,22,123,3022.34,123,24.57,3107.48,31.14,1567.69,76,156205,123,981.82,116
28,2024,1,7225,99635.46,7183,13.87,113006.02,9005.59,57062.56,3971,5712876,7063,24135.99,6565
28,2024,2,10032,127747.24,9990,12.79,147346.88,14250.49,79312.85,6054,7593960,9864,30228.15,9104
28,2024,3,9555,122935.6,9520,12.91,143925.79,14186.23,77670.13,5864,7416534,9378,28813.66,8614
28,2024,4,11001,140576.88,10959,12.83,162920.61,16513.92,89598.05,6819,9049151,10778,32987.83,9831
28,2024,5,10596,140807.31,10568,13.32,161665.93,15252.31,87286.69,6370,8171126,10427,33869.38,9638
28,2024,6,10419,137654.78,10377,13.27,158526.49,14953.68,86594.37,6369,8195875,10212,33400.44,9348
28,2024,7,11085,143120.49,11043,12.96,165407.0,16076.8,88710.75,6692,8517447,10895,34531.39,10025
28,2024,8,10481,136906.2,10436,13.12,159924.19,15389.43,86184.41,6331,8063240,10259,32574.29,9385
28,2024,9,10981,144877.76,10929,13.26,166718.48,16095.82,92412.06,6701,8414437,10765,34816.57,9852
28,2024,10,11687,152582.2,11631,13.12,175872.98,17123.57,96661.56,7202,9262312,11470,35916.79,10506
28,2024,11,12277,162120.7,12218,13.27,189625.97,19352.55,106030.69,7728,9798501,12022,37401.66,10879
28,2024,12,12061,159489.03,11980,13.31,185548.62,18914.01,104018.56,7548,9724733,11742,37437.38,10698
28,2024,13,10662,143651.54,10606,13.54,165167.15,15186.54,88945.45,6404,8502890,10425,35019.33,9516
28,2024,14,12169,155662.86,12109,12.86,180797.0,18121.23,97535.79,7435,9777075,11897,37115.76,10923
28,2024,15,10003,135039.62,9936,13.59,156115.83,15737.17,87401.83,6320,8011328,9772,32948.3,8985
28,2024,16,11923,160020.63,11852,13.5,184718.05,17993.81,105381.63,7558,9834620,11674,39723.8,10747
28,2024,17,12695,171146.0,12625,13.56,200551.21,18148.96,110254.83,8006,10608915,12427,41111.73,11308
28,2024,18,12113,161573.46,12052,13.41,186854.93,17964.14,104468.45,7646,10337831,11872,38959.08,10804
28,2024,19,12203,167736.22,12153,13.8,194564.51,19546.42,110999.67,7811,11011247,11961,40147.43,10871
28,2024,20,12670,172626.14,12589,13.71,201213.04,20611.22,116195.98,8185,10967538,12389,41974.94,11247
28,2024,21,11637,166550.07,11565,14.4,192561.23,18724.85,111487.44,7448,10551329,11386,39588.76,10204
28,2024,22,11486,162359.24,11413,14.23,187538.79,17571.07,108487.25,7363,9896354,11221,38382.36,10043
28,2024,23,12535,175075.91,12458,14.05,203136.66,19883.95,115992.34,8061,10887477,12281,40798.5,11002
28,2024,24,13481,181198.08,13391,13.53,211838.46,22029.24,120713.92,8671,11462574,13223,41681.95,11865
28,2024,25,12652,172676.12,12577,13.73,202572.78,20967.45,115747.72,8111,10434786,12440,40060.5,11173
28,2024,26,12641,167782.73,12558,13.36,196037.87,19988.69,110746.73,8004,10563274,12417,39633.19,11109
28,2024,27,8652,123703.71,8604,14.38,141698.07,11740.15,76321.68,5183,7493148,8493,31007.16,7584
28,2024,28,12259,165348.07,12201,13.55,191757.97,18413.53,104446.96,7516,10320379,12021,38395.51,10862
28,2024,29,12365,170217.9,12292,13.85,198268.42,19582.11,109117.46,7692,10895201,12143,40612.53,11068
28,2024,30,11654,155923.03,11602,13.44,181671.5,17718.71,98668.89,7200,9744024,11482,37492.15,10550
28,2024,31,11610,158434.4,11555,13.71,184096.86,17701.24,101685.94,7178,9813359,11402,37862.48,10383
28,2024,32,12181,167759.74,12138,13.82,195862.28,19080.6,106596.38,7512,10286621,12008,41436.67,11097
28,2024,33,11397,152286.84,11349,13.42,176421.21,16978.88,95420.85,6993,9455040,11221,37031.32,10333
28,2024,34,9863,148621.93,9802,15.16,174145.16,16199.34,97932.78,6091,7904191,9653,35648.56,8524
28,2024,35,12183,163699.2,12129,13.5,189319.82,18153.92,104529.64,7532,10291012,12019,40722.14,11100
28,2024,36,10240,139248.84,10190,13.67,162553.73,14769.0,87484.63,6150,8406755,10070,34754.2,9278
28,2024,37,11358,157367.6,11307,13.92,181732.32,16848.93,102397.19,7050,9838508,11200,40271.0,10387
28,2024,38,12105,168406.07,12052,13.97,195536.92,19209.37,110943.08,7655,10155970,11928,40839.34,11035
28,2024,39,12268,165874.15,12204,13.59,191826.96,18956.48,109464.95,7743,10104084,12083,40099.61,11085
28,2024,40,11760,157347.27,11701,13.45,181963.04,17381.78,101629.87,7318,9422003,11597,38949.2,10748
28,2024,41,11578,161578.36,11531,14.01,187159.26,17838.21,105209.8,7299,9658391,11383,39487.43,10482
28,2024,42,12405,165990.95,12355,13.44,193147.94,19563.62,112875.51,8022,10269209,12221,40150.77,11345
28,2024,43,12327,168290.85,12270,13.72,195359.81,18963.26,111198.85,7749,10084866,12146,40785.48,11238
28,2024,44,11686,154846.29,11621,13.32,179135.81,17111.13,100381.43,7255,9296568,11482,37779.11,10675
28,2024,45,11932,161173.95,11882,13.56,188340.36,18613.47,107214.5,7603,9823272,11773,37868.02,10852
28,2024,46,12857,171011.22,12800,13.36,198915.23,19756.94,113341.96,8214,10809541,12696,40694.19,11770
28,2024,47,13886,185304.8,13827,13.4,215949.85,21457.39,128076.73,9201,11935841,13703,42475.18,12698
28,2024,48,8127,114534.97,8092,14.15,130974.23,10816.38,69866.61,4686,6692366,7996,29546.65,7433
28,2024,49,13654,176460.64,13611,12.96,204584.99,20197.98,117327.46,8683,10612961,13481,41254.43,12641
28,2024,50,14762,185181.51,14701,12.6,215132.05,21932.87,126935.12,9755,11516610,14580,43724.81,13686
28,2024,51,13235,168093.45,13180,12.75,195411.47,19321.75,110214.36,8387,10255504,13074,40020.16,12272
28,2024,52,6800,98621.31,6772,14.56,113141.44,9017.23,59129.28,3773,5530140,6689,25323.56,6187
28,2025,1,6926,96212.15,6896,13.95,109465.38,8296.24,57853.32,3894,5213931,6805,25087.76,6297
28,2025,2,10277,128963.83,10245,12.59,147262.36,13336.66,81271.2,6317,7517797,10147,32412.89,9591
28,2025,3,11360,139343.13,11307,12.32,161102.19,15511.15,88653.78,7193,8416854,11206,34517.53,10600
28,2025,4,10714,131631.66,10678,12.33,153069.91,14870.35,87512.53,7048,7611404,10584,32262.38,10007
28,2025,5,10996,136100.95,10959,12.42,157000.08,14877.86,88149.72,7034,8193424,10873,34081.21,10247
28,2025,6,11121,143687.74,11094,12.95,164631.96,14904.06,94267.05,7230,8377393,10994,36027.09,10367
28,2025,7,12002,151560.97,11959,12.67,174983.62,16413.38,104882.56,8063,9144986,11878,37467.15,11355
28,2025,8,12520,153275.99,12483,12.28,176513.77,16449.21,103185.66,8282,9092708,12398,38062.91,11826
28,2025,9,12180,156995.53,12137,12.94,179310.48,15627.1,103837.05,7919,9602906,12047,39798.46,11443
28,2025,10,12979,165551.15,12945,12.79,190793.54,17423.55,112741.25,8755,10357094,12824,40208.22,12160
28,2025,11,13914,184374.18,13857,13.31,212303.79,18964.34,132434.09,9764,11347841,13766,44551.43,13106
28,2025,12,13521,176637.81,13478,13.11,203709.05,18797.79,126095.28,9392,11465028,13340,41782.85,12635
28,2025,13,11385,148714.88,11345,13.11,171903.08,15918.34,98357.6,7300,8816076,11227,36155.9,10546
28,2025,14,12838,164216.34,12804,12.83,189776.26,17375.04,112504.66,8530,10142588,12698,39535.48,12000
28,2025,15,13397,170707.37,13356,12.78,197271.22,18166.18,117398.19,9030,10893202,13251,40314.16,12489
28,2025,16,12794,161998.34,12746,12.71,186556.67,16596.51,113051.53,8725,10649565,12636,39093.6,11970
28,2025,17,13407,173088.64,13367,12.95,199975.58,18552.27,120132.45,9104,11073149,13260,41220.23,12493
28,2025,18,12712,162654.98,12671,12.84,187687.2,17235.5,113811.05,8615,10382357,12573,38710.76,11855
28,2025,19,13516,180325.21,13480,13.38,207217.65,18364.82,128716.18,9452,11264807,13374,42641.43,12634
28,2025,20,14603,198805.4,14549,13.66,229471.73,20785.79,147543.42,10451,12560292,14413,46693.33,13514
28,2025,21,14470,189121.78,14425,13.11,217601.07,19241.57,137317.93,10229,11840142,14330,44118.9,13519
28,2025,22,12627,171076.47,12586,13.59,197681.06,16794.78,121964.83,8787,10498023,12476,40108.84,11676
28,2025,23,14811,199739.01,14773,13.52,228492.62,19335.18,144086.47,10472,12553649,14664,46469.37,13895
28,2025,24,15243,210556.47,15213,13.84,245149.87,22791.03,157183.21,11017,13257080,15094,49257.9,14162
28,2025,25,14304,189342.09,14268,13.27,219095.06,19453.65,139015.73,10122,11783339,14137,44083.91,13266
28,2025,26,14350,187369.37,14312,13.09,215551.92,19103.53,134422.19,10047,12016341,14216,43090.12,13396
28,2025,27,10640,147597.62,10601,13.92,167684.75,12689.45,100471.32,6936,9263618,10499,35392.15,9769
28,2025,28,13348,179628.24,13308,13.5,207813.66,18606.61,124689.15,9056,11217707,13172,40822.56,12192
28,2025,29,14627,195902.71,14586,13.43,226562.46,20790.64,140821.32,10266,12216393,14451,44282.01,13464
28,2025,30,13677,179031.72,13624,13.14,207076.19,18638.36,125875.54,9381,11362933,13496,41100.48,12648
28,2025,31,13186,174383.44,13141,13.27,201124.61,17826.48,125518.47,9156,11074161,13009,38995.38,12131
28,2025,32,13337,175050.75,13297,13.16,202073.94,17433.36,124252.93,9121,10860968,13182,40898.47,12307
28,2025,33,13902,184340.56,13866,13.29,212992.35,18781.03,132184.64,9586,11685006,13749,41902.33,12856
28,2025,34,13142,173226.13,13105,13.22,200034.64,17863.21,123224.28,9093,10656252,12981,40597.96,12126
28,2025,35,12700,169333.86,12659,13.38,194586.55,16877.45,120327.84,8782,10452969,12526,39576.19,11727
28,2025,36,11827,159598.68,11791,13.54,181232.77,14399.98,113923.26,8192,9502236,11674,38067.74,10962
28,2025,37,13929,187744.09,13898,13.51,215731.54,17954.68,136181.22,9924,11506740,13788,44617.76,12936
28,2025,38,15334,211572.54,15299,13.83,242846.53,20686.7,156642.92,11142,12522630,15163,48291.87,14254
28,2025,39,15172,205175.31,15142,13.55,234026.25,19259.47,152472.47,11010,12709487,15012,47594.63,14203
28,2025,40,14560,191911.24,14518,13.22,218352.84,17239.49,141703.98,10615,12118639,14383,43797.26,13604
28,2025,41,14903,199711.06,14868,13.43,228293.79,18516.86,146750.71,10912,12120074,14742,44343.69,13839
28,2025,42,13983,190474.94,13933,13.67,218671.1,18434.43,141103.28,10205,11265048,13811,42383.28,12950
28,2025,43,14661,185361.07,14625,12.67,213758.66,18702.1,135567.44,10614,11410910,14511,40901.31,13684
28,2025,44,14093,182820.51,14053,13.01,210249.85,17477.0,133868.16,10151,10617117,13924,40874.52,13090
28,2025,45,14063,183510.9,14008,13.1,211667.6,18599.11,134111.59,10159,11073537,13912,41035.69,13118
28,2025,46,14233,180508.65,14180,12.73,207232.99,17909.03,133125.97,10301,10894666,14049,40084.81,13252
28,2025,47,15145,194131.35,15095,12.86,224799.72,19961.78,141103.14,10944,11681065,14950,41562.39,14090
28,2025,48,9722,128281.59,9677,13.26,147672.29,11798.4,92557.47,6853,7112993,9591,29504.11,9036
28,2025,49,17007,222801.14,16946,13.15,254889.13,20796.36,169598.12,12664,13353203,16802,48134.11,15950
28,2025,50,17495,218287.4,17448,12.51,252377.75,22484.13,166619.06,13154,13432534,17311,47341.5,16491
28,2025,51,16787,205032.52,16737,12.25,236285.08,20480.59,151548.32,12316,12713198,16607,44396.6,15805
28,2025,52,8080,107711.01,8034,13.41,123986.32,9731.93,73503.93,5523,5940180,7950,24866.71,7477
28,2026,1,8086,105195.35,8058,13.05,120120.59,9019.52,72153.57,5598,5847653,7981,23988.5,7452
28,2026,2,11194,139582.17,11145,12.52,159218.84,12890.82,97330.77,7785,8311753,11055,32072.5,10445
28,2026,3,14105,169884.7,14060,12.08,193416.94,15478.16,123676.68,10402,10118167,13958,37249.42,13365
28,2026,4,11918,142029.65,11874,11.96,162097.18,13149.68,107807.92,9127,8282604,11797,30812.18,11320
28,2026,5,14946,175954.01,14911,11.8,200966.87,16797.12,132563.04,11536,10985615,14806,36815.86,14254
28,2026,6,14037,164934.91,14004,11.78,186951.55,14532.29,122068.32,10449,9886410,13908,36365.16,13291
28,2026,7,13117,158337.79,13078,12.11,180017.6,14344.46,114172.48,9520,9597752,12998,34919.88,12432
28,2026,8,12312,148550.26,12281,12.1,170260.43,14309.0,107891.82,8899,8836515,12193,33267.41,11598
28,2026,9,13628,165138.83,13603,12.14,189190.34,16189.44,121329.57,10019,9745640,13474,36410.01,12851
28,2026,10,13460,166664.33,13429,12.41,191023.82,16167.36,121073.5,9795,10068611,13309,37268.35,12729
28,2026,11,16520,217030.07,16464,13.18,246637.83,19593.0,166844.06,12553,12909056,16346,46634.61,15555
28,2026,12,16875,213950.57,16828,12.71,243450.38,18552.15,167866.93,13157,12313816,16696,46260.77,15981
28,2026,13,13954,175459.93,13911,12.61,202269.61,17107.17,130928.23,10268,9911816,13778,37684.3,13032
28,2026,14,14348,184652.91,14305,12.91,209119.04,14950.45,138140.73,10714,10856075,14175,40064.35,13485
28,2026,15,15069,192300.14,15018,12.8,218860.59,16879.63,145440.96,11240,11406300,14922,42562.18,14249
28,2026,16,15493,200379.59,15443,12.98,227368.12,17148.03,151584.18,11710,12145836,15335,44816.91,14690
28,2026,17,16228,209962.45,16187,12.97,237951.0,17570.41,161790.76,12494,12686134,16090,46155.22,15347
28,2026,18,16431,208464.42,16391,12.72,237436.92,18224.11,159970.64,12535,12669800,16252,45584.94,15526
28,2026,19,16387,219192.63,16332,13.42,248642.28,18111.6,172305.25,12786,13498721,16208,48419.63,15443
28,2026,20,17054,230071.89,16999,13.53,262202.32,19788.48,182159.9,13238,13648370,16848,50202.36,16012
28,2026,21,16587,224796.55,16540,13.59,254690.91,18378.84,178916.89,12968,13993758,16435,49713.89,15675
28,2026,22,14795,199296.1,14750,13.51,225845.4,15900.97,157381.93,11535,11767380,14636,43089.56,13888
28,2026,23,2,30.63,2,15.32,30.63,0.0,10.38,1,990,1,7.04,1
29,2024,1,84,2394.96,83,28.85,2400.03,3.07,1030.25,41,115667,82,682.71,78
29,2024,2,80,2127.42,78,27.27,2159.04,24.12,860.75,34,110355,78,575.45,74
29,2024,3,72,1814.79,68,26.69,1879.61,0.07,920.75,36,97249,67,491.3,60
29,2024,4,105,2627.5,99,26.54,2654.09,19.59,1203.05,47,162994,95,758.52,92
29,2024,5,84,2138.59,81,26.4,2186.78,10.69,950.0,37,115584,80,641.84,76
29,2024,6,112,3020.49,111,27.21,3084.07,22.08,1599.17,62,161405,109,914.05,104
29,2024,7,108,2691.61,106,25.39,2708.64,9.03,1365.27,55,134997,104,746.68,98
29,2024,8,123,3040.39,121,25.13,3150.38,16.99,1661.26,68,162297,118,916.45,111
29,2024,9,129,3307.73,125,26.46,3346.11,30.38,1870.71,75,173856,125,957.63,116
29,2024,10,98,2649.08,95,27.89,2670.83,16.25,1201.78,45,134938,95,810.41,86
29,2024,11,107,3072.2,104,29.54,3097.98,20.78,1446.55,55,157228,102,943.03,98
29,2024,12,87,2357.17,85,27.73,2377.9,15.73,1221.42,48,132582,84,755.7,81
29,2024,13,119,3227.06,116,27.82,3247.24,15.68,1390.52,54,157607,114,993.28,104
29,2024,14,96,2789.41,94,29.67,2835.78,13.87,1194.22,47,142873,94,838.75,90
29,2024,15,71,1801.65,70,25.74,1812.36,5.21,964.5,41,83710,69,529.07,64
29,2024,16,140,3370.76,136,24.78,3429.57,21.31,1827.01,77,185190,135,1022.64,124
29,2024,17,113,2688.6,110,24.44,2741.3,11.2,1370.36,59,144356,109,708.72,97
29,2024,18,114,3212.51,110,29.2,3227.35,9.84,1624.3,63,188342,110,995.14,105
29,2024,19,84,2339.99,82,28.54,2401.87,32.88,1282.47,48,116536,81,708.08,75
29,2024,20,118,3156.18,115,27.45,3232.64,31.96,1741.7,68,184944,113,920.84,101
29,2024,21,103,2832.68,102,27.77,2844.35,8.67,1284.51,50,240489,102,809.12,89
29,2024,22,88,2235.75,84,26.62,2274.08,26.83,1271.62,51,139211,83,679.4,74
29,2024,23,105,2986.33,103,28.99,3000.12,0.04,1451.25,57,159171,103,864.94,92
29,2024,24,100,2757.49,97,28.43,2771.43,10.44,1496.45,56,162581,97,922.11,93
29,2024,25,102,2704.05,101,26.77,2740.48,34.93,1385.54,52,140773,99,843.95,92
29,2024,26,107,2777.1,107,25.95,2825.72,24.12,1611.41,65,155267,106,830.92,99
29,2024,27,119,3038.71,118,25.75,3070.76,26.05,1522.51,60,163914,115,923.55,103
29,2024,28,107,2965.08,107,27.71,2991.98,15.4,1553.65,59,166747,106,944.88,94
29,2024,29,104,2708.97,104,26.05,2723.89,10.92,1388.53,54,144714,100,828.4,87
29,2024,30,97,2535.73,97,26.14,2557.47,15.24,1238.55,52,135272,97,788.49,90
29,2024,31,123,3474.67,123,28.25,3661.87,9.7,1564.49,63,186356,123,1098.43,116
29,2024,32,100,2941.36,100,29.41,2958.13,14.27,1112.01,49,153958,100,868.83,93
29,2024,33,117,3123.44,117,26.7,3192.0,27.56,1950.0,75,174533,117,1002.11,106
29,2024,34,125,3156.08,124,25.45,3214.57,21.49,1440.14,62,199139,120,934.5,104
29,2024,35,128,3588.47,128,28.03,3637.95,13.48,1632.08,66,183087,128,1132.2,118
29,2024,36,135,3508.02,135,25.99,3551.03,31.51,1841.69,72,244273,133,1055.41,120
29,2024,37,139,3732.56,138,27.05,3791.18,26.62,1708.97,67,211657,138,1228.87,128
29,2024,38,351,13050.48,349,37.39,14708.13,1329.4,9365.93,222,368439,340,2023.58,288
29,2024,39,100,2791.32,99,28.2,2893.29,28.97,1290.69,51,138633,97,875.56,90
29,2024,40,109,3111.06,109,28.54,3122.38,3.32,1458.54,59,156449,108,1032.67,101
29,2024,41,125,3617.12,124,29.17,3622.12,1.0,1307.88,55,192433,123,1158.05,115
29,2024,42,118,3312.89,118,28.08,3341.75,22.36,1645.26,67,163708,118,1005.54,115
29,2024,43,110,3104.42,109,28.48,3146.92,19.0,1551.99,60,170619,108,946.29,99
29,2024,44,104,2753.96,104,26.48,2832.8,45.84,1477.78,60,132495,102,805.74,92
29,2024,45,102,3041.13,102,29.82,3127.96,54.83,1489.57,56,165640,102,1044.62,98
29,2024,46,95,2845.7,95,29.95,2905.98,37.53,1501.9,56,143791,94,853.25,88
29,2024,47,108,2745.51,108,25.42,2790.41,36.4,1634.35,64,163286,108,874.18,97
29,2024,48,109,3121.98,105,29.73,3195.92,57.94,1642.17,60,155615,105,977.2,101
29,2024,49,101,2749.44,100,27.49,2754.44,3.0,1506.4,62,142214,99,867.22,96
29,2024,50,99,2411.03,98,24.6,2455.97,38.44,1273.88,56,124538,98,751.95,91
29,2024,51,105,2826.77,105,26.92,2855.44,26.67,1428.22,61,155635,105,864.26,103
29,2024,52,93,2541.6,93,27.33,2560.6,0.0,920.73,38,124252,91,856.62,88
29,2025,1,101,2645.75,100,26.46,2661.75,7.0,1299.59,52,122438,99,879.67,96
29,2025,2,110,3242.13,110,29.47,3282.2,37.07,1846.3,67,164718,110,1039.85,109
29,2025,3,99,2568.43,98,26.21,2601.36,28.93,1453.56,60,137009,98,849.79,95
29,2025,4,115,3190.8,114,27.99,3212.59,5.29,1468.21,57,149947,114,1037.8,103
29,2025,5,97,2663.03,97,27.45,2689.96,19.43,1493.07,56,137914,96,869.01,93
29,2025,6,124,3416.92,123,27.78,3527.67,0.0,1467.09,58,161882,123,1114.93,111
29,2025,7,106,2595.6,106,24.49,2640.3,32.2,1450.06,62,146033,103,811.23,98
29,2025,8,108,2912.4,108,26.97,2952.31,28.41,1725.8,66,157868,108,971.18,105
29,2025,9,120,3224.51,120,26.87,3258.4,24.39,1762.5,73,175520,118,1009.56,113
29,2025,10,109,2851.07,108,26.4,2883.64,24.57,1307.56,57,160320,107,868.66,102
29,2025,11,129,3187.63,129,24.71,3218.4,23.27,1647.06,70,179504,127,1013.6,117
29,2025,12,119,3214.8,119,27.02,3239.77,15.97,1702.45,69,186961,118,1065.74,117
29,2025,13,97,2828.81,97,29.16,2873.66,11.35,1394.14,52,148058,95,894.86,91
29,2025,14,104,2694.67,104,25.91,2728.99,3.32,1585.86,65,148843,104,890.53,98
29,2025,15,124,3358.45,123,27.3,3403.97,9.02,1891.85,73,178899,122,1144.88,112
29,2025,16,103,2903.97,103,28.19,2978.63,11.15,1402.94,53,169286,103,922.79,95
29,2025,17,115,3197.7,114,28.05,3352.7,52.75,1769.83,70,165372,112,1026.25,104
29,2025,18,126,3070.29,126,24.37,3135.19,48.9,1679.28,73,158760,125,870.36,115
29,2025,19,143,3902.01,143,27.29,3939.23,6.97,1600.5,68,206308,139,1147.87,137
29,2025,20,106,2755.16,106,25.99,2771.94,5.28,1542.31,62,150800,105,879.77,103
29,2025,21,137,3725.3,137,27.19,3769.59,25.79,1892.64,78,209197,136,1133.09,129
29,2025,22,160,4386.14,159,27.59,4466.5,37.36,2471.61,104,236969,159,1411.73,151
29,2025,23,139,3324.93,138,24.09,3349.61,11.18,2118.79,95,199811,136,949.18,127
29,2025,24,164,4128.77,164,25.18,4224.73,21.71,2479.26,108,289091,164,1279.89,154
29,2025,25,134,3455.29,134,25.79,3522.14,27.35,1860.64,79,202449,134,1055.49,120
29,2025,26,139,3645.53,139,26.23,3718.25,36.72,2143.12,89,206341,138,1133.2,132
29,2025,27,117,2974.8,117,25.43,3006.19,17.39,1851.32,76,170674,117,938.61,113
29,2025,28,127,3289.05,127,25.9,3355.49,53.94,1738.64,70,183717,126,1025.81,118
29,2025,29,115,3132.81,115,27.24,3187.51,27.7,1745.43,68,162497,115,978.46,109
29,2025,30,123,3126.84,122,25.63,3156.42,23.08,1940.77,78,183640,120,992.64,114
29,2025,31,121,2990.74,121,24.72,3023.2,3.96,1851.83,74,185932,121,973.29,115
29,2025,32,107,2607.15,107,24.37,2647.05,27.9,1635.53,68,218032,107,879.38,102
29,2025,33,134,3332.54,134,24.87,3394.7,10.66,2097.75,87,191598,134,1059.38,127
29,2025,34,139,3629.91,137,26.5,3641.45,3.04,2028.26,81,216481,136,1221.88,128
29,2025,35,139,3785.04,138,27.43,3860.2,24.66,2105.5,82,219555,136,1190.85,127
29,2025,36,138,3650.68,138,26.45,3765.84,32.16,1810.34,73,191708,133,1146.43,126
29,2025,37,131,4023.22,131,30.71,4054.72,12.0,1801.3,71,238730,131,1326.56,126
29,2025,38,443,15910.74,439,36.24,17869.52,1551.97,12294.47,329,525020,433,2964.74,383
29,2025,39,145,4081.31,145,28.15,4143.31,37.0,2238.22,87,216730,142,1314.24,130
29,2025,40,126,3648.97,125,29.19,3699.88,41.91,2043.08,79,189827,122,1222.61,119
29,2025,41,122,3388.5,122,27.77,3426.35,9.35,1621.42,71,183193,119,1062.1,114
29,2025,42,108,3196.99,108,29.6,3231.45,21.46,1224.08,55,159647,106,1014.31,103
29,2025,43,93,2696.9,93,29.0,2802.37,12.05,1117.82,48,153269,92,898.81,87
29,2025,44,101,3052.13,101,30.22,3081.32,11.94,1395.4,56,159832,98,986.17,91
29,2025,45,100,3006.79,100,30.07,3033.13,15.34,1174.79,48,142398,98,913.95,92
29,2025,46,101,2786.97,101,27.59,2850.58,25.61,1186.56,48,152932,100,907.67,97
29,2025,47,107,2941.73,107,27.49,3011.21,53.73,1276.96,56,154794,107,944.78,103
29,2025,48,90,2514.52,90,27.94,2559.17,12.75,1064.23,44,131210,89,820.84,84
29,2025,49,154,4031.06,154,26.18,4116.21,32.9,2020.88,89,216128,152,1184.79,140
29,2025,50,113,3211.49,113,28.42,3255.46,29.47,1111.76,48,165892,113,1050.96,101
29,2025,51,134,3597.32,134,26.85,3631.21,21.14,1429.97,63,193168,132,1222.54,124
29,2025,52,73,1996.46,73,27.35,2077.41,5.95,655.04,32,113361,71,679.71,67
29,2026,1,91,2508.69,91,27.57,2521.29,6.1,780.02,35,114448,91,822.83,82
29,2026,2,117,3270.99,117,27.96,3303.49,23.39,1205.39,50,153205,115,1054.84,102
29,2026,3,103,2995.8,103,29.09,3031.13,21.33,1155.91,49,146865,101,1001.57,96
29,2026,4,93,2780.06,93,29.89,2814.22,18.66,1126.83,49,139206,92,923.8,91
29,2026,5,111,2995.98,110,27.24,3044.78,19.3,1381.96,59,157291,109,892.85,97
29,2026,6,119,3229.77,117,27.6,3310.42,42.65,1252.9,52,164023,117,1050.52,112
29,2026,7,102,3010.21,100,30.1,3044.71,18.5,1273.83,51,150670,99,1011.98,96
29,2026,8,113,3200.2,112,28.57,3226.66,17.96,1189.27,50,156762,111,1008.74,106
29,2026,9,124,3242.51,124,26.15,3309.24,54.73,1223.09,53,172397,124,1070.07,112
29,2026,10,117,3437.15,115,29.89,3467.29,22.14,1187.12,49,175281,112,1058.73,110
29,2026,11,135,3354.47,135,24.85,3427.84,15.82,1434.5,60,183376,132,1071.7,122
29,2026,12,119,3098.11,119,26.03,3141.8,21.69,1392.44,60,158545,118,957.65,110
29,2026,13,95,2420.94,95,25.48,2492.92,26.48,962.78,45,123264,93,782.08,89
29,2026,14,133,3575.04,131,27.29,3626.86,11.57,1229.06,55,197561,129,1170.39,124
29,2026,15,144,3747.41,144,26.02,3781.48,4.07,1759.76,78,201237,144,1197.12,138
29,2026,16,122,3680.29,122,30.17,3687.79,0.0,1374.95,58,176442,122,1115.04,117
29,2026,17,108,2896.56,107,27.07,3017.06,56.0,1293.46,61,163998,103,927.73,101
29,2026,18,130,3336.07,130,25.66,3405.48,22.41,1907.14,82,166518,130,1007.21,125
29,2026,19,152,4156.86,150,27.71,4204.78,21.42,1938.68,81,224126,148,1368.67,145
29,2026,20,142,3733.55,142,26.29,3846.34,96.29,1696.53,74,217311,141,1174.45,133
29,2026,21,131,3394.74,130,26.11,3477.76,36.02,1636.14,72,183994,130,1041.2,127
29,2026,22,136,3604.09,136,26.5,3743.34,110.75,1938.79,84,189591,133,1048.75,125
3,2024,1,1481,28294.45,1477,19.16,30308.45,1470.1,17424.88,825,1692718,1457,7783.82,1329
3,2024,2,1717,30014.72,1704,17.61,32054.77,1717.91,18329.49,932,1795372,1670,8373.78,1511
3,2024,3,1723,31463.39,1717,18.32,33735.9,2018.34,20357.48,1006,2169696,1683,9077.95,1514
3,2024,4,1836,33603.74,1823,18.43,35895.96,1915.72,21701.84,1079,2197177,1778,9472.84,1626
3,2024,5,1827,34377.75,1821,18.88,36544.32,1639.97,21663.95,1042,2007055,1778,9924.86,1631
3,2024,6,1760,32142.49,1752,18.35,34036.46,1394.42,19526.13,972,1995150,1721,9306.13,1572
3,2024,7,1829,35331.25,1820,19.41,37604.15,1818.65,22782.5,1081,1996238,1787,10056.82,1616
3,2024,8,1735,33054.81,1722,19.2,35344.46,1750.34,21168.23,1017,1981513,1684,9601.01,1532
3,2024,9,1862,35114.66,1850,18.98,37292.41,1759.75,20861.23,1039,2269582,1813,9911.07,1666
3,2024,10,1857,34822.65,1847,18.85,37437.76,1995.71,21586.49,1056,2155777,1800,10421.15,1648
3,2024,11,1979,37123.34,1965,18.89,40146.13,2300.7,23515.2,1168,2287491,1908,10705.59,1741
3,2024,12,1899,35066.18,1888,18.57,37958.62,2300.19,22057.33,1110,2332409,1838,10153.21,1668
3,2024,13,1743,31554.72,1725,18.29,33593.89,1624.67,18750.9,959,1967558,1680,9014.27,1537
3,2024,14,1951,35066.15,1927,18.2,37751.26,2204.61,21806.84,1101,2284533,1897,10017.4,1752
3,2024,15,1697,30474.86,1684,18.1,32910.81,2043.93,19661.29,990,1883114,1636,8855.48,1513
3,2024,16,1968,36707.78,1943,18.89,39910.55,2261.11,24177.73,1180,2295993,1899,10631.76,1718
3,2024,17,1997,38016.9,1982,19.18,40504.23,1965.07,24328.0,1174,2444130,1933,10914.31,1747
3,2024,18,2082,38920.62,2060,18.89,41617.4,2165.21,25367.82,1237,2696413,2013,11339.82,1799
3,2024,19,2084,39211.54,2064,19.0,42123.36,2315.98,24894.52,1240,2486574,2009,11283.61,1829
3,2024,20,2017,38015.31,2000,19.01,41154.86,2335.58,23670.71,1137,2472604,1947,10830.51,1734
3,2024,21,2096,40011.67,2074,19.29,43428.09,2738.83,26829.58,1278,2743317,2022,11322.41,1819
3,2024,22,2048,39626.76,2024,19.58,42399.83,2173.57,25152.72,1238,2601478,1996,10408.54,1747
3,2024,23,2122,39275.23,2100,18.7,42371.25,2369.23,25645.03,1271,2594495,2073,11184.7,1814
3,2024,24,2006,38294.01,1984,19.3,41436.16,2292.99,24096.08,1180,2452558,1953,10837.2,1723
3,2024,25,1909,35883.68,1895,18.94,38902.25,2391.62,24780.36,1172,2209458,1863,10151.73,1652
3,2024,26,2038,38320.34,2021,18.96,41280.45,2335.11,24495.18,1204,2622170,1990,10981.76,1772
3,2024,27,1723,31781.76,1706,18.63,33773.43,1443.12,19263.83,958,2091998,1681,9054.14,1500
3,2024,28,1864,34412.22,1850,18.6,36655.46,1688.99,22023.18,1109,2252118,1833,9958.25,1634
3,2024,29,1900,36183.33,1886,19.19,38906.06,2112.08,23872.47,1174,2186977,1864,10626.2,1679
3,2024,30,1815,34865.39,1800,19.37,37241.3,1870.69,22926.73,1101,2108566,1774,10319.95,1574
3,2024,31,1878,34344.65,1866,18.41,37141.09,2001.69,22418.95,1119,2171868,1850,9824.37,1648
3,2024,32,1909,35301.0,1897,18.61,37869.43,1936.67,22465.84,1145,2146763,1876,10019.86,1678
3,2024,33,1830,33847.2,1818,18.62,36221.12,1770.12,20998.9,1051,2102558,1797,9973.08,1607
3,2024,34,1758,33404.0,1745,19.14,35527.76,1543.51,20728.62,1014,2077236,1719,10001.32,1530
3,2024,35,2089,38699.78,2073,18.67,41329.06,2099.09,23298.96,1159,2457443,2043,11540.44,1828
3,2024,36,1966,34867.22,1951,17.87,37261.54,1858.81,21738.73,1107,2206761,1912,10335.59,1727
3,2024,37,1952,36912.65,1937,19.06,39307.24,1971.1,23679.54,1151,2391621,1921,10959.78,1730
3,2024,38,1903,36313.26,1888,19.23,39072.97,2221.96,23123.72,1120,2557917,1855,10557.84,1683
3,2024,39,1855,35738.23,1838,19.44,38374.38,2035.1,22783.84,1064,2383220,1814,10253.25,1616
3,2024,40,1945,36739.94,1932,19.02,39210.36,1986.92,22940.46,1111,2546393,1896,10652.24,1709
3,2024,41,1831,35323.25,1817,19.44,37783.42,1961.42,22380.86,1062,2296156,1785,10183.62,1606
3,2024,42,1966,37667.25,1947,19.35,40298.45,2055.95,24390.13,1167,2367235,1922,11206.47,1750
3,2024,43,1907,37285.47,1895,19.68,40108.73,2188.01,24627.33,1135,2530709,1871,10937.56,1694
3,2024,44,1929,36081.87,1912,18.87,38457.6,1723.22,22891.28,1107,2448521,1889,10605.37,1716
3,2024,45,1889,35189.04,1871,18.81,37617.54,1823.5,22568.38,1102,2239819,1857,10454.8,1691
3,2024,46,1962,36985.92,1937,19.09,39007.71,1704.54,23562.55,1156,2383849,1923,10960.11,1748
3,2024,47,2092,40429.63,2075,19.48,43337.46,2436.98,28405.25,1381,2561781,2067,11780.45,1886
3,2024,48,1801,33483.19,1780,18.81,35370.74,1467.8,20614.38,989,1996379,1756,10173.94,1620
3,2024,49,2086,38876.4,2063,18.84,41401.56,1999.07,25466.18,1246,2507437,2039,11356.37,1873
3,2024,50,2249,42209.9,2236,18.88,44982.35,2207.45,29104.05,1441,2676204,2221,12116.85,2038
3,2024,51,2101,40730.67,2084,19.54,43231.33,2083.4,28051.68,1365,2438274,2060,12177.35,1906
3,2024,52,1507,29126.22,1500,19.42,30662.54,1119.07,17533.86,845,1768175,1485,8854.78,1387
3,2025,1,1647,29687.22,1639,18.11,31209.36,1185.89,19255.65,1000,1715733,1634,8670.78,1493
3,2025,2,1891,34633.72,1879,18.43,36409.57,1380.32,23741.84,1170,2040778,1865,10396.11,1724
3,2025,3,1933,36205.46,1925,18.81,38527.98,1722.43,24690.67,1233,2518276,1915,10694.91,1783
3,2025,4,1815,34923.64,1806,19.34,37499.48,1664.09,24303.99,1206,2037565,1795,10500.61,1686
3,2025,5,1794,33412.35,1783,18.74,35390.95,1399.03,22159.2,1116,2384597,1761,10053.39,1638
3,2025,6,1946,36918.74,1932,19.11,38890.57,1437.25,24528.89,1221,2307891,1922,11006.41,1804
3,2025,7,2055,38442.93,2049,18.76,40999.3,1744.85,27920.08,1428,2140022,2029,11699.16,1930
3,2025,8,2112,41419.76,2104,19.69,43900.24,1742.98,30691.48,1509,2363737,2087,12599.62,2005
3,2025,9,2074,40070.27,2060,19.45,42567.1,1656.83,27516.45,1361,2294090,2037,12120.73,1920
3,2025,10,2057,39418.66,2051,19.22,41749.93,1642.77,26204.07,1292,2527211,2037,11787.62,1896
3,2025,11,2322,45134.74,2313,19.51,48221.43,1907.43,31018.78,1551,2838947,2291,13172.52,2166
3,2025,12,2307,44722.09,2297,19.47,47523.87,1950.57,32816.31,1611,2561620,2274,13411.5,2158
3,2025,13,1900,36878.52,1894,19.47,39319.83,1848.81,24635.48,1193,2300269,1876,11207.77,1752
3,2025,14,2207,42804.93,2200,19.46,45354.57,1851.17,29828.12,1419,2591215,2175,12600.38,2045
3,2025,15,2221,44065.42,2206,19.98,46571.35,1809.68,29874.86,1441,2905569,2191,13074.1,2044
3,2025,16,2220,42604.91,2214,19.24,44929.13,1582.47,31265.71,1552,2474794,2195,12674.45,2086
3,2025,17,2298,44962.87,2286,19.67,47861.11,2010.24,32935.03,1589,2702932,2267,13241.17,2139
3,2025,18,2360,44628.58,2350,18.99,47540.58,1804.5,31091.97,1550,2769535,2333,13128.32,2192
3,2025,19,2422,48155.07,2407,20.01,51025.67,2076.04,34874.75,1646,3105569,2383,14171.54,2252
3,2025,20,2778,54717.42,2767,19.77,58219.69,2489.51,40804.6,1928,3256318,2736,15688.05,2566
3,2025,21,2711,53763.67,2700,19.91,57047.03,2267.95,40529.31,1959,3310323,2683,15533.03,2561
3,2025,22,2335,45673.26,2325,19.64,48162.79,1740.03,33775.37,1632,2679512,2305,13278.59,2181
3,2025,23,2948,59041.67,2934,20.12,62047.73,2087.55,43970.26,2112,3555244,2903,16616.98,2763
3,2025,24,2871,57468.36,2864,20.07,60822.22,2164.61,42917.22,2085,3610742,2844,16500.9,2697
3,2025,25,2558,50140.31,2541,19.73,53311.06,2170.74,37430.17,1821,3058728,2527,14501.5,2397
3,2025,26,2488,48791.39,2471,19.75,52043.79,2302.9,36063.24,1722,2845903,2436,14084.48,2302
3,2025,27,1964,36224.26,1952,18.56,38414.19,1559.42,23526.59,1162,2442097,1932,10449.08,1781
3,2025,28,2182,41414.79,2171,19.08,43746.81,1619.17,29584.52,1438,2572453,2155,12057.8,2015
3,2025,29,2317,44712.24,2301,19.43,47449.65,1938.09,32477.41,1578,2653087,2279,12948.08,2130
3,2025,30,2153,41551.29,2149,19.34,43854.49,1677.29,29557.06,1455,2659700,2128,12171.41,1998
3,2025,31,2374,46401.13,2368,19.6,49187.87,1798.19,32574.79,1571,2837047,2345,13304.49,2191
3,2025,32,2375,45009.77,2365,19.03,47466.02,1603.75,31815.63,1598,2629632,2341,13311.4,2208
3,2025,33,2428,46883.78,2419,19.38,49584.78,1827.99,34738.73,1721,2886393,2400,13500.11,2271
3,2025,34,2286,45540.56,2277,20.0,48246.81,1815.5,32582.33,1569,2728034,2258,13118.64,2123
3,2025,35,2288,44648.31,2272,19.65,47338.08,1719.27,31915.72,1585,2631479,2251,13159.64,2140
3,2025,36,2149,39646.37,2136,18.56,41870.29,1574.65,27181.62,1365,2474561,2111,11592.96,1978
3,2025,37,2401,47215.11,2391,19.75,49816.35,1783.74,33888.74,1633,2813799,2369,13859.8,2215
3,2025,38,2643,53498.62,2632,20.33,56683.88,2050.14,39974.62,1931,3106044,2611,15410.07,2461
3,2025,39,2435,49171.55,2427,20.26,51973.06,1899.23,35644.23,1718,2850893,2403,14231.5,2262
3,2025,40,2442,48090.67,2434,19.76,51104.21,1755.72,34475.46,1712,2747710,2405,13811.58,2285
3,2025,41,2219,43434.18,2212,19.64,46021.52,1707.78,30513.44,1552,2592526,2195,12447.67,2067
3,2025,42,2272,43769.86,2267,19.31,46446.36,1741.39,32781.26,1650,2611686,2242,12454.2,2133
3,2025,43,2124,41231.91,2113,19.51,43843.9,1767.63,29663.58,1475,2399685,2093,11729.37,1972
3,2025,44,2229,44424.31,2220,20.01,47668.13,2018.47,32041.98,1612,2601786,2198,12341.65,2074
3,2025,45,1942,38023.82,1935,19.65,40842.76,1930.2,26695.38,1319,2189015,1914,11011.17,1782
3,2025,46,2126,40958.85,2121,19.31,43599.72,1755.57,29570.1,1469,2427516,2105,11617.5,1974
3,2025,47,2178,42774.56,2169,19.72,45911.99,2040.88,30451.65,1524,2564279,2147,12287.5,2025
3,2025,48,1643,30619.76,1635,18.73,32849.57,1484.29,20351.65,1052,1685255,1617,8721.63,1512
3,2025,49,2952,56690.64,2943,19.26,60213.21,2333.36,44578.62,2249,3230042,2921,15835.2,2784
3,2025,50,2846,54908.09,2835,19.37,58664.23,2318.04,41910.21,2117,3176610,2806,15375.22,2654
3,2025,51,2532,47645.52,2524,18.88,50915.94,2100.07,36746.11,1914,2704544,2506,13744.92,2376
3,2025,52,1491,26326.48,1481,17.78,28609.66,1622.85,17883.14,975,1419064,1466,7757.19,1368
3,2026,1,1438,24242.27,1428,16.98,26186.93,1210.89,15727.55,901,1408437,1413,6939.0,1314
3,2026,2,1949,34408.19,1942,17.72,36911.07,1592.63,23540.37,1347,1977078,1931,9913.9,1817
3,2026,3,2238,40197.84,2215,18.15,42884.4,1863.31,30120.94,1668,2383605,2197,11109.04,2105
3,2026,4,2023,35410.69,2014,17.58,38064.03,1668.1,26181.02,1498,2056754,2001,9750.78,1906
3,2026,5,2443,43077.5,2425,17.76,45846.33,1807.18,33280.27,1839,2554785,2407,11746.43,2282
3,2026,6,2207,38976.98,2198,17.73,41128.43,1321.4,27995.05,1600,2364332,2184,10926.87,2081
3,2026,7,1983,36069.27,1976,18.25,38716.02,1687.75,25689.03,1403,2070295,1957,10001.56,1849
3,2026,8,1856,34413.72,1849,18.61,36701.93,1487.71,24278.81,1321,1854214,1838,9883.26,1744
3,2026,9,2059,38202.96,2054,18.6,40732.03,1757.82,27721.72,1460,2241079,2041,10702.34,1925
3,2026,10,2147,38604.57,2143,18.01,41152.24,1774.92,28366.85,1519,2218562,2127,10660.34,1988
3,2026,11,2752,49867.74,2742,18.19,53247.19,2142.25,39213.86,2136,2811338,2714,13586.52,2599
3,2026,12,3070,53717.89,3062,17.54,56954.02,1901.38,45276.37,2501,2875384,3034,14528.1,2912
3,2026,13,2083,35263.39,2078,16.97,37657.64,1608.5,27679.57,1577,1863738,2057,9872.72,1937
3,2026,14,2496,42931.96,2485,17.28,45569.91,1627.61,33576.72,1884,2595796,2469,11755.71,2354
3,2026,15,2495,43827.49,2484,17.64,46600.9,1640.86,35245.17,1911,2451849,2462,12157.76,2349
3,2026,16,2615,48292.17,2609,18.51,51047.09,1769.66,39587.81,2062,2802471,2582,13107.46,2481
3,2026,17,2662,48239.52,2655,18.17,51073.22,1619.7,39540.48,2141,2741035,2629,13057.71,2524
3,2026,18,2767,48488.26,2751,17.63,51448.94,1789.59,38153.14,2120,2728333,2718,12821.3,2557
3,2026,19,2975,53801.3,2963,18.16,57017.21,1901.41,43911.81,2339,3190394,2941,14462.32,2804
3,2026,20,3070,56258.37,3062,18.37,59700.0,1925.25,48230.25,2513,3279005,3043,15240.91,2919
3,2026,21,3197,58357.84,3177,18.37,62331.05,2105.41,47724.66,2542,3403743,3149,15523.12,2989
3,2026,22,2827,49495.79,2806,17.64,52926.55,1661.59,41830.56,2271,2677443,2787,13237.81,2653
30,2024,1,48,1453.06,48,30.27,1491.88,38.82,692.88,23,73677,47,385.26,42
30,2024,2,60,1649.6,60,27.49,1691.76,32.66,788.77,30,120410,57,476.99,50
30,2024,3,60,1749.31,60,29.16,1865.5,32.69,712.06,27,78075,53,497.67,50
30,2024,4,66,1991.84,66,30.18,2081.18,62.09,823.33,28,112416,64,619.75,58
30,2024,5,60,1787.02,59,30.29,1828.96,30.94,835.47,29,89520,55,581.98,52
30,2024,6,64,1957.01,64,30.58,1995.35,4.34,896.06,32,90661,61,668.66,58
30,2024,7,61,1843.86,61,30.23,1851.36,2.0,706.75,26,87370,57,587.93,56
30,2024,8,52,1570.76,52,30.21,1625.98,35.72,834.68,27,75172,47,488.27,41
30,2024,9,52,1678.83,51,32.92,1712.22,11.89,734.73,26,75960,47,504.0,42
30,2024,10,53,1699.83,53,32.07,1857.83,29.25,957.57,35,79518,53,577.03,50
30,2024,11,56,1594.61,54,29.53,1684.92,88.31,838.66,31,71215,49,565.2,47
30,2024,12,48,1560.64,47,33.21,1606.91,37.27,710.49,24,71683,47,458.55,42
30,2024,13,51,1732.16,50,34.64,1860.37,53.21,736.18,25,76199,48,543.45,43
30,2024,14,62,1945.95,60,32.43,2099.43,67.73,850.43,27,94727,59,566.02,50
30,2024,15,51,1669.74,50,33.39,1744.99,57.75,868.37,27,70445,47,510.09,40
30,2024,16,72,2078.35,72,28.87,2335.91,105.06,1149.76,41,100301,67,668.09,63
30,2024,17,69,2199.12,69,31.87,2318.65,50.78,1183.05,43,107424,67,759.45,62
30,2024,18,65,2019.17,63,32.05,2058.09,29.92,827.41,29,113181,63,652.08,56
30,2024,19,53,1853.32,52,35.64,1967.49,28.17,683.71,25,81784,51,595.08,47
30,2024,20,74,2318.42,73,31.76,2472.02,71.6,1040.06,35,120667,68,717.66,62
30,2024,21,81,2536.55,81,31.32,2814.4,143.85,1086.99,38,130880,73,798.48,69
30,2024,22,68,2151.19,67,32.11,2290.31,52.12,1187.1,42,181420,65,677.42,57
30,2024,23,67,2231.5,67,33.31,2370.6,79.1,1182.28,41,117720,66,664.37,56
30,2024,24,67,2300.18,67,34.33,2443.63,59.95,1002.27,33,113414,67,743.34,59
30,2024,25,69,2535.3,69,36.74,2738.14,133.34,1319.19,40,133703,68,742.46,59
30,2024,26,71,2108.98,71,29.7,2272.64,99.66,1142.72,41,119533,70,672.03,64
30,2024,27,48,1461.29,48,30.44,1522.06,34.77,846.67,30,72732,47,481.4,42
30,2024,28,72,1914.51,72,26.59,2043.03,106.52,1262.12,45,104163,66,614.04,64
30,2024,29,72,2440.42,71,34.37,2597.15,65.73,1003.5,31,129552,70,778.55,62
30,2024,30,70,1984.03,69,28.75,2174.8,69.27,1047.25,34,105036,66,728.14,57
30,2024,31,86,2826.8,86,32.87,3031.86,113.56,1599.77,50,138695,84,912.61,77
30,2024,32,90,2962.4,87,34.05,3205.13,162.23,1576.04,45,198077,85,950.16,76
30,2024,33,70,2345.29,70,33.5,2486.79,67.0,1208.99,39,132921,69,806.43,61
30,2024,34,81,2628.34,80,32.85,2794.78,113.44,1378.45,46,145257,79,857.66,71
30,2024,35,83,2549.12,82,31.09,2685.44,55.32,1471.05,49,131604,78,927.47,72
30,2024,36,69,2325.56,69,33.7,2420.42,58.61,997.43,31,128320,68,740.58,59
30,2024,37,87,2829.78,83,34.09,3114.7,187.42,1541.01,50,174477,83,917.55,72
30,2024,38,93,3012.37,91,33.1,3335.32,188.45,1730.53,47,188301,88,919.75,82
30,2024,39,78,2604.11,76,34.26,2834.86,114.75,1207.05,35,146733,68,806.9,65
30,2024,40,89,2815.35,85,33.12,2977.07,112.22,1261.33,43,271855,82,904.17,75
30,2024,41,90,2935.81,85,34.54,3011.93,54.12,1163.88,39,160300,85,938.04,77
30,2024,42,72,2467.55,71,34.75,2588.42,76.87,1215.72,40,115424,69,756.24,62
30,2024,43,59,2067.88,58,35.65,2242.51,135.13,1076.52,31,97561,57,664.8,48
30,2024,44,67,2347.6,66,35.57,2597.42,78.02,1309.24,42,100274,65,723.69,55
30,2024,45,61,2159.72,60,36.0,2468.05,82.83,1084.75,35,136997,58,700.94,56
30,2024,46,58,1757.42,56,31.38,2000.38,50.96,793.17,27,92747,56,620.91,49
30,2024,47,70,2285.98,70,32.66,2383.21,79.73,1412.56,46,116540,70,714.24,67
30,2024,48,43,1468.26,43,34.15,1551.08,46.32,982.87,32,64811,41,474.08,39
30,2024,49,63,2066.28,62,33.33,2165.35,74.57,987.95,34,94667,62,655.8,55
30,2024,50,70,2043.86,68,30.06,2144.71,45.35,1099.84,43,93144,68,629.06,60
30,2024,51,58,1843.17,57,32.34,1883.29,16.62,1066.52,39,99053,57,617.75,54
30,2024,52,56,1632.27,56,29.15,1898.82,56.3,699.75,28,71344,56,567.96,47
30,2025,1,65,1793.82,64,28.03,1884.74,49.92,948.63,34,90988,64,611.4,53
30,2025,2,49,1663.96,49,33.96,1692.09,21.13,907.96,32,77254,48,592.59,48
30,2025,3,64,2332.13,64,36.44,2398.61,58.98,1320.91,43,120159,64,807.89,60
30,2025,4,60,1720.57,59,29.16,1778.93,47.36,963.04,34,81500,59,598.01,52
30,2025,5,58,1928.35,58,33.25,2015.17,29.82,822.74,27,82133,57,627.84,47
30,2025,6,78,2436.53,78,31.24,2473.07,23.54,1268.26,43,120927,77,839.36,70
30,2025,7,69,2054.19,68,30.21,2223.16,75.47,1438.29,49,117166,68,682.17,64
30,2025,8,66,1996.99,66,30.26,2046.49,39.0,1202.7,42,87505,63,677.35,58
30,2025,9,74,2225.74,74,30.08,2263.14,32.4,1064.26,37,170982,70,723.6,65
30,2025,10,78,2477.19,77,32.17,2559.59,55.4,1279.49,45,132732,76,864.22,73
30,2025,11,94,2519.55,94,26.8,2677.15,74.1,1752.47,63,150801,91,737.89,84
30,2025,12,88,2655.6,88,30.18,2834.32,104.22,1710.16,58,159508,87,874.47,80
30,2025,13,73,2205.76,71,31.07,2362.49,61.73,1146.78,41,114589,70,728.07,62
30,2025,14,65,2006.93,64,31.36,2130.21,79.28,1268.95,46,101314,64,654.44,60
30,2025,15,74,2366.53,74,31.98,2533.11,95.58,1548.49,52,128391,73,795.46,68
30,2025,16,84,2634.54,84,31.36,2743.16,59.12,1570.37,53,139606,83,896.03,80
30,2025,17,89,2957.36,88,33.61,3074.36,84.0,1471.7,50,129707,84,842.56,79
30,2025,18,96,2716.27,93,29.21,2865.69,90.92,1508.58,52,153746,91,876.49,80
30,2025,19,67,2201.9,67,32.86,2318.8,69.9,1277.29,44,120388,66,783.16,62
30,2025,20,123,3557.68,122,29.16,3840.48,118.3,2240.32,80,216115,117,1204.02,108
30,2025,21,109,3354.6,107,31.35,3627.54,112.44,2176.3,71,175097,105,1062.77,95
30,2025,22,93,3066.39,92,33.33,3282.15,118.67,2026.57,65,195803,92,1068.23,88
30,2025,23,100,3209.24,100,32.09,3431.06,116.82,2117.05,71,165633,100,931.75,89
30,2025,24,95,2685.22,93,28.87,2826.18,78.46,1536.95,58,155974,92,901.3,87
30,2025,25,97,2893.84,97,29.83,3009.28,81.44,1831.88,68,132233,95,856.77,87
30,2025,26,94,2964.63,93,31.88,3115.12,72.23,1559.78,57,168601,89,932.12,82
30,2025,27,84,2338.34,83,28.17,2510.92,63.58,1630.11,65,167717,82,773.66,76
30,2025,28,69,2118.83,69,30.71,2172.28,28.45,1085.73,38,112379,69,726.22,63
30,2025,29,77,2542.3,76,33.45,2657.98,76.68,1309.02,47,141687,76,808.49,70
30,2025,30,86,2482.45,86,28.87,2685.87,94.92,1685.12,58,198140,83,851.89,78
30,2025,31,85,2560.85,84,30.49,2698.93,64.69,1333.5,48,152685,82,850.73,74
30,2025,32,82,2655.97,82,32.39,2794.15,82.18,1767.96,60,129839,82,897.76,76
30,2025,33,92,2919.62,90,32.44,3034.03,73.41,1733.86,56,160073,87,936.66,82
30,2025,34,98,2816.85,98,28.74,2946.73,17.38,1533.84,55,145713,98,956.3,90
30,2025,35,75,2744.54,72,38.12,2928.7,99.41,1566.33,44,199205,71,922.89,65
30,2025,36,80,2554.81,79,32.34,2595.85,28.04,1344.1,45,126055,78,827.39,77
30,2025,37,98,3082.42,97,31.78,3215.51,85.84,1715.22,59,154650,96,954.43,88
30,2025,38,136,4554.31,135,33.74,4849.66,226.0,2750.79,88,230678,134,1413.33,130
30,2025,39,89,2638.48,88,29.98,2791.49,67.07,1265.52,45,161014,86,885.98,77
30,2025,40,93,3310.29,93,35.59,3423.5,62.61,1654.29,50,219730,93,968.13,84
30,2025,41,85,2842.85,84,33.84,2940.94,49.64,1149.15,46,172345,84,978.22,82
30,2025,42,68,2461.16,68,36.19,2647.12,83.61,1670.37,42,109277,67,645.44,58
30,2025,43,64,2108.72,64,32.95,2317.31,42.29,1183.2,36,143768,64,676.54,57
30,2025,44,63,2111.51,63,33.52,2258.65,96.74,1028.03,33,123720,63,661.54,58
30,2025,45,71,2195.53,71,30.92,2277.97,70.94,1448.51,49,118724,71,689.88,68
30,2025,46,64,1777.08,64,27.77,1872.49,42.91,1150.13,42,96157,64,585.46,61
30,2025,47,70,1987.12,67,29.66,2098.68,76.06,1185.36,43,129971,67,589.18,61
30,2025,48,56,1750.67,55,31.83,1895.33,75.66,929.46,31,97005,53,573.32,49
30,2025,49,86,2563.53,84,30.52,2893.92,161.39,1915.54,61,158693,81,872.35,80
30,2025,50,73,2117.65,70,30.25,2230.1,75.95,1482.76,50,124534,67,734.82,61
30,2025,51,80,2420.2,80,30.25,2617.0,105.8,1439.16,50,128982,80,760.48,74
30,2025,52,33,1007.74,33,30.54,1045.99,20.25,487.14,17,64127,32,348.52,32
30,2026,1,44,1294.35,43,30.1,1326.35,9.0,581.59,21,77603,43,425.27,42
30,2026,2,65,1964.94,64,30.7,2011.69,35.75,938.3,33,117219,64,672.75,60
30,2026,3,64,1967.61,63,31.23,2048.33,60.22,855.0,30,113254,63,690.97,60
30,2026,4,49,1470.64,48,30.64,1535.16,54.02,672.12,23,74692,46,475.83,45
30,2026,5,77,2278.29,74,30.79,2452.02,71.23,1166.8,36,146591,74,740.17,70
30,2026,6,73,2422.46,72,33.65,2574.41,39.95,1059.39,37,104796,71,723.75,68
30,2026,7,58,1638.75,57,28.75,1730.43,41.68,710.44,26,94365,56,567.1,54
30,2026,8,64,1762.66,62,28.43,1928.62,93.96,831.68,25,103991,61,562.67,56
30,2026,9,63,1720.76,63,27.31,1787.48,15.72,693.72,26,94695,62,538.16,55
30,2026,10,83,2490.74,82,30.37,2627.51,77.92,1210.94,37,174014,79,793.39,69
30,2026,11,63,2064.98,61,33.85,2201.53,59.05,1139.06,38,110333,61,620.78,59
30,2026,12,53,1511.06,53,28.51,1716.74,84.68,783.91,24,85908,50,508.77,51
30,2026,13,37,1072.86,36,29.8,1152.01,57.65,483.09,17,59294,36,349.58,33
30,2026,14,62,1890.54,61,30.99,2079.06,69.52,890.91,26,86232,60,568.85,53
30,2026,15,87,2277.57,85,26.79,2520.46,134.89,1380.45,51,148474,83,736.6,82
30,2026,16,67,2248.29,66,34.06,2442.82,111.03,1241.13,37,149056,66,705.17,63
30,2026,17,66,2091.13,66,31.68,2238.1,96.97,1270.92,38,130130,64,641.9,58
30,2026,18,87,2823.95,85,33.22,3142.44,121.19,1525.36,46,191621,85,902.92,80
30,2026,19,104,3246.24,101,32.14,3632.32,215.08,1924.42,59,180295,98,997.1,88
30,2026,20,91,2703.42,91,29.71,2944.11,117.69,1365.29,48,155275,89,865.65,86
30,2026,21,104,3217.17,103,31.23,3654.88,204.96,1745.42,59,173079,101,863.44,89
30,2026,22,90,3087.24,88,35.08,3532.03,278.54,1959.09,60,213427,86,971.4,78
31,2024,1,96,2195.12,96,22.87,2328.52,82.15,1527.55,61,91977,89,502.63,73
31,2024,2,121,2725.58,121,22.53,2839.92,95.84,2068.33,89,145338,118,783.44,108
31,2024,3,108,2493.84,108,23.09,2611.53,84.19,1635.09,71,128600,106,774.63,93
31,2024,4,137,3032.41,136,22.3,3336.77,187.11,2253.1,92,159003,128,739.08,110
31,2024,5,154,3691.77,153,24.13,3834.85,111.58,2533.51,97,203625,147,1039.48,135
31,2024,6,123,3119.21,122,25.57,3193.63,61.92,1878.42,73,166367,117,906.43,112
31,2024,7,161,3550.16,158,22.47,3878.38,135.17,2666.94,114,160887,151,973.76,121
31,2024,8,106,2504.54,106,23.63,2650.34,98.3,1871.24,74,119066,102,674.86,92
31,2024,9,174,4142.59,171,24.23,4379.65,178.26,3051.21,115,194600,163,1100.52,144
31,2024,10,143,3581.25,143,25.04,3761.72,100.72,2655.52,103,175809,138,1101.93,130
31,2024,11,149,3203.81,147,21.79,3533.4,189.59,2534.85,110,166656,138,904.73,122
31,2024,12,168,3920.7,168,23.34,4256.93,168.73,2751.42,116,209000,165,1038.64,140
31,2024,13,132,3274.96,131,25.0,3512.39,183.93,2491.46,89,141008,128,763.61,105
31,2024,14,153,3317.71,150,22.12,3513.71,165.5,2529.83,101,235377,142,905.91,129
31,2024,15,144,3061.4,143,21.41,3312.93,171.03,2274.4,99,151361,137,819.41,113
31,2024,16,178,3898.35,176,22.15,4089.0,141.65,3084.15,133,206632,170,1116.04,152
31,2024,17,178,3870.35,176,21.99,4164.89,177.04,2913.47,130,264205,168,1063.29,143
31,2024,18,219,4787.43,217,22.06,5071.37,213.94,3858.52,162,255076,208,1368.82,174
31,2024,19,182,4123.27,180,22.91,4524.46,246.69,2902.42,125,242582,176,1038.52,147
31,2024,20,215,4551.28,214,21.27,4979.86,310.08,3371.63,159,266212,206,1236.38,185
31,2024,21,193,4589.49,190,24.16,5019.32,230.83,3145.69,134,293669,184,1208.81,164
31,2024,22,216,4653.64,215,21.64,5173.89,271.0,3520.77,154,223063,206,1252.65,175
31,2024,23,232,5248.72,229,22.92,5765.42,337.7,3993.78,157,264359,221,1414.04,183
31,2024,24,168,3396.92,166,20.46,3812.98,227.31,2533.13,116,208375,162,955.34,139
31,2024,25,166,4016.35,161,24.95,4323.34,245.99,3009.8,113,199775,156,1042.53,130
31,2024,26,205,4646.71,201,23.12,5034.9,287.44,3398.13,132,239191,194,1119.99,158
31,2024,27,173,3514.52,172,20.43,3744.1,156.58,2632.82,116,196015,165,1041.45,139
31,2024,28,115,2684.02,114,23.54,2903.94,128.92,1809.6,75,145694,111,722.92,96
31,2024,29,167,3779.79,166,22.77,4095.89,210.6,2679.16,113,219605,164,1044.78,137
31,2024,30,153,3142.8,150,20.95,3370.01,132.71,2068.9,97,230635,145,924.52,126
31,2024,31,146,3522.69,145,24.29,3769.79,159.1,2701.19,104,212724,140,1059.98,126
31,2024,32,162,4156.39,161,25.82,4582.23,285.94,3225.89,114,184742,157,942.64,129
31,2024,33,126,3092.26,125,24.74,3427.57,167.31,2113.5,78,163284,124,891.03,107
31,2024,34,145,3637.11,143,25.43,3841.02,160.91,2532.4,97,209189,140,1143.8,119
31,2024,35,179,4227.62,178,23.75,4667.34,248.72,3212.71,130,220821,174,1093.32,152
31,2024,36,148,3435.68,148,23.21,3652.33,155.65,2396.65,102,174107,144,917.6,123
31,2024,37,163,3829.62,161,23.79,4382.82,269.8,3007.92,117,211394,156,1108.68,135
31,2024,38,165,3993.36,164,24.35,4388.76,202.65,2999.95,106,192456,156,1121.85,136
31,2024,39,152,3817.12,152,25.11,4231.28,289.16,3113.99,111,217877,149,1069.87,129
31,2024,40,191,4613.93,190,24.28,5132.69,252.76,3277.07,125,240264,188,1325.3,156
31,2024,41,182,4439.81,182,24.39,4893.79,301.48,3382.15,126,202827,178,1077.83,139
31,2024,42,227,5110.46,225,22.71,5627.92,330.96,3874.66,161,266276,220,1344.11,188
31,2024,43,193,4571.86,190,24.06,5089.49,341.38,3506.96,136,237512,186,1300.82,161
31,2024,44,195,4500.05,193,23.32,4871.87,173.98,3015.7,121,216549,190,1298.94,163
31,2024,45,170,4536.8,170,26.69,4845.36,186.06,2898.95,112,236446,167,1154.14,145
31,2024,46,172,4171.84,172,24.25,4491.15,199.31,3141.71,121,264358,167,1200.61,152
31,2024,47,203,4842.36,201,24.09,5265.68,326.57,3600.49,146,270148,196,1255.84,173
31,2024,48,117,2786.52,114,24.44,3073.8,134.53,1750.17,61,129349,111,701.69,91
31,2024,49,151,3286.05,148,22.2,3638.52,200.47,2624.58,113,167420,147,927.63,137
31,2024,50,197,4296.98,196,21.92,4665.85,265.62,3251.5,148,224750,193,1191.52,172
31,2024,51,157,3724.02,156,23.87,4013.39,205.87,2732.34,110,201634,153,1118.87,136
31,2024,52,114,2574.43,114,22.58,2771.36,126.03,1578.43,67,120092,112,699.43,90
31,2025,1,125,2821.73,122,23.13,2907.84,79.11,1643.82,70,115579,119,731.75,100
31,2025,2,153,3405.36,153,22.26,3643.42,149.06,2288.64,94,173456,152,1009.99,129
31,2025,3,154,3121.32,154,20.27,3267.67,87.85,1952.14,88,167174,152,955.12,129
31,2025,4,145,3893.99,144,27.04,4154.99,166.0,2459.72,96,219461,144,1149.56,122
31,2025,5,153,3315.66,153,21.67,3440.78,89.62,2243.4,92,229160,151,1045.52,128
31,2025,6,201,4575.58,200,22.88,4832.78,118.95,2791.92,123,277736,197,1360.33,174
31,2025,7,216,4842.87,216,22.42,5148.08,209.96,3589.8,154,257051,213,1423.96,201
31,2025,8,204,4495.13,203,22.14,4881.9,222.52,3130.59,139,236018,200,1324.43,183
31,2025,9,205,4365.55,203,21.51,4572.08,115.53,2840.76,126,253597,202,1255.66,176
31,2025,10,215,4657.34,214,21.76,5002.98,216.39,2966.0,143,246935,211,1272.02,188
31,2025,11,265,6072.62,264,23.0,6483.17,263.55,4533.26,209,309606,259,1598.11,242
31,2025,12,302,6433.37,302,21.3,6959.39,356.52,5003.03,238,417071,298,1723.26,280
31,2025,13,200,4480.42,200,22.4,4993.75,237.08,3328.17,129,240771,200,1286.99,175
31,2025,14,238,5120.53,238,21.51,5411.0,174.22,3703.7,171,300395,232,1525.27,215
31,2025,15,221,4639.99,220,21.09,4876.06,169.57,3478.41,160,269101,219,1355.96,197
31,2025,16,210,4434.08,210,21.11,4723.77,138.19,3432.54,158,269969,208,1337.23,191
31,2025,17,264,5917.75,260,22.76,6386.66,280.41,4564.34,201,318840,257,1634.71,230
31,2025,18,200,4302.78,200,21.51,4555.38,168.1,3047.41,144,231481,198,1201.77,182
31,2025,19,253,5698.43,252,22.61,6240.97,308.54,4253.11,181,331813,249,1607.97,224
31,2025,20,288,6450.74,285,22.63,6916.35,262.11,4945.19,220,319568,279,1523.32,251
31,2025,21,277,5994.6,276,21.72,6461.96,280.11,5041.73,227,344979,271,1638.61,258
31,2025,22,237,5935.28,236,25.15,6426.04,350.26,4985.02,198,308367,232,1568.84,216
31,2025,23,355,8124.33,354,22.95,9023.73,433.9,6973.95,295,410828,352,2131.86,320
31,2025,24,340,7441.17,339,21.95,8104.09,442.92,6492.09,292,368711,337,1826.91,312
31,2025,25,320,6973.72,318,21.93,7541.72,369.75,5682.27,257,410026,312,1939.09,293
31,2025,26,262,5687.1,260,21.87,6193.83,310.23,4450.81,199,309666,257,1630.12,237
31,2025,27,201,4227.61,200,21.14,4423.64,79.77,3115.85,149,319748,198,1222.19,185
31,2025,28,189,4101.7,189,21.7,4426.03,145.33,3002.47,132,221723,182,1110.72,162
31,2025,29,244,5737.38,244,23.51,6245.99,350.61,4513.61,192,331209,240,1513.3,218
31,2025,30,201,4513.06,200,22.57,4841.78,175.22,3382.91,149,258112,198,1302.44,185
31,2025,31,246,5660.58,245,23.1,6213.17,374.34,4412.9,194,235043,240,1227.54,214
31,2025,32,256,5577.17,254,21.96,6022.27,260.6,4299.83,189,275487,247,1442.19,215
31,2025,33,252,5460.41,252,21.67,5970.73,323.07,4629.81,204,325940,248,1546.82,236
31,2025,34,220,4644.81,220,21.11,5028.34,208.28,3850.33,178,297539,218,1340.56,204
31,2025,35,269,6003.33,267,22.48,6748.32,338.99,4944.56,216,363316,261,1584.11,233
31,2025,36,223,4912.94,223,22.03,5275.25,160.81,3844.28,172,230181,220,1247.18,205
31,2025,37,296,6658.36,295,22.57,7105.3,298.44,5151.03,237,370003,291,1838.71,272
31,2025,38,322,6683.44,322,20.76,7154.76,252.32,5552.55,264,366970,318,1812.8,297
31,2025,39,289,5979.58,289,20.69,6604.64,202.82,4831.34,240,350824,286,1525.15,265
31,2025,40,356,7098.66,354,20.05,7573.92,336.71,6082.56,302,360162,349,1799.57,331
31,2025,41,305,5920.06,302,19.6,6391.93,173.4,4827.41,243,319765,294,1535.55,275
31,2025,42,264,4803.68,263,18.26,5146.65,172.97,3683.04,203,264578,259,1228.31,239
31,2025,43,289,5371.79,289,18.59,5765.38,213.84,4456.62,237,286760,286,1323.31,263
31,2025,44,338,6908.42,338,20.44,7513.0,302.08,5944.34,287,338397,334,1681.98,301
31,2025,45,243,4812.73,243,19.81,5240.56,192.33,3898.62,205,255207,241,1250.9,225
31,2025,46,261,5280.63,261,20.23,5683.97,230.83,4286.03,218,274967,260,1319.32,238
31,2025,47,275,5013.69,275,18.23,5483.32,284.88,4196.1,226,268867,271,1161.37,249
31,2025,48,235,4060.26,234,17.35,4311.07,104.06,3109.75,180,205489,231,1052.68,216
31,2025,49,421,7790.37,420,18.55,8548.21,354.09,6361.18,357,427309,417,1935.01,395
31,2025,50,288,5683.65,287,19.8,6108.66,267.18,4579.18,233,287061,283,1512.89,266
31,2025,51,292,5631.71,292,19.29,6049.72,180.51,4645.98,251,302807,285,1458.24,268
31,2025,52,166,3146.9,166,18.96,3410.9,143.0,2573.48,127,167963,165,785.55,149
31,2026,1,191,3623.38,190,19.07,3795.73,96.35,2675.9,145,159227,188,819.16,177
31,2026,2,209,3915.14,208,18.82,4262.66,197.02,3151.47,164,190426,207,955.2,187
31,2026,3,232,4172.7,231,18.06,4340.28,69.58,3181.64,180,225840,231,1123.41,217
31,2026,4,213,3910.23,213,18.36,4091.94,109.71,2949.44,164,208251,209,1015.96,193
31,2026,5,226,4076.77,225,18.12,4337.21,132.44,3039.81,182,227382,222,1023.96,207
31,2026,6,240,4217.37,237,17.79,4601.26,185.39,3103.93,184,229207,235,1090.75,229
31,2026,7,255,4694.8,254,18.48,5023.68,197.87,3790.78,204,249141,252,1231.68,238
31,2026,8,183,3600.55,183,19.68,3840.84,164.04,2841.59,153,211245,181,821.95,160
31,2026,9,251,4516.03,251,17.99,4833.39,197.86,3496.58,197,295209,249,1143.99,233
31,2026,10,247,4996.99,245,20.4,5265.42,171.93,3851.39,198,268400,245,1331.22,229
31,2026,11,360,7042.73,360,19.56,7478.36,176.63,6028.01,313,365362,357,1740.27,333
31,2026,12,383,7068.19,381,18.55,7534.08,177.89,5916.1,337,352631,377,1782.71,360
31,2026,13,224,4129.29,223,18.52,4417.07,154.53,3458.14,188,200924,221,996.87,204
31,2026,14,305,5440.87,301,18.08,5731.37,145.0,4389.86,247,326995,295,1355.64,284
31,2026,15,334,6395.32,334,19.15,6753.69,190.37,5400.35,283,339070,332,1649.73,312
31,2026,16,366,6675.59,364,18.34,7023.47,213.88,5504.72,306,371619,361,1709.63,343
31,2026,17,346,6706.08,346,19.38,7099.81,161.48,5491.82,307,368417,345,1754.82,334
31,2026,18,406,7351.15,406,18.11,7782.43,220.73,6331.7,359,396844,404,1695.27,376
31,2026,19,391,7713.5,391,19.73,8238.45,319.95,6794.59,353,458875,390,1860.95,368
31,2026,20,461,9217.19,461,19.99,9953.42,383.73,7949.64,410,557833,458,2248.93,433
31,2026,21,441,7972.72,441,18.08,8478.18,232.21,7248.66,395,421361,433,1921.28,414
31,2026,22,411,7826.49,410,19.09,8281.45,233.96,6516.62,352,381961,404,1872.12,382
32,2024,1,10281,130818.63,10241,12.77,153988.46,16524.12,83346.62,5894,6985032,10123,32113.33,9272
32,2024,2,13500,162461.19,13447,12.08,193979.95,23964.56,114644.42,8635,9164164,13295,38408.98,12241
32,2024,3,13937,175342.95,13881,12.63,212607.95,26985.84,126784.31,9269,9818696,13654,40636.0,12409
32,2024,4,18577,244562.13,18497,13.22,297739.54,39768.51,180801.43,12489,14645656,18242,58086.0,16608
32,2024,5,15433,194388.22,15368,12.65,231103.36,28511.21,136371.43,9815,11146732,15184,46664.46,13883
32,2024,6,15559,196997.36,15504,12.71,236166.33,29498.9,139288.22,10076,11246436,15327,47822.32,14048
32,2024,7,17094,219843.77,17032,12.91,264234.56,33010.7,158618.06,11255,12306420,16848,53956.72,15475
32,2024,8,18220,241175.61,18145,13.29,296347.05,37647.71,175530.34,12048,13169515,17910,58358.57,16407
32,2024,9,17353,226814.97,17251,13.15,272493.36,34592.23,163923.71,11435,12932046,17017,55709.74,15640
32,2024,10,19132,253109.12,19025,13.3,304329.37,38545.56,181346.01,12512,14518097,18820,62377.09,17296
32,2024,11,20518,278068.26,20391,13.64,337670.93,42476.79,201658.76,13460,16818812,20081,65405.06,18366
32,2024,12,21355,308356.26,21220,14.53,372233.73,47541.09,225889.45,14180,18052085,20880,77027.45,19063
32,2024,13,19391,259507.04,19251,13.48,314202.29,38902.19,186042.27,12588,14922141,18993,63542.58,17506
32,2024,14,19708,259422.41,19592,13.24,312746.54,39461.6,184657.18,12727,15655339,19280,62140.37,17747
32,2024,15,18488,279629.19,18391,15.2,341862.44,45583.41,211722.36,12600,16247184,18094,70701.87,16609
32,2024,16,21040,318779.44,20943,15.22,386105.71,49398.14,238222.7,14173,18676289,20685,83385.01,19108
32,2024,17,19441,264444.13,19332,13.68,317926.99,38950.89,193503.93,13023,16321228,19080,63907.06,17450
32,2024,18,20495,300648.26,20402,14.74,361081.02,43898.13,222454.8,13807,18448994,20148,74666.26,18501
32,2024,19,20840,320418.36,20739,15.45,386103.47,48512.87,239971.82,14128,20162378,20440,78835.88,18609
32,2024,20,24460,359217.48,24318,14.77,444209.28,57929.64,271331.8,16659,22411943,23958,85006.25,21758
32,2024,21,21331,340663.26,21190,16.08,411173.59,50709.93,254379.69,14437,20896767,20904,81946.03,18955
32,2024,22,23277,323716.64,23128,14.0,395061.55,49551.66,248713.37,16587,18425880,22814,69900.42,20565
32,2024,23,24251,379735.42,24108,15.75,461351.31,58470.53,289543.31,16520,22969442,23810,93478.23,21642
32,2024,24,23653,354727.43,23516,15.08,431474.6,55277.32,261869.46,16038,21247223,23216,85859.22,21083
32,2024,25,22000,318450.82,21866,14.56,389778.82,49428.56,235374.81,14813,18303640,21609,73091.23,19447
32,2024,26,23159,347763.13,22999,15.12,422765.6,53781.07,259633.91,15519,20539262,22727,82757.29,20535
32,2024,27,14043,201677.79,13944,14.46,240676.89,26121.21,135556.79,8636,11371578,13782,48323.71,12467
32,2024,28,18997,257393.1,18879,13.63,311090.26,37264.71,180065.33,12074,16005555,18663,59903.76,16974
32,2024,29,21412,313260.0,21295,14.71,382282.16,47246.08,227286.68,14187,18360776,21043,74385.94,19133
32,2024,30,20118,298386.4,20032,14.9,363504.43,45086.97,217960.72,13256,17874704,19796,73105.0,18234
32,2024,31,23519,359301.96,23422,15.34,440267.84,55896.42,270884.58,16039,20735416,23157,82284.42,21246
32,2024,32,21771,322702.44,21680,14.88,393547.31,48240.94,235352.16,14334,18343657,21435,75479.8,19787
32,2024,33,19951,297040.72,19862,14.96,360304.0,44242.51,215864.35,12994,17301204,19624,73769.78,18155
32,2024,34,19584,286604.89,19494,14.7,351850.71,43734.95,208109.02,13180,15880282,19287,69287.83,17674
32,2024,35,20026,292115.05,19949,14.64,352369.63,42327.85,212031.81,12989,17447622,19714,70777.91,18264
32,2024,36,17141,256607.77,17053,15.05,307787.93,34652.32,177529.9,10735,14841312,16837,63665.59,15625
32,2024,37,21738,335919.56,21653,15.51,408938.97,51770.01,251370.76,14710,19057155,21404,82956.95,19679
32,2024,38,21776,326104.04,21679,15.04,394911.82,50236.06,242733.46,14461,19401912,21470,80548.91,19931
32,2024,39,23219,357490.22,23113,15.47,434853.89,55654.97,268441.37,15721,20914304,22865,87602.1,21294
32,2024,40,19171,271134.4,19069,14.22,327306.62,39935.58,196893.08,12495,15586670,18861,66825.95,17649
32,2024,41,21118,322276.62,21038,15.32,390026.06,47791.99,241306.12,14179,18603963,20799,76972.54,19236
32,2024,42,24567,375680.71,24463,15.36,455030.5,56559.78,281388.66,16929,22008085,24144,90634.14,22394
32,2024,43,21521,321300.05,21427,15.0,388593.72,48487.17,239548.0,14424,18603884,21207,80802.71,19901
32,2024,44,19460,270705.53,19376,13.97,327849.39,41037.39,198734.84,12915,15005976,19158,64749.43,17955
32,2024,45,21907,336100.72,21812,15.41,409646.36,52061.0,255045.79,15152,18681343,21594,80082.79,20029
32,2024,46,21958,320284.19,21867,14.65,388652.28,48961.63,241372.22,14958,18576236,21646,75095.24,20243
32,2024,47,24402,362099.23,24287,14.91,440654.23,56831.16,283739.8,17330,21243200,24016,82779.8,22285
32,2024,48,12677,163352.7,12619,12.94,196967.71,21656.59,111855.91,7927,8647290,12474,37430.27,11627
32,2024,49,23515,328491.13,23411,14.03,398802.58,49581.31,245747.88,15928,18936984,23186,77164.66,21772
32,2024,50,22471,283450.92,22384,12.66,341552.03,42421.05,211639.21,15302,16602568,22212,66563.46,21168
32,2024,51,20660,248972.17,20589,12.09,299560.68,36511.01,178142.93,13532,14839905,20418,56485.58,19365
32,2024,52,9196,118535.74,9145,12.96,140518.06,13469.66,74511.27,5235,6439791,9068,27892.45,8437
32,2025,1,9021,114836.99,8982,12.79,134679.58,12727.5,73056.04,5280,5942691,8908,27804.22,8406
32,2025,2,13412,160976.68,13369,12.04,190027.32,22065.13,114038.07,8822,8968571,13270,38523.63,12657
32,2025,3,15526,182318.67,15476,11.78,218702.39,26420.05,131468.19,10474,10480209,15351,44014.02,14694
32,2025,4,14459,171138.57,14421,11.87,206360.63,25147.16,127069.84,10114,9562283,14287,40791.7,13626
32,2025,5,15558,188028.16,15498,12.13,225344.99,27358.83,138224.2,10625,10623121,15362,46084.96,14786
32,2025,6,16300,200062.55,16261,12.3,239688.92,29620.86,148304.7,11240,10907454,16149,49271.79,15504
32,2025,7,17076,210490.86,17036,12.36,251745.59,29809.16,161033.22,12298,11660160,16891,50235.86,16191
32,2025,8,19807,250159.48,19750,12.67,302166.68,36516.83,192199.62,14284,13641620,19603,60376.22,18797
32,2025,9,18609,231139.76,18544,12.46,275941.46,32081.15,173473.46,12965,13370191,18393,56168.38,17708
32,2025,10,20657,275109.43,20595,13.36,328223.02,38225.55,210938.5,14869,15917741,20441,68075.28,19557
32,2025,11,20983,276063.27,20890,13.22,329388.34,36964.53,210089.52,15058,15993421,20694,64421.89,19693
32,2025,12,21784,309930.1,21700,14.28,371696.35,43997.95,243893.21,16031,18724237,21531,72527.32,20429
32,2025,13,17896,231965.7,17815,13.02,278934.04,32338.14,170607.0,12226,13386974,17643,54271.75,16763
32,2025,14,20556,292015.81,20490,14.25,350698.78,41892.7,225572.74,14733,16538137,20293,70731.59,19358
32,2025,15,21886,290428.45,21816,13.31,350538.27,41846.52,222436.42,15482,17088492,21628,68731.92,20656
32,2025,16,21050,275935.82,20987,13.15,329121.36,36252.05,207552.69,15034,16361560,20797,64381.08,19883
32,2025,17,22056,300915.92,21966,13.7,360867.65,41136.8,228278.88,15703,17959399,21779,68834.89,20632
32,2025,18,22589,329344.33,22515,14.63,396143.16,47244.34,257159.45,16344,19438171,22340,77957.97,21194
32,2025,19,24464,356028.59,24376,14.61,428769.19,51259.09,283145.32,18263,21126474,24164,82937.42,22858
32,2025,20,24724,376088.81,24653,15.26,453177.79,51966.99,299961.47,18411,21883867,24414,83182.89,22923
32,2025,21,24832,362851.36,24735,14.67,432657.69,48354.36,283709.7,18193,21435273,24534,83208.95,23274
32,2025,22,23274,323689.76,23167,13.97,391387.05,45916.52,255919.87,17525,17832033,22934,68903.62,21397
32,2025,23,26123,393606.07,26042,15.11,470962.26,53443.73,315185.79,19451,21396487,25810,91690.17,24460
32,2025,24,24470,372160.67,24376,15.27,446849.74,50836.01,297409.96,18234,21075892,24151,85083.76,22705
32,2025,25,24440,353402.59,24337,14.52,422243.81,46108.12,279699.77,18236,19829738,24090,78658.64,22576
32,2025,26,22438,316406.68,22346,14.16,378028.98,42140.8,246050.44,16421,18988133,22109,71616.97,20991
32,2025,27,16580,227608.14,16504,13.79,270160.41,27397.15,166724.16,11391,12757347,16341,50246.37,15394
32,2025,28,20006,269077.29,19942,13.49,320848.16,35224.43,203625.34,14227,15487816,19750,59311.94,18640
32,2025,29,24158,332343.24,24066,13.81,398959.33,44080.14,256835.75,17631,18986858,23821,71904.95,22322
32,2025,30,23092,326256.08,23006,14.18,391954.44,44097.03,253075.09,16732,19275089,22769,72491.42,21459
32,2025,31,23283,344910.55,23160,14.89,417015.55,48561.24,266851.25,16796,19713879,22893,74082.99,21427
32,2025,32,22123,304398.56,22044,13.81,362912.88,38977.56,234220.66,15863,17512485,21827,67186.94,20531
32,2025,33,22559,313888.94,22452,13.98,375910.44,41378.55,240469.74,16176,17825286,22185,69117.98,20925
32,2025,34,20588,278426.31,20511,13.57,332392.08,36025.41,209046.52,14598,16066677,20319,62499.78,19281
32,2025,35,21078,301116.15,20985,14.35,359552.93,39216.57,231743.82,15152,16570812,20766,65913.0,19454
32,2025,36,18259,255972.76,18188,14.07,303403.91,30324.7,191883.03,13059,14275109,17968,56244.93,16965
32,2025,37,23170,336157.52,23087,14.56,404552.28,45370.79,262308.88,17097,18774939,22826,74778.88,21443
32,2025,38,25261,366756.39,25167,14.57,439720.2,48994.11,291041.17,18961,20260586,24919,82235.58,23481
32,2025,39,23656,336493.28,23569,14.28,398947.32,40879.91,263857.39,17573,19269412,23306,75472.98,22104
32,2025,40,25143,346502.61,25052,13.83,412740.89,43837.23,277247.79,19099,19379863,24798,75749.73,23396
32,2025,41,24610,349281.54,24532,14.24,418015.66,44732.64,279146.02,18627,19317033,24282,73863.89,22760
32,2025,42,24215,372117.33,24115,15.43,445790.79,48816.74,295248.19,18322,20495302,23866,80939.82,22183
32,2025,43,23775,326437.34,23679,13.79,389941.97,42209.78,259811.51,17934,17566647,23411,70081.76,22071
32,2025,44,24316,352891.45,24214,14.57,421756.09,45983.0,277508.03,18156,17876280,23938,76328.54,22344
32,2025,45,22967,317930.54,22880,13.9,378500.31,41156.53,253505.97,17412,17258427,22684,69643.53,21501
32,2025,46,20385,260583.76,20321,12.82,309639.44,32545.11,204649.6,15329,14203327,20157,55611.18,19197
32,2025,47,23735,312302.54,23642,13.21,372307.31,40802.89,246490.09,17870,17480538,23402,65522.8,22044
32,2025,48,15147,187209.65,15097,12.4,222781.73,21187.37,142724.94,11131,9565931,14944,37354.71,14032
32,2025,49,25993,353413.72,25854,13.67,417807.63,42937.2,289067.15,20210,19289590,25665,73248.54,24161
32,2025,50,24958,308099.33,24892,12.38,363155.21,37233.74,245403.8,19088,17345276,24687,64964.94,23675
32,2025,51,24372,289712.92,24288,11.93,342434.78,34260.59,227326.34,18499,17058401,24094,60607.43,23143
32,2025,52,11628,133766.21,11596,11.54,155383.46,12778.71,98805.47,8516,7419381,11487,29027.92,11042
32,2026,1,10501,122863.71,10474,11.73,141720.96,11170.06,91117.59,7663,6524077,10383,25329.44,9937
32,2026,2,15193,183783.67,15148,12.13,215274.06,21719.24,139772.76,11143,9969604,14991,41339.83,14435
32,2026,3,18520,215772.59,18467,11.68,252075.29,24135.4,171862.6,14342,12192495,18338,45693.03,17721
32,2026,4,16451,186920.11,16406,11.39,219220.65,21111.84,151982.9,13150,10346741,16296,39847.41,15783
32,2026,5,20751,235226.53,20709,11.36,273488.29,26202.04,190709.94,16597,13757122,20557,48517.51,19930
32,2026,6,19654,225912.79,19609,11.52,264810.27,25962.04,181335.75,15544,12611083,19485,48502.2,18865
32,2026,7,18726,216992.46,18667,11.62,253170.9,24582.19,171629.52,14436,12545192,18512,46054.08,17886
32,2026,8,19089,246107.99,19040,12.93,293357.19,32029.75,197091.99,14696,12863371,18875,53870.01,17963
32,2026,9,19817,242405.56,19760,12.27,284933.35,29092.25,193509.48,15429,13296425,19624,52444.56,18900
32,2026,10,20373,250645.54,20318,12.34,296240.96,31307.14,202687.65,15828,13933631,20140,53654.24,19305
32,2026,11,22954,295485.22,22865,12.92,347696.17,34668.73,241317.55,18152,16324287,22684,61779.27,21611
32,2026,12,23190,295434.08,23109,12.78,343696.57,31822.17,242633.16,18668,15920102,22903,62414.71,21972
32,2026,13,21066,262222.79,21014,12.48,308316.01,30557.52,212199.38,16596,14089653,20861,55201.93,19938
32,2026,14,22818,281356.29,22736,12.37,328601.47,29064.94,228860.03,18074,15311567,22511,55674.18,21271
32,2026,15,21542,269162.2,21473,12.53,316081.12,29461.6,216568.34,16813,14601973,21281,56388.4,20324
32,2026,16,23601,321383.76,23524,13.66,380489.25,38474.24,264848.61,18815,17556417,23353,68583.24,22233
32,2026,17,25859,351496.59,25768,13.64,413482.4,40364.42,291739.85,20921,19615158,25563,72842.37,24130
32,2026,18,25815,339539.46,25736,13.19,403144.06,41413.96,278825.74,20498,18779870,25495,69910.22,24182
32,2026,19,25218,359862.14,25103,14.34,424677.14,42963.84,298945.14,20171,20064119,24884,76518.42,23493
32,2026,20,26065,366858.7,25959,14.13,435969.39,45052.68,304262.55,20740,20087590,25712,73949.79,24173
32,2026,21,24791,367714.07,24683,14.9,433626.19,43832.48,307788.92,19911,20069109,24479,78744.63,23143
32,2026,22,23726,325771.41,23649,13.78,388118.18,38876.81,273110.72,19285,17038430,23400,62195.32,21735
32,2026,23,6,68.22,6,11.37,77.22,6.0,68.22,6,3252,6,18.36,6
33,2024,1,1540,29190.84,1534,19.03,31321.0,1397.35,18959.03,931,1446174,1505,8238.35,1392
33,2024,2,1675,29582.58,1670,17.71,32929.59,2044.51,20380.4,1102,1617667,1621,8288.15,1507
33,2024,3,2396,40812.63,2391,17.07,46826.03,4307.66,30867.78,1747,2147495,2337,10574.05,2139
33,2024,4,5264,114196.49,5257,21.72,137609.71,17497.43,92898.71,4002,6945162,5156,31338.7,4769
33,2024,5,1782,34232.37,1777,19.26,37050.68,2138.49,22743.46,1144,1817183,1743,9604.14,1584
33,2024,6,2324,41227.86,2318,17.79,46094.65,3380.51,28928.04,1526,2268378,2280,11589.36,2102
33,2024,7,3130,52328.25,3111,16.82,59183.61,4553.22,36521.5,2043,2956025,3057,14330.24,2825
33,2024,8,5099,89188.34,5086,17.54,106038.04,12018.79,68658.28,3737,5166775,4993,24413.04,4644
33,2024,9,2020,37291.68,2007,18.58,40780.32,2420.64,25520.99,1283,2072559,1965,10388.24,1774
33,2024,10,1821,33701.04,1810,18.62,36951.68,2371.32,24693.66,1258,1967505,1772,9507.55,1633
33,2024,11,3693,63965.36,3676,17.4,74609.06,6714.23,45678.72,2482,4146061,3585,15982.05,3264
33,2024,12,4445,99849.1,4417,22.61,116418.52,12220.17,76442.63,3139,6372354,4358,30108.1,4074
33,2024,13,4492,71632.89,4454,16.08,85459.0,8548.03,51146.12,2995,4324674,4355,17718.66,4003
33,2024,14,2244,38378.74,2222,17.27,43242.51,3121.97,27242.74,1478,2285643,2172,10283.49,1979
33,2024,15,5751,117428.68,5719,20.53,141795.8,17197.62,94636.18,4333,7164831,5596,32539.37,5185
33,2024,16,2412,47141.36,2394,19.69,52822.19,4134.32,35919.95,1715,2746396,2347,13781.77,2164
33,2024,17,3433,59822.4,3406,17.56,68168.82,5863.9,44420.93,2391,3654241,3348,15453.55,3006
33,2024,18,4192,81008.01,4165,19.45,95410.12,10405.66,65154.53,3175,5051426,4081,22266.04,3701
33,2024,19,5506,125481.79,5472,22.93,149268.41,17708.49,104428.3,4288,8372222,5367,34477.69,4895
33,2024,20,5893,113286.79,5864,19.32,137150.36,16477.58,90332.18,4466,7022902,5765,27118.17,5183
33,2024,21,6278,149551.88,6237,23.98,180133.09,23015.5,125815.32,4849,9242929,6123,39667.38,5516
33,2024,22,8471,156314.68,8411,18.58,190979.77,24644.57,132952.43,6887,9544877,8271,32924.92,7269
33,2024,23,4958,121664.02,4927,24.69,144547.61,17590.75,101868.83,3839,7597892,4852,34181.43,4352
33,2024,24,4028,81266.65,4003,20.3,95701.54,10317.69,63784.2,2936,4641895,3928,22023.28,3504
33,2024,25,4195,79546.8,4161,19.12,94656.53,10477.89,62494.7,3093,4459949,4094,19804.49,3642
33,2024,26,5478,108975.27,5442,20.02,130107.7,15264.13,88186.03,4166,6123558,5356,27439.41,4758
33,2024,27,2364,47698.84,2342,20.37,54081.42,4388.3,35021.96,1579,2846358,2307,13757.48,2029
33,2024,28,2986,52699.89,2958,17.82,60675.44,4953.61,38601.23,2032,3100691,2913,13553.63,2568
33,2024,29,5670,112401.14,5633,19.95,134652.31,15107.55,88697.78,4183,6893932,5540,29111.08,4995
33,2024,30,4380,88615.86,4346,20.39,104704.66,11119.53,68836.85,3117,5039439,4270,24113.57,3862
33,2024,31,5134,107266.39,5104,21.02,127384.02,14353.77,86729.55,3836,6500997,5019,27606.41,4519
33,2024,32,4552,91191.24,4541,20.08,108779.75,12049.94,71890.64,3327,5105024,4461,23216.09,4012
33,2024,33,3016,58742.35,3003,19.56,67620.45,6265.45,44806.91,2156,3302378,2964,16080.33,2688
33,2024,34,4095,75242.31,4075,18.46,89630.05,9578.75,57946.3,2991,4127643,4014,18842.87,3555
33,2024,35,3194,59692.67,3179,18.78,67612.57,5440.97,44225.06,2221,3365728,3143,16101.12,2818
33,2024,36,3548,68218.39,3528,19.34,78903.29,7514.46,52866.68,2529,4044206,3471,18379.56,3122
33,2024,37,9141,199511.16,9096,21.93,243224.0,30928.2,165723.65,7143,11883560,8956,49819.6,8110
33,2024,38,3163,64107.88,3149,20.36,74018.99,7231.07,50907.02,2337,3570497,3110,17857.94,2804
33,2024,39,5155,103732.01,5127,20.23,122995.16,14285.94,84223.4,3925,5894547,5067,27270.44,4594
33,2024,40,3497,67283.66,3472,19.38,77928.57,7449.49,52379.1,2560,3583117,3425,17362.53,3078
33,2024,41,6434,138262.47,6386,21.65,163743.65,17822.99,108287.29,4687,8441705,6296,34417.47,5736
33,2024,42,7982,149607.72,7930,18.87,180319.78,22082.35,123593.79,6291,8493029,7814,35997.74,7031
33,2024,43,4807,102856.4,4776,21.54,120438.23,13222.9,83703.96,3660,6010864,4703,28143.41,4279
33,2024,44,4865,86682.47,4831,17.94,103671.87,11337.27,69649.17,3728,4721301,4743,20042.5,4254
33,2024,45,8079,192358.77,8027,23.96,232169.77,28985.6,160819.92,6259,10751966,7912,47184.02,7042
33,2024,46,4991,99329.79,4970,19.99,116961.34,13165.88,81410.02,3837,5433680,4892,24593.26,4324
33,2024,47,7199,155653.23,7170,21.71,185564.14,23223.18,133913.39,5895,9050966,7059,38274.32,6351
33,2024,48,3527,61636.92,3502,17.6,70728.74,6352.28,46776.9,2563,3248505,3448,14902.07,3061
33,2024,49,6756,150498.76,6726,22.38,180012.14,22155.7,127234.04,5399,8472626,6643,38732.58,6058
33,2024,50,2257,40203.28,2247,17.89,43861.55,2756.02,30024.51,1605,2213596,2217,11345.02,1986
33,2024,51,3659,64983.29,3638,17.86,74310.04,6879.91,50354.34,2634,3576088,3597,17039.52,3262
33,2024,52,1947,37493.4,1935,19.38,40681.85,2142.1,25510.8,1243,2164412,1909,10738.97,1731
33,2025,1,1803,33718.22,1795,18.78,36097.87,1644.15,24253.89,1194,1638001,1771,9717.82,1585
33,2025,2,2217,43074.37,2203,19.55,46982.49,2837.27,32577.17,1536,2209417,2182,12770.81,1977
33,2025,3,1902,34197.62,1893,18.07,36775.91,1872.04,25768.49,1369,1827851,1864,10389.01,1733
33,2025,4,1716,31733.83,1713,18.53,34005.55,1707.22,24264.64,1241,1675210,1696,9940.28,1579
33,2025,5,1905,35159.99,1897,18.53,37640.22,1850.98,25930.99,1317,1920955,1885,10893.79,1746
33,2025,6,2760,48581.37,2749,17.67,54418.02,3821.2,38056.99,2018,2614878,2712,14413.8,2535
33,2025,7,4250,78091.26,4238,18.43,90490.32,8910.32,63454.98,3261,4392708,4195,21306.74,3945
33,2025,8,4850,88474.17,4839,18.28,103481.06,10720.39,71743.72,3693,4766758,4791,24069.86,4458
33,2025,9,3815,67763.04,3792,17.87,76824.32,5866.74,49965.18,2649,3746883,3741,18965.34,3481
33,2025,10,4752,95748.28,4729,20.25,110032.54,10195.64,75837.25,3534,5299565,4672,27514.94,4331
33,2025,11,3763,66610.02,3744,17.79,75186.17,5656.01,54478.76,2915,3786002,3698,17583.28,3408
33,2025,12,6519,148783.63,6489,22.93,176820.59,20597.3,127084.01,5236,9154301,6408,36749.44,5833
33,2025,13,5483,99007.81,5459,18.14,116396.51,12637.82,80184.49,4223,5595873,5388,23478.67,4871
33,2025,14,4364,96346.62,4339,22.2,112209.67,11949.07,79461.51,3374,5180098,4291,27470.69,3914
33,2025,15,4143,74332.28,4117,18.05,85112.11,7381.98,57161.87,3014,4328417,4072,18799.4,3686
33,2025,16,5068,91154.42,5025,18.14,105051.99,8941.68,70887.34,3731,5023582,4953,21972.24,4457
33,2025,17,4863,88880.4,4846,18.34,103709.05,9948.82,71481.14,3766,4939877,4783,21993.67,4370
33,2025,18,5585,124592.93,5568,22.38,146362.27,16547.29,105719.82,4459,7053033,5496,33533.68,5015
33,2025,19,6521,122458.9,6492,18.86,145331.0,17009.35,103602.06,5295,7117007,6400,29620.84,5861
33,2025,20,6870,140628.48,6831,20.59,167380.42,18240.36,119414.7,5503,7994380,6739,32668.99,6093
33,2025,21,5971,134159.37,5940,22.59,158390.99,16712.82,111722.93,4631,7961714,5873,35073.51,5422
33,2025,22,8619,167286.4,8589,19.48,201149.15,24387.97,145384.75,7252,8802832,8470,35149.57,7610
33,2025,23,5791,139499.46,5771,24.17,163932.19,18272.37,120462.84,4729,7112436,5712,37612.09,5237
33,2025,24,5060,100205.49,5023,19.95,116782.64,11456.03,83882.47,4057,5697074,4969,25371.09,4545
33,2025,25,6581,122641.52,6550,18.72,144059.81,14622.11,102580.81,5261,6485610,6471,28700.22,5802
33,2025,26,4333,91968.13,4310,21.34,105598.98,9718.66,76452.68,3399,5262790,4241,24674.96,3879
33,2025,27,2675,50338.7,2664,18.9,55762.39,3541.38,39579.57,1989,3001505,2625,13648.74,2395
33,2025,28,3980,76400.86,3966,19.26,86995.72,7403.82,61474.0,3082,4022410,3916,19882.72,3535
33,2025,29,6249,116162.95,6222,18.67,135283.4,12925.93,95876.34,4951,6624824,6144,27710.37,5584
33,2025,30,4515,85265.71,4492,18.98,97963.56,8384.85,70026.04,3479,4710876,4432,21664.14,4043
33,2025,31,5499,113472.36,5482,20.7,131482.92,12501.42,93459.67,4282,6316337,5401,28795.8,4874
33,2025,32,4321,80116.96,4304,18.61,90432.51,6813.57,65443.25,3363,4359385,4246,20536.55,3891
33,2025,33,4867,96159.66,4843,19.86,111007.66,10277.84,80056.4,3838,5116077,4778,25331.37,4383
33,2025,34,3604,67344.69,3593,18.74,75566.37,5515.62,55455.81,2825,3651806,3557,18178.28,3282
33,2025,35,4338,81500.13,4306,18.93,92338.3,6757.37,64155.35,3218,4270357,4242,20173.92,3824
33,2025,36,4022,75260.64,3998,18.82,84503.58,6024.74,60290.55,3129,3965834,3939,19581.68,3631
33,2025,37,7907,161585.25,7867,20.54,193059.43,21377.23,134922.87,6329,9040924,7771,39988.36,7049
33,2025,38,6365,125672.27,6323,19.88,148224.17,14527.48,106377.66,5133,6356874,6235,31585.07,5622
33,2025,39,4780,87332.61,4765,18.33,100061.29,8040.78,72504.82,3877,4682618,4717,22105.46,4315
33,2025,40,7737,142833.78,7704,18.54,168066.36,17227.63,122328.94,6413,7752688,7627,32963.31,6962
33,2025,41,6954,133947.12,6918,19.36,156544.76,14396.0,110502.38,5546,7465597,6844,29828.33,6218
33,2025,42,7000,155550.78,6963,22.34,187016.63,21871.41,136052.8,5868,7897340,6872,32741.16,5980
33,2025,43,5738,105427.36,5710,18.46,124198.63,12759.62,90343.57,4799,5273411,5634,23506.61,5103
33,2025,44,7102,133753.36,7070,18.92,159009.13,17536.32,114784.71,5876,6527163,6981,30504.8,6288
33,2025,45,4704,89064.13,4683,19.02,102150.12,8659.53,75908.59,3890,4680370,4623,20527.2,4216
33,2025,46,2802,45806.91,2790,16.42,51331.08,3623.81,36212.37,2165,2509738,2754,11577.66,2545
33,2025,47,4726,84248.42,4694,17.95,98170.39,9116.02,71287.31,3867,4435630,4626,18350.5,4145
33,2025,48,3688,61561.36,3659,16.82,72180.7,6386.87,49475.46,2898,3069569,3611,12282.95,3211
33,2025,49,6832,145371.01,6796,21.39,172045.06,18931.48,125777.98,5702,7622914,6727,31727.45,5997
33,2025,50,3163,53468.98,3152,16.96,59784.43,4176.85,44775.81,2578,2731338,3122,12583.99,2884
33,2025,51,4153,68198.76,4131,16.51,78193.25,6468.95,55299.12,3325,3541330,4078,15396.15,3649
33,2025,52,2217,33870.83,2202,15.38,37162.95,2026.82,25858.3,1687,1874742,2179,8365.71,2005
33,2026,1,1958,30679.13,1948,15.75,33734.32,1815.39,22745.16,1434,1707408,1924,7115.07,1732
33,2026,2,2181,34926.57,2171,16.09,38383.74,2023.4,26368.08,1602,1816183,2149,8458.47,1977
33,2026,3,2687,43713.05,2678,16.32,48341.03,2927.48,35181.95,2116,2175391,2654,10096.56,2422
33,2026,4,1924,28502.18,1919,14.85,30923.31,1523.62,22241.99,1545,1526355,1908,7237.65,1820
33,2026,5,2744,40095.67,2723,14.72,43851.59,2261.3,32348.81,2216,2201185,2700,9656.9,2541
33,2026,6,3014,45801.65,3002,15.26,51142.88,3172.81,37080.3,2403,2529268,2979,11629.51,2833
33,2026,7,3578,53579.06,3557,15.06,59834.61,3670.21,40705.7,2683,3060527,3508,12754.63,3294
33,2026,8,4448,75337.05,4431,17.0,87949.43,8717.63,62212.67,3587,3874573,4361,17574.62,4023
33,2026,9,3385,55323.89,3370,16.42,62790.77,4921.07,45812.18,2722,2756114,3311,12925.61,3067
33,2026,10,3693,60241.62,3674,16.4,70044.82,6252.38,50532.64,3005,3280754,3627,14018.06,3341
33,2026,11,5520,101416.31,5495,18.46,117122.34,10400.63,84587.22,4478,5500203,5438,23081.59,4956
33,2026,12,3925,60941.75,3902,15.62,67626.65,3922.84,50600.94,3237,3250518,3873,13875.78,3614
33,2026,13,5263,85876.95,5241,16.39,99007.1,8394.02,71618.83,4278,4415645,5204,20019.38,4786
33,2026,14,6630,109973.11,6580,16.71,127803.04,10933.74,92995.68,5434,5606061,6492,21447.32,5800
33,2026,15,4610,74346.91,4589,16.2,84032.01,5902.9,62346.54,3796,3939867,4548,17014.29,4172
33,2026,16,4635,75303.08,4620,16.3,85702.39,6641.1,64278.33,3910,4016264,4574,16843.03,4264
33,2026,17,8055,152836.49,8008,19.09,179345.9,18287.38,135272.54,6919,7979474,7932,33700.13,7193
33,2026,18,6094,105342.31,6067,17.36,122201.75,11099.79,90865.35,5141,5377045,5983,21698.82,5400
33,2026,19,7588,159419.81,7543,21.13,187711.78,19520.26,140305.32,6434,8417840,7451,35737.4,6695
33,2026,20,6724,129335.59,6676,19.37,153637.52,15789.33,111534.51,5580,6489395,6585,24565.86,5779
33,2026,21,6331,132053.74,6274,21.05,154182.22,15047.19,113259.46,5196,6961706,6207,29687.52,5598
33,2026,22,8582,163723.34,8543,19.16,198081.52,23128.83,145318.94,7421,8173791,8416,28486.21,7358
33,2026,23,2,72.0,2,36.0,78.1,6.1,30.0,1,1020,2,0.0,0
34,2024,1,216,5930.41,216,27.46,5988.5,48.09,4419.9,148,223047,210,1900.7,201
34,2024,2,190,5019.0,190,26.42,5134.04,39.5,3930.2,140,220268,182,1636.83,176
34,2024,3,203,5336.32,202,26.42,5418.75,73.93,4246.82,149,226436,194,1844.28,186
34,2024,4,219,6389.33,217,29.44,6542.44,105.86,3905.0,133,277102,208,1931.59,195
34,2024,5,225,6013.48,224,26.85,6124.2,35.47,3770.65,137,268163,215,1931.12,205
34,2024,6,241,6463.01,240,26.93,6552.8,62.79,4180.59,153,298510,231,2076.25,215
34,2024,7,239,6115.42,239,25.59,6213.69,80.27,4638.79,169,320901,232,2029.43,216
34,2024,8,263,6891.61,263,26.2,7229.62,168.01,5024.55,184,313949,251,2121.37,234
34,2024,9,237,6017.44,235,25.61,6116.65,63.96,4193.51,155,271579,226,1866.79,205
34,2024,10,269,7069.39,268,26.38,7259.26,83.62,4610.08,173,315149,262,2202.38,239
34,2024,11,287,7446.07,287,25.94,7898.63,164.31,5260.4,197,319451,277,2251.76,243
34,2024,12,289,7515.63,288,26.1,7862.49,175.36,5474.22,198,335608,280,2504.78,264
34,2024,13,305,7619.78,304,25.07,7933.91,171.88,5257.53,200,320826,288,2312.61,260
34,2024,14,286,7576.01,286,26.49,7737.16,130.65,5515.21,198,336258,281,2397.9,259
34,2024,15,301,7881.88,300,26.27,8368.4,241.02,5604.51,197,335151,284,2406.63,253
34,2024,16,336,8428.16,335,25.16,8607.99,140.33,5930.49,224,420220,328,2584.04,283
34,2024,17,322,8475.95,322,26.32,8825.0,187.3,6301.2,233,377800,311,2691.76,280
34,2024,18,318,8220.97,317,25.93,8621.15,243.68,5835.23,215,361393,308,2447.49,268
34,2024,19,355,9492.37,352,26.97,10122.8,363.93,7053.28,252,447910,342,2986.05,308
34,2024,20,371,8447.67,368,22.96,8994.07,352.15,6322.47,264,384574,356,2407.2,314
34,2024,21,382,10197.58,377,27.05,10737.11,353.58,7516.95,267,431931,363,2775.34,307
34,2024,22,338,7925.8,333,23.8,8424.1,290.8,5945.97,233,318761,324,2234.28,269
34,2024,23,369,9122.91,359,25.41,9737.61,413.2,7344.45,262,403329,352,2851.79,315
34,2024,24,313,7577.54,312,24.29,7890.61,240.57,5490.06,210,320427,299,2384.04,273
34,2024,25,300,7703.77,295,26.11,8146.29,291.77,5470.89,199,313294,285,2147.59,244
34,2024,26,353,9488.82,350,27.11,10202.89,391.97,7098.26,259,394918,345,2869.66,300
34,2024,27,316,7634.41,312,24.47,7905.0,157.37,5871.74,222,339920,301,2456.44,271
34,2024,28,289,7423.48,288,25.78,7756.56,225.39,5918.02,216,367825,287,2320.79,257
34,2024,29,350,8573.47,348,24.64,8994.91,226.19,6380.5,241,390987,338,2725.92,291
34,2024,30,312,8086.61,311,26.0,8513.92,238.81,5777.45,209,330474,303,2391.85,265
34,2024,31,352,8768.98,349,25.13,9487.33,303.35,6950.17,265,384053,338,2770.65,299
34,2024,32,368,9732.42,366,26.59,10322.47,416.55,7026.58,244,393381,357,2738.09,315
34,2024,33,324,8054.78,322,25.01,8617.59,339.31,6673.1,243,321453,316,2473.96,279
34,2024,34,349,8683.2,347,25.02,9297.5,330.55,7363.52,283,410817,342,2792.68,307
34,2024,35,359,9028.88,358,25.22,9546.51,284.88,7047.83,263,450277,346,2640.24,298
34,2024,36,286,7024.58,285,24.65,7151.71,105.63,5743.3,215,315976,281,2353.29,261
34,2024,37,406,10271.62,404,25.42,10985.22,457.58,8234.88,297,456060,399,3176.66,342
34,2024,38,326,7978.36,326,24.47,8293.18,216.32,6170.01,226,363584,321,2481.0,279
34,2024,39,297,7591.37,297,25.56,8092.97,294.1,6135.1,225,334036,292,2497.31,272
34,2024,40,322,7275.46,320,22.74,7657.86,174.4,5729.79,225,314261,312,2355.21,266
34,2024,41,363,8820.27,362,24.37,9277.87,275.1,6828.98,253,395957,356,2798.07,317
34,2024,42,354,8865.12,352,25.19,9382.16,273.04,6711.84,258,363974,345,2840.26,308
34,2024,43,305,7702.71,304,25.34,7915.61,150.66,5940.7,224,333808,301,2570.11,273
34,2024,44,316,7878.42,312,25.25,8163.59,176.67,5500.11,201,401216,307,2622.12,280
34,2024,45,337,8734.82,337,25.92,9172.04,211.23,6305.07,237,426185,328,2763.0,302
34,2024,46,298,7785.14,297,26.21,8084.59,173.45,5941.76,218,404253,289,2545.73,269
34,2024,47,319,7744.87,317,24.43,8141.27,273.7,6277.26,245,400644,312,2503.03,290
34,2024,48,272,6800.67,270,25.19,7061.79,142.62,5422.28,203,327803,265,2277.98,246
34,2024,49,281,7043.61,280,25.16,7377.28,219.67,5786.02,209,323968,278,2275.72,248
34,2024,50,285,6842.53,285,24.01,7043.64,121.36,5270.25,205,328903,283,2305.6,261
34,2024,51,293,6926.53,293,23.64,7168.6,143.07,5336.06,204,324449,288,2284.65,256
34,2024,52,226,5724.01,226,25.33,5842.58,47.57,4510.55,169,239986,224,1953.36,208
34,2025,1,243,5834.55,242,24.11,6034.0,103.19,4669.08,177,237432,241,2016.23,221
34,2025,2,283,7590.82,283,26.82,7689.82,65.5,6212.75,224,313566,279,2685.81,269
34,2025,3,307,8111.64,307,26.42,8231.61,72.97,6728.54,239,331224,302,2830.39,284
34,2025,4,265,6667.24,264,25.25,6802.01,56.77,5437.52,199,272532,262,2383.94,246
34,2025,5,296,7814.71,294,26.58,7978.05,90.34,6177.61,227,324117,293,2843.49,283
34,2025,6,301,7696.95,301,25.57,7876.09,68.89,6024.35,222,311559,300,2647.46,277
34,2025,7,330,8285.65,330,25.11,8478.35,145.2,6552.41,250,328782,329,2873.72,309
34,2025,8,348,8307.45,348,23.87,8624.78,153.33,6816.2,274,343438,344,2867.93,318
34,2025,9,335,8292.66,334,24.83,8420.12,80.96,6747.29,249,353170,332,2839.16,309
34,2025,10,407,9697.69,407,23.83,9995.66,129.47,7647.58,303,453458,403,3363.44,381
34,2025,11,380,9186.71,380,24.18,9552.93,203.67,7416.34,289,464257,374,2980.22,346
34,2025,12,419,9675.2,417,23.2,10086.59,245.89,7838.79,309,489883,410,3058.06,378
34,2025,13,351,8801.81,349,25.22,9324.64,307.32,6408.94,241,359781,345,2806.38,301
34,2025,14,377,8897.32,376,23.66,9180.72,176.9,6870.01,271,414437,370,2978.46,339
34,2025,15,438,10193.62,435,23.43,10704.2,337.08,8321.77,335,432959,427,3230.68,388
34,2025,16,443,9743.08,441,22.09,10111.55,185.97,7250.35,313,467505,434,3138.0,400
34,2025,17,390,9059.02,388,23.35,9451.69,250.17,6976.06,284,391080,384,2849.03,349
34,2025,18,437,10444.96,435,24.01,11025.32,300.36,8174.67,329,440988,429,3057.48,380
34,2025,19,416,9971.31,414,24.09,10445.65,268.59,8533.75,332,470615,410,3107.98,374
34,2025,20,385,9056.75,384,23.59,9503.55,254.35,7246.54,302,425124,378,2728.11,347
34,2025,21,478,11563.2,476,24.29,12195.84,363.64,9569.68,370,527515,469,3532.27,428
34,2025,22,382,8627.22,382,22.58,9017.12,227.9,7374.97,305,404600,380,2709.08,348
34,2025,23,495,11240.61,493,22.8,11892.2,371.59,8807.29,367,531804,485,3335.02,437
34,2025,24,457,10354.7,454,22.81,10838.83,262.63,8608.97,356,471225,448,3207.01,415
34,2025,25,442,10341.25,442,23.4,10893.07,336.56,8269.29,348,469958,436,3165.14,400
34,2025,26,447,11105.41,446,24.9,11616.39,350.23,8818.56,351,494875,441,3347.79,411
34,2025,27,437,9880.79,435,22.71,10196.86,177.32,8098.43,341,568663,429,3065.35,395
34,2025,28,481,11260.12,480,23.46,11897.06,429.44,9233.7,381,544974,473,3158.4,426
34,2025,29,470,10318.55,468,22.05,10829.75,265.35,7980.02,364,567424,457,3107.66,425
34,2025,30,564,13269.65,561,23.65,14447.22,681.82,10875.4,444,612935,557,3472.99,506
34,2025,31,503,11455.8,499,22.96,12275.65,407.85,8917.72,385,544498,493,3146.35,429
34,2025,32,510,10836.72,506,21.42,11536.63,362.66,8746.53,401,599944,499,3139.74,460
34,2025,33,507,11910.68,506,23.54,12611.61,369.43,8812.78,364,548962,499,3552.46,460
34,2025,34,441,9884.9,439,22.52,10502.68,337.78,7854.9,331,445058,432,3010.15,384
34,2025,35,502,11651.33,502,23.21,12478.85,467.27,9729.82,408,490924,497,3212.48,441
34,2025,36,402,8685.52,401,21.66,9054.91,140.63,7008.67,317,376960,393,2807.52,372
34,2025,37,514,12114.04,513,23.61,13106.28,505.48,9369.93,399,558973,504,3383.0,450
34,2025,38,570,12841.81,570,22.53,13866.66,461.1,10403.48,444,555331,559,3541.21,502
34,2025,39,491,10421.89,491,21.23,10852.41,189.52,8563.53,402,482174,484,3241.4,457
34,2025,40,452,9075.57,451,20.12,9535.92,187.1,7371.47,364,424780,445,2633.91,412
34,2025,41,388,8218.47,387,21.24,8870.96,274.48,6588.85,312,439252,381,2169.96,334
34,2025,42,375,7732.95,373,20.73,8355.5,305.32,6367.34,295,387925,370,1975.96,328
34,2025,43,338,6295.82,335,18.79,6758.59,174.02,5348.42,279,346337,329,1474.62,288
34,2025,44,315,6138.08,313,19.61,6626.87,235.04,4972.63,249,277238,304,1569.87,280
34,2025,45,334,7017.98,333,21.08,7558.95,191.47,5345.47,275,315186,329,1780.89,302
34,2025,46,246,5140.79,244,21.07,5337.18,79.64,4082.36,193,232896,241,1542.42,228
34,2025,47,301,6076.12,299,20.32,6449.75,236.38,4972.29,247,307235,295,1749.88,277
34,2025,48,279,5594.78,279,20.05,5966.79,111.26,4488.87,229,244567,275,1570.49,256
34,2025,49,369,7750.42,368,21.06,8183.71,244.54,6541.29,307,351600,366,1996.5,342
34,2025,50,294,6320.08,294,21.5,6597.03,122.2,5006.48,230,278360,294,1716.25,270
34,2025,51,341,6666.55,341,19.55,6948.92,122.11,5367.53,282,307151,332,1861.9,316
34,2025,52,296,5228.24,295,17.72,5454.59,92.85,4173.1,242,294885,291,1599.86,280
34,2026,1,234,4406.92,234,18.83,4508.59,48.17,3778.59,197,216342,233,1328.8,223
34,2026,2,211,4238.48,211,20.09,4433.41,89.93,3314.93,163,202021,207,1254.96,193
34,2026,3,267,5011.05,266,18.84,5236.29,60.24,4124.41,209,246472,265,1454.24,248
34,2026,4,243,5055.83,242,20.89,5228.59,48.26,4217.69,202,239884,241,1556.35,231
34,2026,5,257,4880.6,255,19.14,5108.92,106.07,3898.58,209,234562,253,1416.99,237
34,2026,6,327,6594.81,325,20.29,6806.47,115.66,5703.64,279,314380,323,2115.51,309
34,2026,7,354,6950.57,353,19.69,7354.02,147.2,5740.04,290,343388,352,2081.76,334
34,2026,8,268,5385.14,267,20.17,5579.56,104.92,4378.76,219,236553,261,1627.82,241
34,2026,9,366,6938.89,365,19.01,7200.64,129.75,5458.1,293,305805,361,2020.08,346
34,2026,10,381,7367.57,379,19.44,7773.94,160.87,6017.16,303,351822,374,2078.42,345
34,2026,11,489,9643.69,488,19.76,10423.14,497.45,8166.8,417,445434,483,2433.82,442
34,2026,12,512,8784.3,509,17.26,9258.85,144.55,7487.99,444,452886,502,2335.72,485
34,2026,13,423,7469.04,421,17.74,7996.91,238.63,6324.76,367,425533,417,1935.06,379
34,2026,14,499,8799.26,499,17.63,9397.78,297.27,7668.11,434,458965,493,2168.85,456
34,2026,15,483,9155.11,482,18.99,9604.6,209.24,8058.98,416,449843,481,2466.47,452
34,2026,16,494,8996.17,494,18.21,9742.36,290.94,7933.47,438,501277,488,2362.49,461
34,2026,17,548,10294.79,545,18.89,10917.76,271.77,9063.27,484,566348,543,2673.26,515
34,2026,18,461,8656.2,458,18.9,9186.3,184.0,7347.88,392,417427,451,2351.54,427
34,2026,19,632,12288.94,630,19.51,13421.17,565.23,10739.88,550,605863,624,3000.85,572
34,2026,20,713,16176.86,707,22.88,17854.18,988.07,14195.0,618,658170,699,3512.96,631
34,2026,21,593,10803.21,590,18.31,11482.09,322.88,9483.78,514,607311,585,2635.03,553
34,2026,22,683,13874.17,679,20.43,15156.26,628.76,12021.48,597,617088,671,3073.06,609
35,2024,1,638,13620.42,638,21.35,13872.46,126.04,7442.32,327,700922,607,3933.9,562
35,2024,2,634,13667.62,634,21.56,20558.04,116.76,8156.53,341,770488,615,4083.3,567
35,2024,3,630,13723.6,626,21.92,13922.14,99.54,8730.8,362,772920,607,4112.32,557
35,2024,4,639,13937.96,636,21.92,14159.66,163.2,8447.77,360,815794,620,4060.98,565
35,2024,5,744,15983.68,739,21.63,16172.74,134.65,9715.45,406,855888,721,4912.89,658
35,2024,6,784,17393.42,781,22.27,17666.38,182.87,10936.21,450,944227,757,5263.15,699
35,2024,7,790,17035.64,783,21.76,17235.11,140.47,10717.46,437,942306,754,5108.94,696
35,2024,8,746,16014.76,743,21.55,16196.69,101.93,10207.65,432,867994,726,4794.66,649
35,2024,9,849,18469.41,844,21.88,18691.69,183.22,11216.69,471,1022123,818,5375.29,735
35,2024,10,822,17136.59,814,21.05,17368.13,154.54,10143.75,432,967550,787,5137.34,725
35,2024,11,818,17053.49,811,21.03,17230.15,127.16,10375.94,433,967051,789,4819.69,706
35,2024,12,792,16864.16,791,21.32,17104.68,173.52,10679.32,444,949010,767,4892.8,701
35,2024,13,725,15253.34,717,21.27,15518.62,119.63,9788.49,412,844661,683,4542.78,617
35,2024,14,822,16734.2,811,20.63,17030.88,227.43,10109.77,447,970358,788,4855.74,711
35,2024,15,695,14143.71,690,20.5,14462.12,150.36,8522.05,374,785077,662,4137.33,617
35,2024,16,738,15640.71,734,21.31,15885.59,162.63,9616.88,409,895442,714,4715.31,650
35,2024,17,807,17496.26,806,21.71,17804.75,199.24,10719.25,471,992895,780,5060.65,699
35,2024,18,846,17876.31,842,21.23,18192.41,240.1,11282.17,494,1048786,823,5116.86,745
35,2024,19,797,16910.07,793,21.32,17277.8,253.23,10591.2,475,1029176,767,4799.78,678
35,2024,20,715,15019.82,710,21.15,15410.73,225.41,9937.15,436,972154,688,4464.84,636
35,2024,21,762,16617.94,754,22.04,17011.04,267.6,10504.66,467,905301,731,4623.0,639
35,2024,22,709,15180.98,701,21.66,15597.59,232.11,9900.31,429,853509,686,4364.53,596
35,2024,23,808,17216.51,801,21.49,17587.14,205.88,10709.13,470,1059336,779,4963.8,660
35,2024,24,734,15132.3,727,20.81,15421.78,173.48,10013.69,444,936220,715,4411.33,618
35,2024,25,711,15069.9,698,21.59,15310.27,150.47,9929.84,416,957917,684,4518.44,600
35,2024,26,733,15660.69,723,21.66,16066.5,207.66,9983.06,441,948602,708,4429.96,607
35,2024,27,765,15486.18,761,20.35,15850.35,210.67,9653.71,460,951525,754,4462.5,644
35,2024,28,768,16223.3,761,21.32,16497.65,167.35,10137.46,449,975295,752,4768.21,650
35,2024,29,882,17575.49,871,20.18,18146.84,247.5,10802.63,499,1084230,853,5231.93,727
35,2024,30,799,16819.45,793,21.21,17151.09,237.31,10375.41,454,951679,780,4968.56,687
35,2024,31,850,17892.99,845,21.18,18221.99,205.5,10971.37,493,990095,826,5394.48,747
35,2024,32,784,16902.53,780,21.67,17207.04,202.01,10637.66,459,932791,777,5137.52,694
35,2024,33,789,16698.2,780,21.41,17077.76,219.56,9710.36,439,927306,769,5139.17,690
35,2024,34,869,17948.4,862,20.82,18389.54,252.34,10979.82,480,1006274,856,5579.56,752
35,2024,35,842,17209.25,838,20.54,17556.21,204.86,10200.62,471,988754,832,5226.42,747
35,2024,36,848,16872.46,846,19.94,17321.84,199.13,10236.46,469,998508,836,5158.79,743
35,2024,37,883,18844.61,877,21.49,19362.63,287.52,11795.78,510,1078616,868,5882.21,778
35,2024,38,857,17445.97,850,20.52,17726.08,197.86,11396.49,504,1006914,842,5460.42,750
35,2024,39,774,16040.16,774,20.72,16292.18,192.02,10324.01,456,902457,771,4979.6,697
35,2024,40,936,19188.65,929,20.66,19518.05,207.21,12199.2,545,1092599,917,6054.05,831
35,2024,41,887,18912.41,883,21.42,19292.42,245.51,11878.37,524,1053809,875,5950.54,791
35,2024,42,841,16887.69,831,20.32,17200.12,209.93,10634.29,477,964220,823,5293.76,739
35,2024,43,836,16920.62,833,20.31,17252.6,183.98,11060.13,487,988873,827,5387.85,744
35,2024,44,936,18628.61,931,20.01,18998.26,222.15,11328.2,522,1103648,924,5708.44,820
35,2024,45,881,18429.98,877,21.01,18750.17,242.19,11639.52,523,1015826,874,5847.73,796
35,2024,46,876,18700.45,869,21.52,18976.7,207.75,11483.49,500,1011494,860,6085.58,791
35,2024,47,894,18884.42,892,21.17,19189.24,181.32,12386.78,549,1065439,880,5914.54,790
35,2024,48,802,16886.81,802,21.06,17089.78,130.47,9947.49,450,875531,798,5637.56,732
35,2024,49,872,17471.41,868,20.13,17685.21,138.8,10873.19,514,990644,858,5521.84,790
35,2024,50,867,18027.34,864,20.86,18248.53,133.19,11069.1,516,966852,852,5659.35,780
35,2024,51,868,17461.68,861,20.28,17683.57,100.64,11097.33,513,957699,849,5621.48,782
35,2024,52,778,16545.48,776,21.32,16720.19,81.46,9891.25,434,836714,770,5316.58,700
35,2025,1,743,15163.88,741,20.46,15314.56,92.68,9234.57,419,772876,732,4897.77,661
35,2025,2,841,16864.55,840,20.08,17039.35,126.8,10814.08,494,967873,836,5480.13,758
35,2025,3,832,16913.97,830,20.38,17088.24,92.77,10433.72,490,909826,822,5453.62,750
35,2025,4,748,15711.51,745,21.09,15878.66,70.15,10335.26,464,828328,739,5227.87,682
35,2025,5,883,17495.39,880,19.88,17644.11,95.72,11141.6,521,931169,870,5674.98,791
35,2025,6,963,19083.33,958,19.92,19303.41,116.08,11153.13,536,1006967,953,6070.34,865
35,2025,7,920,18420.11,916,20.11,18584.68,104.57,12316.32,583,1009545,910,6013.63,840
35,2025,8,912,18673.09,909,20.54,18947.9,161.31,12538.57,580,959404,905,6014.98,837
35,2025,9,1026,20540.73,1022,20.1,20834.86,161.13,12673.22,597,1107119,1012,6555.74,914
35,2025,10,1058,20768.97,1053,19.72,20988.21,90.24,13963.35,650,1172997,1041,6699.76,948
35,2025,11,992,19409.12,986,19.68,19825.82,142.45,13020.27,625,1092181,981,6113.07,907
35,2025,12,1002,20879.73,996,20.96,21203.55,200.74,13871.22,647,1189927,984,6305.77,901
35,2025,13,892,18189.04,889,20.46,18444.71,167.67,11451.2,520,1092281,878,5945.1,799
35,2025,14,1027,20443.05,1023,19.98,20691.18,135.63,13299.9,634,1169607,1019,6329.37,926
35,2025,15,906,18208.11,900,20.23,18437.31,129.45,11485.32,549,1068272,890,5791.59,832
35,2025,16,1068,21921.32,1061,20.66,22299.68,216.86,14196.18,661,1280054,1060,7046.79,981
35,2025,17,983,20186.41,981,20.58,20508.29,199.77,13398.26,647,1150782,970,6168.3,893
35,2025,18,1125,22165.42,1115,19.88,22490.2,133.53,13586.39,659,1380590,1101,6758.71,981
35,2025,19,1138,22475.31,1131,19.87,22878.46,188.15,15036.76,724,1330840,1115,6984.16,1007
35,2025,20,1044,20189.12,1035,19.51,20764.08,219.2,14066.85,682,1173633,1022,5957.06,899
35,2025,21,1118,22702.03,1114,20.38,23095.99,191.96,15881.68,730,1294138,1103,6918.41,1005
35,2025,22,991,19891.0,984,20.21,20335.02,227.77,13492.35,631,1093461,965,5970.66,865
35,2025,23,1149,23518.06,1145,20.54,23960.28,188.72,16882.96,782,1365415,1134,7116.94,1048
35,2025,24,1131,22814.28,1128,20.23,23281.18,268.5,15870.8,744,1290732,1119,6692.04,1010
35,2025,25,1119,21899.83,1114,19.66,22365.73,202.88,14795.0,707,1238019,1101,6519.08,967
35,2025,26,1055,20826.25,1050,19.83,21170.85,168.77,14488.4,686,1227723,1033,6455.57,910
35,2025,27,965,19347.87,962,20.11,19592.09,121.72,13241.05,621,1095946,953,6007.69,871
35,2025,28,982,19996.4,976,20.49,20337.34,147.44,13617.17,640,1172102,973,6385.21,890
35,2025,29,1072,21187.32,1065,19.89,21545.27,173.61,13692.86,652,1188731,1053,6466.88,916
35,2025,30,1064,22077.99,1059,20.85,22427.44,201.69,14941.38,693,1278291,1053,6989.31,967
35,2025,31,1031,20288.19,1028,19.74,20666.57,201.38,14143.69,661,1167949,1016,6564.1,936
35,2025,32,1066,21530.31,1057,20.37,22166.44,275.61,14568.63,666,1241700,1042,6719.44,925
35,2025,33,1060,21432.44,1055,20.32,21923.69,230.5,14907.82,681,1159573,1034,6733.65,940
35,2025,34,1014,20542.87,1009,20.36,20851.14,169.77,13403.0,616,1116112,996,6497.32,903
35,2025,35,1077,22450.45,1074,20.9,22776.36,197.9,14624.56,667,1210142,1064,7030.28,970
35,2025,36,1046,21711.88,1036,20.96,22000.53,140.89,14056.11,634,1173727,1025,6906.64,935
35,2025,37,1160,23622.84,1154,20.47,24004.54,219.7,15598.61,729,1379740,1134,7315.81,1027
35,2025,38,1101,22611.75,1099,20.57,23135.81,251.06,15990.97,740,1243712,1080,6953.5,982
35,2025,39,1092,22900.94,1087,21.07,23214.97,140.03,15107.48,695,1258649,1070,7156.81,995
35,2025,40,1130,22404.31,1123,19.95,22829.56,218.74,15230.29,743,1212553,1111,6920.6,1034
35,2025,41,850,15817.88,847,18.68,16237.15,223.77,11071.4,563,890542,836,4772.96,767
35,2025,42,796,15509.09,787,19.71,15893.19,244.6,10401.64,513,849224,772,4446.18,715
35,2025,43,718,13507.22,710,19.02,13718.98,115.76,8321.57,429,745621,699,3916.45,639
35,2025,44,751,14035.6,743,18.89,14350.39,136.29,8493.25,442,789493,733,3973.71,663
35,2025,45,714,13051.77,710,18.38,13246.71,88.94,8934.34,469,752235,703,3953.42,649
35,2025,46,753,14294.35,752,19.01,14522.49,123.64,9008.59,463,870185,743,4377.0,688
35,2025,47,796,15315.97,794,19.29,15577.79,142.32,10222.44,526,866336,783,4410.28,723
35,2025,48,617,11399.79,614,18.57,11585.55,99.26,7390.41,377,596348,603,3455.86,553
35,2025,49,998,18027.38,990,18.21,18458.78,216.4,12669.13,681,1007462,974,5143.13,909
35,2025,50,828,14474.56,826,17.52,14784.69,171.88,10244.83,561,823991,817,4118.33,756
35,2025,51,837,15054.12,834,18.05,15330.42,102.8,9619.68,534,838873,822,4417.53,764
35,2025,52,563,10471.35,562,18.63,10639.29,101.94,6419.68,346,546025,558,3099.23,507
35,2026,1,588,10619.59,585,18.15,10826.23,123.14,6788.74,360,541428,574,3152.58,532
35,2026,2,802,14282.88,799,17.88,14523.12,135.74,8594.56,459,771801,790,4249.56,712
35,2026,3,683,12073.98,682,17.7,12441.56,136.58,7962.03,435,661993,674,3553.31,612
35,2026,4,632,11367.2,629,18.07,11657.85,131.29,7669.25,405,598883,617,3159.35,561
35,2026,5,824,14104.23,822,17.16,14429.12,165.39,10014.13,540,803100,813,4018.6,739
35,2026,6,888,15433.97,883,17.48,15811.6,201.13,9857.1,550,922966,873,4475.53,782
35,2026,7,865,15375.84,862,17.84,15733.18,188.84,9919.56,547,871079,851,4468.21,765
35,2026,8,764,13685.06,758,18.05,13963.18,138.62,8101.61,461,857738,749,3998.21,683
35,2026,9,759,13201.02,757,17.44,13471.7,168.18,8673.95,486,738612,753,3895.95,697
35,2026,10,845,15690.81,840,18.68,16105.5,225.61,9769.27,533,937637,830,4698.96,779
35,2026,11,890,16514.78,885,18.66,16944.51,183.48,11309.67,613,924070,879,4778.28,834
35,2026,12,931,16420.66,925,17.75,16909.45,198.79,11104.29,612,961725,918,4676.54,842
35,2026,13,771,13133.6,765,17.17,13557.79,179.44,8509.3,494,740569,759,3634.87,690
35,2026,14,920,16326.77,915,17.84,16914.96,304.69,10445.38,569,979969,911,4812.33,833
35,2026,15,1025,18666.88,1017,18.35,19116.82,213.94,12196.26,657,1065931,1011,5357.99,942
35,2026,16,937,16732.43,932,17.95,17236.47,206.04,11162.36,611,930588,915,4732.1,850
35,2026,17,982,17655.24,979,18.03,18076.99,171.25,12492.21,698,985093,971,4811.47,905
35,2026,18,1016,17495.44,1012,17.29,18007.7,215.81,12333.61,693,959489,1006,4761.2,931
35,2026,19,1188,21652.98,1178,18.38,22274.01,222.33,15456.83,822,1244734,1164,6094.8,1101
35,2026,20,1143,21024.47,1139,18.46,21960.7,294.48,14806.76,791,1213381,1122,5734.34,1037
35,2026,21,1083,20554.18,1075,19.12,21127.66,239.98,14993.07,780,1166700,1067,5635.04,1003
35,2026,22,949,17104.67,945,18.1,17590.56,187.39,13107.49,702,1046544,933,4667.57,880
36,2024,1,241,5303.38,240,22.1,5338.92,32.04,2154.35,89,261974,230,1592.73,217
36,2024,2,228,5072.06,227,22.34,14027.54,38.6,2377.52,100,271036,219,1530.07,195
36,2024,3,222,5205.23,221,23.55,5256.15,34.92,2464.77,97,264697,210,1543.56,194
36,2024,4,246,5823.38,246,23.67,5928.38,43.5,3090.84,121,312971,239,1762.45,222
36,2024,5,277,6454.68,277,23.3,6536.35,54.45,3312.9,133,349273,273,1889.5,252
36,2024,6,274,6078.2,272,22.35,6134.86,40.66,2787.96,111,309534,268,1787.61,239
36,2024,7,264,6463.0,263,24.57,6550.33,70.33,3014.82,121,337438,254,1970.78,238
36,2024,8,275,6456.4,274,23.56,6487.72,19.82,3359.18,130,345655,268,2030.01,249
36,2024,9,304,7117.99,302,23.57,7181.28,52.79,4033.13,157,394502,297,2145.55,270
36,2024,10,283,6769.23,283,23.92,6813.7,32.97,3415.78,134,360965,278,2006.69,251
36,2024,11,295,6701.93,292,22.95,6767.52,42.59,3604.98,140,375907,285,1885.25,242
36,2024,12,316,7288.73,314,23.21,7434.34,59.36,3811.54,146,440186,306,2005.34,264
36,2024,13,252,5937.98,250,23.75,5983.8,28.82,3113.25,122,361008,235,1624.47,206
36,2024,14,299,6946.51,297,23.39,7019.69,53.68,3870.0,146,376475,290,2071.97,257
36,2024,15,251,5654.09,248,22.8,5739.95,58.86,2893.84,113,302578,240,1599.6,213
36,2024,16,274,6224.43,272,22.88,6299.26,28.33,3310.33,134,382835,266,1791.99,223
36,2024,17,261,5816.59,261,22.29,5878.59,29.0,3060.47,129,314114,254,1645.41,222
36,2024,18,296,6572.07,294,22.35,6683.78,59.71,3285.91,131,362244,281,1930.36,256
36,2024,19,264,5964.96,261,22.85,6045.23,42.27,2777.86,115,339323,254,1710.71,218
36,2024,20,279,5814.26,265,21.94,5873.01,40.75,3044.94,121,320548,252,1713.51,211
36,2024,21,239,5680.72,238,23.87,5748.2,53.48,2885.3,118,329803,233,1503.32,190
36,2024,22,236,4963.38,232,21.39,5014.75,19.87,2609.46,110,291987,227,1388.46,172
36,2024,23,256,5402.42,252,21.44,5482.03,65.61,2953.0,119,367549,249,1481.53,189
36,2024,24,251,5701.8,247,23.08,5754.29,30.49,2720.57,111,293713,244,1451.77,189
36,2024,25,231,5476.17,229,23.91,5567.78,71.61,3048.01,118,277933,226,1476.22,178
36,2024,26,228,5070.29,228,22.24,5196.75,63.46,2567.59,104,272486,223,1443.5,174
36,2024,27,216,4773.81,215,22.2,4828.82,37.51,2868.25,118,247972,213,1363.8,172
36,2024,28,267,6139.8,263,23.35,6217.62,54.32,3266.25,131,329210,259,1588.63,205
36,2024,29,242,5437.06,240,22.65,5537.38,78.82,2985.51,123,282951,236,1566.36,192
36,2024,30,251,5885.39,249,23.64,5980.1,46.21,3073.42,124,292930,246,1761.18,210
36,2024,31,286,6380.7,284,22.47,6431.53,39.83,3512.11,139,337004,282,1972.69,241
36,2024,32,258,5782.49,258,22.41,5841.52,51.53,2973.81,124,308510,254,1755.35,221
36,2024,33,252,5540.02,250,22.16,5619.74,55.72,3040.75,124,291901,248,1816.91,215
36,2024,34,291,6865.39,289,23.76,6946.66,55.27,3705.85,142,327823,285,2161.7,259
36,2024,35,295,6683.48,295,22.66,6767.16,67.68,3439.71,137,350420,292,2052.2,248
36,2024,36,283,6372.64,283,22.52,6432.0,42.36,3267.31,133,322615,276,1994.82,239
36,2024,37,336,7657.09,336,22.79,7744.48,63.39,4168.73,165,422367,335,2357.72,287
36,2024,38,297,6928.85,296,23.41,7021.23,70.88,3914.05,157,385549,289,2199.32,256
36,2024,39,297,6559.07,295,22.23,6624.09,52.02,3365.64,140,357062,293,2066.81,256
36,2024,40,329,7739.19,326,23.74,7894.0,77.81,4103.03,167,416099,322,2432.14,287
36,2024,41,321,8246.98,321,25.69,8390.84,97.63,4365.85,182,452917,317,2412.17,288
36,2024,42,336,7836.19,333,23.53,7986.16,121.47,4549.32,179,404856,330,2485.15,290
36,2024,43,313,7106.39,313,22.7,7197.41,75.52,4116.09,168,382201,304,2258.05,270
36,2024,44,322,7056.03,320,22.05,7342.71,57.18,3874.49,162,349333,315,2270.44,272
36,2024,45,314,7248.86,313,23.16,7285.48,18.12,4088.2,166,373895,308,2328.6,276
36,2024,46,337,7849.56,335,23.43,7980.24,61.18,4300.85,177,418227,330,2518.42,298
36,2024,47,346,7817.75,344,22.73,7936.05,67.8,4590.8,187,423553,340,2517.43,303
36,2024,48,255,5940.9,255,23.3,5986.33,32.68,3424.5,142,353715,252,2013.45,232
36,2024,49,298,6298.24,298,21.14,6362.54,37.8,3449.78,148,347574,295,2053.27,260
36,2024,50,282,6597.66,281,23.48,6639.59,22.93,3414.57,140,406892,278,2086.3,249
36,2024,51,320,7188.61,319,22.53,7290.26,41.15,3719.91,158,378540,317,2388.99,282
36,2024,52,268,6127.53,267,22.95,6166.34,19.31,2695.84,107,301550,259,2036.85,226
36,2025,1,278,6316.84,277,22.8,6324.95,2.11,3198.54,138,292368,272,2061.6,248
36,2025,2,310,7234.07,309,23.41,7266.2,10.13,3419.28,146,370612,302,2318.93,269
36,2025,3,318,7362.92,316,23.3,7407.38,26.96,3651.44,156,376133,312,2451.93,283
36,2025,4,237,5256.82,234,22.47,5274.96,5.14,2285.03,102,267145,232,1718.78,202
36,2025,5,295,6577.04,295,22.3,6624.1,19.06,3300.84,142,339709,295,2164.7,259
36,2025,6,318,6880.37,316,21.77,6945.23,29.36,3741.05,163,349079,314,2236.58,280
36,2025,7,311,6840.36,310,22.07,6889.32,26.46,4089.84,177,350970,307,2263.74,283
36,2025,8,322,7654.4,322,23.77,7700.88,24.98,4180.99,166,396068,319,2487.01,285
36,2025,9,327,7139.7,327,21.83,7202.46,36.76,4504.09,191,371678,325,2337.48,289
36,2025,10,322,7068.14,320,22.09,7138.52,41.38,4013.63,173,422298,318,2301.09,290
36,2025,11,335,8107.96,333,24.35,8168.94,41.48,4684.62,193,474643,330,2680.51,305
36,2025,12,326,7000.76,326,21.47,7079.4,42.64,4303.6,183,428509,322,2290.03,293
36,2025,13,279,6094.93,278,21.92,6159.81,30.88,3722.04,157,316311,274,2009.93,242
36,2025,14,340,7568.71,338,22.39,7651.15,54.44,4613.91,201,416269,336,2428.23,306
36,2025,15,334,7408.8,332,22.32,7456.37,21.07,4592.32,193,428796,326,2470.35,301
36,2025,16,347,8136.14,344,23.65,8218.84,34.2,4691.02,193,447178,342,2624.21,310
36,2025,17,330,7569.59,329,23.01,7660.34,49.74,4934.19,200,413104,326,2539.38,301
36,2025,18,327,7154.57,327,21.88,7216.19,35.62,4361.1,190,399680,326,2282.38,288
36,2025,19,303,6946.88,301,23.08,7050.45,84.07,4208.81,186,386671,295,2207.22,276
36,2025,20,321,7648.48,319,23.98,7727.54,58.56,4161.53,169,417793,314,2330.7,279
36,2025,21,339,7602.34,338,22.49,7715.4,63.56,4448.71,192,395796,336,2405.02,301
36,2025,22,299,6706.83,297,22.58,6812.87,80.04,4446.65,183,376696,296,2230.09,271
36,2025,23,361,8162.51,361,22.61,8261.55,57.04,4950.48,206,474489,354,2637.74,323
36,2025,24,363,8188.01,362,22.62,8296.22,60.21,4623.93,195,446603,360,2487.77,313
36,2025,25,317,7248.97,316,22.94,7331.17,41.2,4398.77,186,400228,314,2379.16,287
36,2025,26,320,7708.92,319,24.17,7800.88,62.96,4496.94,192,630990,315,2441.57,293
36,2025,27,266,5895.77,265,22.25,5968.04,22.52,3691.47,157,346827,260,1962.87,236
36,2025,28,305,6858.77,303,22.64,6915.79,30.52,3966.68,170,394782,296,2174.1,268
36,2025,29,306,6739.83,306,22.03,6854.23,64.4,4133.45,180,375619,306,2110.62,275
36,2025,30,319,7059.62,316,22.34,7144.52,42.9,3910.38,170,392200,312,2240.9,279
36,2025,31,302,7183.81,301,23.87,7265.97,42.66,4296.69,177,408825,297,2333.23,278
36,2025,32,325,7390.98,325,22.74,7475.46,51.48,4474.28,183,405176,320,2425.28,291
36,2025,33,347,7372.13,347,21.25,7458.66,41.53,4074.24,175,403168,344,2302.49,297
36,2025,34,305,6413.3,303,21.17,6451.98,23.68,3952.99,170,353522,292,2044.44,261
36,2025,35,273,5891.87,273,21.58,5961.07,39.2,3683.02,149,342606,267,1896.23,237
36,2025,36,308,6855.35,307,22.33,6890.5,23.65,4450.78,184,370794,302,2345.54,276
36,2025,37,345,7533.22,345,21.84,7621.14,9.67,4071.05,181,474677,341,2248.17,292
36,2025,38,319,7066.97,319,22.15,7099.65,19.18,4193.28,179,419893,315,2319.84,288
36,2025,39,320,6781.08,319,21.26,6854.9,49.02,4239.51,180,383481,316,2272.87,281
36,2025,40,313,6711.16,313,21.44,6833.37,64.96,3871.74,175,372264,308,2109.41,281
36,2025,41,241,5393.45,239,22.57,5500.26,53.81,3021.95,124,300711,234,1746.0,212
36,2025,42,164,3836.83,164,23.4,3865.83,15.5,2181.73,93,206643,164,1169.04,148
36,2025,43,192,4326.48,191,22.65,4384.31,10.83,1958.92,88,282243,185,1395.53,171
36,2025,44,198,4494.73,198,22.7,4514.59,5.86,2531.31,106,228530,195,1450.09,176
36,2025,45,211,4291.37,209,20.53,4358.73,37.86,2465.63,118,236484,205,1378.74,188
36,2025,46,195,4469.26,195,22.92,4525.43,42.17,2655.69,114,227103,194,1444.89,178
36,2025,47,214,4154.25,213,19.5,4225.22,26.97,2471.0,115,243787,205,1371.34,186
36,2025,48,181,3743.51,179,20.91,3777.23,17.22,1881.47,88,196752,177,1232.93,162
36,2025,49,226,4981.66,223,22.34,5040.34,27.08,2957.98,129,265887,220,1482.3,198
36,2025,50,235,5165.58,234,22.08,5230.01,36.93,2872.63,130,269591,230,1572.86,205
36,2025,51,209,4703.58,207,22.72,4765.02,41.44,2442.04,109,247505,203,1440.23,180
36,2025,52,141,3251.7,140,23.23,3287.89,23.19,1458.65,61,149220,136,1033.8,121
36,2026,1,172,3501.63,172,20.36,3566.65,10.02,2108.94,100,187016,169,1169.94,155
36,2026,2,236,5673.14,235,24.14,5737.9,39.26,2817.96,130,272534,233,1621.04,206
36,2026,3,185,4107.06,185,22.2,4138.56,16.25,2586.12,113,209359,184,1361.51,169
36,2026,4,132,2893.05,131,22.08,2925.64,13.59,1603.7,73,143161,131,915.74,118
36,2026,5,173,3982.23,173,23.02,4037.37,26.64,2092.42,101,200100,173,1108.68,163
36,2026,6,242,5344.98,242,22.09,5418.49,27.07,2809.55,128,293780,238,1668.72,215
36,2026,7,232,4959.74,231,21.47,5003.31,19.07,2642.82,121,257481,227,1503.03,206
36,2026,8,197,4114.29,193,21.32,4168.29,21.5,2253.34,104,232567,191,1238.9,174
36,2026,9,220,4717.47,218,21.64,4767.7,23.23,2794.23,119,292799,218,1485.62,194
36,2026,10,216,4750.19,216,21.99,4799.24,25.54,2475.4,112,244549,215,1517.41,195
36,2026,11,230,5226.92,230,22.73,5291.92,18.0,2800.16,121,256461,225,1542.01,202
36,2026,12,224,4961.83,222,22.35,5010.96,19.13,2878.68,130,271734,222,1571.49,210
36,2026,13,161,3713.2,161,23.06,3739.31,18.61,2094.97,83,185725,159,1199.39,148
36,2026,14,231,4952.35,229,21.63,5035.66,50.81,2680.05,121,327845,226,1546.8,203
36,2026,15,252,5290.43,249,21.25,5368.84,36.91,3075.51,142,281703,246,1635.7,224
36,2026,16,253,5381.4,250,21.53,5566.18,72.03,3094.55,134,289133,247,1648.93,219
36,2026,17,224,4888.16,220,22.22,4948.4,19.49,2683.31,122,257771,216,1494.02,197
36,2026,18,220,5057.23,218,23.2,5161.74,49.51,2653.47,120,310365,212,1601.99,191
36,2026,19,245,5398.87,244,22.13,5495.17,26.55,3339.02,147,316141,239,1630.76,215
36,2026,20,205,4653.61,204,22.81,4876.02,40.91,2965.77,130,261586,201,1434.15,188
36,2026,21,225,5059.39,222,22.79,5234.51,59.62,2994.81,130,275110,222,1528.8,199
36,2026,22,173,3616.3,172,21.02,3730.57,23.02,2448.24,120,193025,168,1115.67,158
37,2024,1,194,5177.49,194,26.69,5191.96,12.47,3738.25,139,229477,188,1780.92,187
37,2024,2,218,5905.1,218,27.09,5942.4,27.8,4382.25,158,275837,212,1929.57,203
37,2024,3,193,5624.31,191,29.45,5676.0,16.19,3688.37,131,245395,187,1879.97,182
37,2024,4,222,6032.78,222,27.17,6067.29,29.01,4546.0,164,288673,219,2063.51,218
37,2024,5,223,6080.47,222,27.39,6112.69,27.22,4205.0,153,278211,218,2019.35,211
37,2024,6,232,6115.62,231,26.47,6142.09,21.97,4307.25,154,274182,226,1973.95,216
37,2024,7,229,6074.24,229,26.53,6119.53,36.79,4429.25,164,272409,227,2057.36,218
37,2024,8,248,6784.87,248,27.36,6803.19,15.32,4620.5,169,305450,243,2199.1,228
37,2024,9,260,6684.56,259,25.81,6715.83,25.27,4942.4,177,304160,250,2181.88,227
37,2024,10,230,6027.83,230,26.21,6055.58,18.75,4196.5,153,262036,226,1954.78,208
37,2024,11,235,5688.7,233,24.42,5714.86,9.66,3926.54,150,258833,228,1827.89,198
37,2024,12,227,5901.64,226,26.11,5943.79,22.65,4014.06,145,334311,224,1895.92,205
37,2024,13,218,5687.18,218,26.09,5720.63,21.95,3907.75,146,304019,218,1835.73,201
37,2024,14,232,5982.6,230,26.01,6047.58,53.48,4317.25,158,290093,227,1900.22,207
37,2024,15,215,5641.74,214,26.36,5678.76,30.02,3716.2,139,251138,208,1770.55,188
37,2024,16,232,6368.78,232,27.45,6416.2,36.42,4621.81,163,286819,230,2052.33,210
37,2024,17,214,5457.38,213,25.62,5513.64,32.26,3569.5,131,322311,209,1738.0,193
37,2024,18,233,5913.2,233,25.38,6006.35,55.65,4365.45,158,287955,227,2075.46,208
37,2024,19,197,5060.95,197,25.69,5083.2,11.75,3727.25,137,248092,192,1621.83,178
37,2024,20,187,5297.17,186,28.48,5328.86,25.69,3843.5,137,304349,185,1722.26,175
37,2024,21,206,5198.76,204,25.48,5275.31,45.05,3616.15,136,239753,202,1588.81,175
37,2024,22,191,4875.87,190,25.66,4897.4,15.03,3738.55,139,232128,188,1633.99,167
37,2024,23,226,5983.45,226,26.48,6023.69,27.74,4417.87,162,266649,224,1969.69,203
37,2024,24,199,5197.17,197,26.38,5232.9,30.73,3428.0,126,256123,197,1697.48,173
37,2024,25,207,5440.32,203,26.8,5496.62,53.3,4101.5,148,239309,201,1779.88,184
37,2024,26,156,3980.61,156,25.52,4048.84,24.23,2865.37,110,220508,156,1374.24,149
37,2024,27,210,5554.15,207,26.83,5585.91,8.76,4188.5,150,249800,207,1880.33,186
37,2024,28,210,5446.64,207,26.31,5487.09,33.45,4224.25,153,268918,207,1810.45,189
37,2024,29,206,6374.35,205,31.09,6417.93,40.08,3829.5,136,250809,204,1897.92,187
37,2024,30,191,4947.11,191,25.9,5009.07,42.46,3562.26,134,275796,189,1701.93,177
37,2024,31,208,5409.56,208,26.01,5428.16,16.6,3833.92,139,246063,204,1887.02,195
37,2024,32,212,5536.22,212,26.11,5590.6,46.38,3788.77,135,241042,210,1887.7,191
37,2024,33,198,5030.63,198,25.41,5072.37,11.74,3785.25,143,220375,197,1757.59,182
37,2024,34,219,5874.28,218,26.95,5904.71,26.43,4348.16,158,275506,218,2096.1,204
37,2024,35,216,5805.79,215,27.0,5863.15,39.36,4242.27,156,247587,210,1983.47,204
37,2024,36,224,6048.78,224,27.0,6124.47,40.69,4232.85,154,256346,221,2069.14,208
37,2024,37,224,5736.34,223,25.72,5824.12,73.28,4081.31,148,275160,222,1904.23,205
37,2024,38,210,5414.33,209,25.91,5456.36,36.53,4008.75,147,256172,209,1886.07,195
37,2024,39,207,5428.08,207,26.22,5481.8,48.72,4220.62,156,249255,205,1962.19,200
37,2024,40,240,6150.69,239,25.74,6226.81,46.62,4475.5,163,301400,239,2146.2,222
37,2024,41,205,5422.43,205,26.45,5518.84,51.91,4300.92,156,243861,205,1912.17,196
37,2024,42,226,5779.3,224,25.8,5846.82,59.02,4079.44,152,268752,223,2016.08,204
37,2024,43,222,5745.21,221,26.0,5790.71,41.5,4305.83,159,259259,220,2029.5,205
37,2024,44,231,5989.45,230,26.04,6067.81,62.36,4460.27,166,274426,229,2043.33,213
37,2024,45,227,5955.71,227,26.24,6016.77,35.56,4203.25,159,263154,227,2076.89,217
37,2024,46,233,5872.69,233,25.2,5933.37,46.68,4080.73,152,318154,228,2026.06,210
37,2024,47,213,5359.52,213,25.16,5362.32,0.3,3981.0,149,251185,211,1865.28,194
37,2024,48,190,5001.78,189,26.46,5019.25,10.97,3803.75,140,265113,188,1746.05,182
37,2024,49,181,4935.39,181,27.27,4975.85,35.46,4081.5,149,224406,181,1772.87,176
37,2024,50,187,4678.48,187,25.02,4690.69,8.21,3614.24,134,222525,186,1651.3,178
37,2024,51,209,5335.65,208,25.65,5349.45,9.3,4180.75,156,242771,207,1898.85,198
37,2024,52,183,4613.49,182,25.35,4618.13,0.14,3604.0,135,270521,181,1673.83,173
37,2025,1,164,4148.13,164,25.29,4162.06,11.93,3067.0,113,170767,163,1469.22,151
37,2025,2,199,5150.42,199,25.88,5172.41,17.49,4098.0,156,223205,199,1832.99,191
37,2025,3,199,5037.53,198,25.44,5041.08,0.05,3632.2,139,235645,196,1792.94,187
37,2025,4,187,4671.35,187,24.98,4686.82,5.97,3842.0,144,226752,187,1662.52,176
37,2025,5,212,5600.25,212,26.42,5636.88,29.13,3908.75,146,239006,209,1935.53,195
37,2025,6,231,5710.61,230,24.83,5745.1,22.62,4483.45,170,247135,226,2022.33,216
37,2025,7,215,5409.64,214,25.28,5418.86,5.22,4037.73,151,279408,214,1906.83,204
37,2025,8,216,5640.22,215,26.23,5675.84,20.12,4200.09,156,236726,215,1995.14,205
37,2025,9,231,5648.77,229,24.67,5672.99,17.63,4149.79,163,257443,226,2009.28,210
37,2025,10,224,5367.84,223,24.07,5398.43,26.91,3787.25,147,294927,220,1869.96,201
37,2025,11,223,5611.03,220,25.5,5632.61,19.08,4169.91,152,270686,219,2006.43,206
37,2025,12,247,5976.07,246,24.29,6059.68,71.02,4337.75,165,301072,244,2009.22,224
37,2025,13,207,5106.97,207,24.67,5123.42,9.95,3731.25,144,247866,205,1787.65,191
37,2025,14,234,5771.22,234,24.66,5780.91,4.19,4050.0,152,267237,234,2041.9,221
37,2025,15,212,5632.95,212,26.57,5667.56,33.61,3911.75,148,277359,212,1908.71,200
37,2025,16,227,5613.44,226,24.84,5640.96,17.02,3970.98,152,272335,222,1916.37,207
37,2025,17,197,5067.9,196,25.86,5123.38,30.98,3689.0,140,230995,195,1653.12,178
37,2025,18,195,4926.27,193,25.52,4936.82,8.05,3675.75,132,236640,193,1772.76,181
37,2025,19,206,5081.71,206,24.67,5109.94,23.73,4073.61,151,266031,204,1762.13,195
37,2025,20,176,4338.28,175,24.79,4412.95,68.17,3395.17,124,213166,174,1495.78,165
37,2025,21,147,3547.2,145,24.46,3565.8,10.6,2789.05,112,164954,142,1212.25,137
37,2025,22,183,4605.84,182,25.31,4673.51,15.67,3633.65,139,221854,180,1586.8,176
37,2025,23,184,4766.51,183,26.05,4784.68,14.67,3487.6,131,237056,182,1610.27,175
37,2025,24,201,5043.46,197,25.6,5066.92,17.46,3863.52,148,234854,197,1698.92,188
37,2025,25,187,4745.22,186,25.51,4768.52,20.8,3009.41,115,222204,183,1590.68,171
37,2025,26,175,4191.53,175,23.95,4218.18,0.15,2938.37,118,259313,173,1470.58,166
37,2025,27,215,5272.45,213,24.75,5302.13,25.68,3929.36,150,261241,210,1812.22,199
37,2025,28,189,5025.55,188,26.73,5045.99,15.94,3422.0,128,248343,188,1789.09,183
37,2025,29,198,5012.81,198,25.32,5029.88,11.07,3816.49,148,241561,198,1732.79,189
37,2025,30,185,4624.72,183,25.27,4649.53,16.81,3583.75,135,229344,183,1610.29,173
37,2025,31,196,5021.92,196,25.62,5051.88,9.46,3645.64,136,276461,193,1744.53,184
37,2025,32,170,4259.29,169,25.2,4309.94,16.65,3123.5,118,203391,166,1495.96,160
37,2025,33,164,4213.24,164,25.69,4224.29,7.55,3084.55,114,199626,163,1494.47,157
37,2025,34,190,4946.05,190,26.03,5013.42,45.37,3970.59,146,300940,190,1760.06,183
37,2025,35,203,5332.38,203,26.27,5404.4,62.02,4355.76,156,254707,201,1919.63,193
37,2025,36,201,5301.3,201,26.37,5392.48,51.18,3788.25,141,234546,199,1880.21,194
37,2025,37,208,5318.16,207,25.69,5345.25,14.59,3864.25,136,289638,205,1870.55,186
37,2025,38,192,5224.35,191,27.35,5234.16,5.81,3726.65,133,348471,190,1880.77,183
37,2025,39,222,6110.58,222,27.53,6127.13,13.05,4548.48,160,285626,222,2166.09,210
37,2025,40,149,4071.38,149,27.32,4082.45,7.07,2947.94,108,186294,148,1431.73,143
37,2025,41,111,3408.28,111,30.71,3415.35,2.57,2272.96,77,153024,111,1145.4,107
37,2025,42,96,2491.25,96,25.95,2512.48,18.23,1564.62,60,116204,95,845.57,90
37,2025,43,87,2203.12,87,25.32,2205.75,1.63,1343.33,51,105131,86,730.85,79
37,2025,44,99,2512.51,98,25.64,2530.08,0.07,1777.08,66,115118,98,860.2,93
37,2025,45,103,2681.85,102,26.29,2691.03,6.18,1796.0,64,139626,101,942.19,97
37,2025,46,98,2412.65,97,24.87,2441.48,25.83,1614.49,65,111987,97,836.99,92
37,2025,47,94,2464.67,93,26.5,2482.99,3.32,1764.43,62,153614,92,844.31,87
37,2025,48,95,2656.09,95,27.96,2657.16,0.07,1683.67,60,125853,95,943.48,91
37,2025,49,108,2709.62,107,25.32,2721.09,8.47,1851.01,71,134973,105,915.37,102
37,2025,50,117,2960.72,117,25.31,2964.47,0.37,2058.48,76,195557,115,1005.54,110
37,2025,51,104,2745.38,104,26.4,2746.95,0.07,1658.38,63,121184,103,898.86,97
37,2025,52,79,2016.28,78,25.85,2028.78,1.5,1230.92,50,78710,78,651.28,75
37,2026,1,91,2081.6,90,23.13,2110.3,11.7,1330.88,52,104576,89,710.37,83
37,2026,2,113,2996.18,110,27.24,3019.17,18.99,2065.5,81,128753,109,1009.64,101
37,2026,3,87,2095.28,87,24.08,2106.09,9.31,1410.84,55,99031,87,691.82,78
37,2026,4,70,1899.45,70,27.14,1917.92,4.97,1526.66,58,82582,70,686.59,68
37,2026,5,88,2266.89,86,26.36,2278.91,8.52,1625.6,60,110845,85,765.97,80
37,2026,6,98,2468.84,96,25.72,2476.11,6.27,1423.25,55,111868,95,830.1,89
37,2026,7,95,2338.59,94,24.88,2372.12,9.53,1426.25,58,119065,93,796.69,86
37,2026,8,93,2563.33,93,27.56,2586.98,22.65,1755.37,63,106779,91,904.23,88
37,2026,9,107,2694.21,107,25.18,2735.05,13.84,1888.31,73,123240,105,914.88,98
37,2026,10,130,3040.71,130,23.39,3068.97,7.76,2139.37,87,148556,129,1020.49,124
37,2026,11,119,3232.38,119,27.16,3295.28,12.4,2093.57,74,138945,118,1098.14,111
37,2026,12,112,2598.27,112,23.2,2618.37,13.6,1864.27,74,117350,111,841.57,101
37,2026,13,106,2786.51,105,26.54,2812.28,22.77,2012.0,76,114357,104,948.95,99
37,2026,14,101,2614.76,100,26.15,2747.86,51.35,1988.32,72,123000,99,864.18,92
37,2026,15,94,2391.55,93,25.72,2431.89,17.34,1782.81,65,99414,92,828.23,86
37,2026,16,113,2897.56,112,25.87,2910.48,7.92,1863.29,70,141010,112,933.31,101
37,2026,17,93,2583.85,93,27.78,2590.75,2.9,1988.94,68,111956,93,874.7,89
37,2026,18,118,2969.16,118,25.16,2996.9,5.74,2125.98,81,131820,116,1015.22,109
37,2026,19,117,2912.62,117,24.89,2931.97,11.35,2135.79,82,142513,116,940.34,106
37,2026,20,98,2711.03,97,27.95,2751.28,27.75,1995.17,76,105007,97,763.76,91
37,2026,21,94,2368.25,94,25.19,2394.52,12.27,1603.64,64,117894,94,801.04,91
37,2026,22,81,1905.05,81,23.52,1945.94,11.79,1323.47,56,99042,81,631.49,78
38,2024,1,577,12209.72,576,21.2,12350.36,89.64,6517.13,284,689769,564,3515.29,512
38,2024,2,561,12619.88,560,22.54,12684.75,45.87,5523.31,238,698322,541,3274.0,485
38,2024,3,543,12051.44,542,22.24,12152.08,74.14,6045.22,251,650107,523,3488.88,477
38,2024,4,613,13901.81,612,22.72,14037.11,90.29,6846.38,290,805991,589,3822.86,535
38,2024,5,692,15129.39,690,21.93,15308.96,136.57,7098.96,310,834226,669,4020.93,602
38,2024,6,720,15406.88,713,21.61,15642.54,147.16,7594.8,315,856863,690,4298.1,616
38,2024,7,700,14988.81,698,21.47,15245.96,106.15,8308.76,350,815838,676,4310.09,596
38,2024,8,640,14585.79,640,22.79,14713.73,101.94,7208.94,296,882221,629,3980.51,546
38,2024,9,760,16962.88,756,22.44,17065.65,46.77,8899.63,370,994268,735,4660.53,622
38,2024,10,728,16165.53,726,22.27,16305.74,91.2,7990.72,330,904666,705,4381.56,604
38,2024,11,716,15970.02,712,22.43,16073.94,60.92,7977.37,330,902901,695,4387.59,604
38,2024,12,738,15689.59,731,21.46,15869.44,118.77,8657.51,348,937704,704,4385.36,611
38,2024,13,711,15629.7,705,22.17,15757.65,52.95,7609.15,319,869822,693,4420.48,607
38,2024,14,698,14481.4,690,20.99,14687.34,145.44,8082.88,346,834453,667,4046.25,575
38,2024,15,644,13985.92,635,22.03,14232.27,148.48,8258.38,344,809049,612,3997.42,543
38,2024,16,695,15517.57,690,22.49,15675.46,110.89,9115.07,370,919495,670,4457.95,590
38,2024,17,768,16753.84,763,21.96,16995.37,118.46,9215.5,416,980856,750,4745.6,663
38,2024,18,735,15919.76,727,21.9,16133.71,125.95,9228.52,385,1078503,713,4608.22,635
38,2024,19,742,16060.11,735,21.85,16290.33,133.22,8946.55,389,1017958,713,4408.56,628
38,2024,20,738,16032.04,734,21.84,16348.34,134.8,9944.53,430,976976,712,4823.14,644
38,2024,21,725,16193.52,720,22.49,16387.31,126.79,9314.74,395,937854,707,4504.5,586
38,2024,22,762,16516.9,756,21.85,16795.52,165.12,9916.68,424,983934,740,4568.21,608
38,2024,23,778,16238.98,766,21.2,16543.08,149.1,9829.55,441,990200,756,4731.44,648
38,2024,24,744,16139.8,736,21.93,16395.51,126.21,9316.2,411,1031765,724,4632.71,624
38,2024,25,684,14491.25,674,21.5,14746.99,169.74,8855.66,383,829605,672,4254.44,572
38,2024,26,726,16417.76,717,22.9,16677.02,155.76,9145.67,391,912931,709,4505.59,589
38,2024,27,747,16573.7,740,22.4,16802.68,153.48,9905.89,426,915065,734,4629.94,627
38,2024,28,763,16233.74,755,21.5,16488.12,135.1,10431.37,455,977994,750,4727.43,636
38,2024,29,772,16940.73,766,22.12,17263.18,178.44,10953.28,479,1003177,761,5060.39,669
38,2024,30,725,16495.53,722,22.85,16713.27,166.24,9200.75,396,845020,713,4893.43,625
38,2024,31,754,16857.77,752,22.42,17138.7,195.93,10509.85,454,916965,746,5290.01,667
38,2024,32,765,16518.22,763,21.65,16735.14,151.42,9842.51,431,1002685,756,5097.14,665
38,2024,33,732,15812.43,731,21.63,16025.6,153.17,9638.85,429,909494,728,4819.34,639
38,2024,34,742,16172.19,740,21.85,16476.51,186.82,9552.06,428,845425,735,4810.07,644
38,2024,35,737,16169.49,734,22.03,16347.13,110.39,9263.82,416,918329,729,4997.0,660
38,2024,36,795,17137.78,794,21.58,17339.68,134.4,9472.2,406,989656,781,5124.12,690
38,2024,37,775,17237.48,771,22.36,17477.57,161.09,9985.69,446,1001339,764,5238.56,689
38,2024,38,767,16847.72,765,22.02,17110.0,163.63,9974.83,444,955913,756,5133.4,671
38,2024,39,739,17508.47,736,23.79,17764.53,154.06,9791.89,425,1049185,724,5144.45,656
38,2024,40,855,18969.8,853,22.24,19142.29,119.49,10745.15,470,1091622,841,5633.96,752
38,2024,41,837,18218.01,835,21.82,18476.84,117.83,10959.22,492,1010205,826,5528.5,735
38,2024,42,812,17085.13,805,21.22,17329.46,152.83,9789.94,438,998715,788,5186.15,718
38,2024,43,776,16605.35,775,21.43,16795.12,128.27,9944.06,440,914588,764,5217.02,694
38,2024,44,872,19058.39,870,21.91,19288.22,165.33,11171.73,498,1028104,862,6015.47,780
38,2024,45,744,16020.67,742,21.59,16214.58,83.16,9285.54,413,885692,739,4996.69,664
38,2024,46,784,17098.82,779,21.95,17253.95,98.83,10251.95,443,950286,776,5472.7,703
38,2024,47,753,16869.0,753,22.4,17097.14,125.64,11265.81,489,1010989,748,5385.67,691
38,2024,48,692,14795.6,691,21.41,14964.03,111.93,9671.93,424,813910,682,4851.44,625
38,2024,49,821,17657.45,818,21.59,17854.64,86.1,10654.42,474,955007,811,5354.58,721
38,2024,50,748,16102.14,745,21.61,16325.78,133.14,10819.63,445,908496,738,4873.45,653
38,2024,51,763,16199.19,763,21.23,16383.07,116.88,10178.38,449,901683,754,5023.32,674
38,2024,52,649,14898.36,646,23.06,15017.02,74.91,9056.42,366,713153,637,4502.2,582
38,2025,1,664,13996.32,663,21.11,14122.35,65.03,8966.23,403,696899,656,4505.39,597
38,2025,2,753,15485.02,749,20.67,15811.7,80.68,9367.84,430,832917,737,4856.87,664
38,2025,3,705,14222.92,703,20.23,14361.5,71.58,8264.01,383,768477,696,4367.65,610
38,2025,4,631,13553.29,629,21.55,13654.35,54.56,8402.29,375,721484,624,4504.84,581
38,2025,5,812,16758.08,810,20.69,16990.26,124.68,10253.75,460,876449,801,5273.47,716
38,2025,6,803,16132.46,800,20.17,16274.8,93.34,9767.6,460,885314,794,5123.09,713
38,2025,7,814,17118.08,810,21.13,17305.55,73.97,10603.98,479,918376,800,5410.81,737
38,2025,8,735,15339.13,732,20.96,15514.93,75.8,9552.47,434,797155,726,4724.3,658
38,2025,9,886,18640.43,880,21.18,18838.38,125.95,11517.28,521,1026357,871,5856.27,793
38,2025,10,895,19417.68,892,21.77,19658.38,128.58,12240.65,549,1057119,882,5977.53,806
38,2025,11,847,18357.28,845,21.72,18588.78,142.0,12209.85,550,1063322,835,5735.77,772
38,2025,12,876,18830.47,872,21.59,19063.0,117.03,11616.38,508,1071000,869,5648.21,785
38,2025,13,837,18059.73,836,21.6,18250.04,83.31,10959.73,485,969429,826,5648.32,744
38,2025,14,908,18451.11,905,20.39,18650.48,120.87,11842.45,546,1029238,893,5686.55,814
38,2025,15,884,18180.43,880,20.66,18453.27,102.84,12536.43,556,1038400,874,5856.89,813
38,2025,16,906,18980.26,900,21.09,19213.08,94.82,12001.01,551,1073833,893,5818.22,813
38,2025,17,913,18814.31,912,20.63,19059.29,141.98,12848.85,587,1131618,902,5959.77,814
38,2025,18,905,18870.99,903,20.9,19120.4,130.41,12708.18,585,1183034,898,5866.78,829
38,2025,19,935,19704.84,934,21.1,19990.33,194.49,13613.32,606,1147420,927,6186.79,857
38,2025,20,895,18831.95,894,21.06,19196.36,194.16,13261.77,599,1066159,887,5746.37,809
38,2025,21,846,18238.64,844,21.61,18495.74,156.6,12213.22,550,1010133,835,5549.53,763
38,2025,22,825,17279.21,824,20.97,17447.32,90.11,11898.51,526,975222,820,5639.26,759
38,2025,23,887,18445.26,884,20.87,18724.4,106.64,12333.1,565,1094996,879,5734.57,807
38,2025,24,933,19513.39,930,20.98,19844.71,138.02,13072.81,578,1113277,922,6096.92,840
38,2025,25,856,18214.69,854,21.33,18532.46,120.27,12261.62,545,1006683,843,5702.03,763
38,2025,26,795,17177.83,793,21.66,17426.94,148.11,10825.68,485,995378,781,5231.79,720
38,2025,27,837,17414.32,835,20.86,17548.75,78.43,11311.45,522,984056,829,5565.07,766
38,2025,28,854,17120.39,852,20.09,17425.43,155.46,12430.41,560,978629,841,5566.7,768
38,2025,29,862,18116.09,860,21.07,18445.35,175.75,13132.44,577,1060619,852,5813.74,787
38,2025,30,847,17693.05,844,20.96,17862.45,104.4,11888.84,536,1001060,838,5609.26,763
38,2025,31,839,17583.23,835,21.06,17775.69,123.46,11489.03,522,984195,822,5656.72,757
38,2025,32,850,17375.13,848,20.49,17586.53,133.9,11791.42,532,1018530,841,5568.15,760
38,2025,33,814,17825.42,812,21.95,18047.0,154.58,11805.47,530,979706,808,5722.39,744
38,2025,34,820,17147.96,814,21.07,17376.26,122.8,11770.9,526,954096,806,5525.4,742
38,2025,35,870,18610.83,868,21.44,18859.26,137.92,11763.05,527,1036118,857,5859.45,797
38,2025,36,816,17606.58,815,21.6,17856.59,102.01,11697.59,514,987969,809,5668.44,748
38,2025,37,863,18561.49,861,21.56,18784.24,161.0,11776.6,541,1044020,855,5889.77,802
38,2025,38,836,17710.97,834,21.24,17885.01,109.43,12119.87,545,977742,824,5603.7,758
38,2025,39,890,18955.75,886,21.39,19184.94,122.69,12109.92,558,1153753,880,6012.5,799
38,2025,40,833,16893.94,828,20.4,17069.76,61.32,10537.37,510,971454,821,5158.18,761
38,2025,41,696,14199.96,693,20.49,14410.25,106.79,9395.99,452,794530,688,4378.68,641
38,2025,42,588,12317.82,584,21.09,12510.45,113.13,8086.24,374,726964,578,3851.29,534
38,2025,43,537,10566.43,533,19.82,10723.1,98.42,6579.43,306,582777,529,3218.48,476
38,2025,44,540,10685.7,535,19.97,10855.07,105.87,6639.36,321,617432,531,3319.85,487
38,2025,45,646,11916.59,641,18.59,12161.83,98.99,8224.5,394,707888,639,3711.1,568
38,2025,46,584,11752.79,582,20.19,11993.69,113.15,7049.49,349,619825,577,3461.76,531
38,2025,47,653,12521.4,648,19.32,12704.78,75.38,8195.68,397,734988,643,3815.68,586
38,2025,48,497,10283.08,492,20.9,10513.02,137.44,5689.12,285,589973,488,3021.08,437
38,2025,49,720,14423.09,717,20.12,14722.93,137.84,9109.36,442,829543,710,4262.47,649
38,2025,50,702,14386.0,701,20.52,14587.23,62.48,9146.59,428,798786,690,4195.49,617
38,2025,51,689,13859.32,683,20.29,14010.46,92.14,8314.22,418,770789,680,4006.63,621
38,2025,52,487,9694.48,486,19.95,9863.63,97.15,6007.5,291,489371,483,3035.84,441
38,2026,1,503,10307.74,501,20.57,10482.75,82.51,5640.36,286,497896,495,2915.35,440
38,2026,2,663,13108.49,661,19.83,13305.84,111.35,8030.44,397,719632,655,4143.35,592
38,2026,3,606,12162.1,600,20.27,12308.73,95.88,6995.34,351,669000,587,3681.8,542
38,2026,4,459,9188.55,458,20.06,9308.45,46.4,5739.76,282,591002,447,2898.26,424
38,2026,5,533,10344.13,532,19.44,10506.28,108.65,6262.14,326,573338,527,3165.13,490
38,2026,6,660,13133.87,656,20.02,13305.78,125.66,8217.9,383,732651,649,4095.99,602
38,2026,7,589,11709.52,585,20.02,11909.51,108.99,7277.23,358,720799,579,3452.96,532
38,2026,8,549,12130.64,545,22.26,12302.65,107.51,6627.38,320,711454,538,3475.04,497
38,2026,9,619,12148.22,614,19.79,12354.97,98.0,7419.46,366,711018,608,3757.93,554
38,2026,10,718,14947.67,717,20.85,15211.51,151.25,8905.95,419,821862,704,4445.28,632
38,2026,11,692,13998.88,691,20.26,14284.18,141.3,9013.0,427,782964,681,4175.71,631
38,2026,12,681,13074.94,679,19.26,13327.0,125.31,8126.11,404,790190,667,4074.28,626
38,2026,13,543,10879.12,542,20.07,11119.03,153.65,6552.09,328,571207,535,3250.7,497
38,2026,14,669,13223.53,665,19.89,13478.49,128.46,8413.44,399,971761,661,4128.36,608
38,2026,15,717,14544.58,711,20.46,14852.55,135.22,8986.75,445,797210,693,4286.66,648
38,2026,16,617,11974.47,613,19.53,12190.1,144.53,7642.29,369,686315,607,3644.3,561
38,2026,17,608,12003.25,602,19.94,12163.79,86.04,7672.23,378,671007,595,3659.93,550
38,2026,18,702,14286.84,695,20.56,14767.46,146.37,9154.57,443,807639,693,4372.39,646
38,2026,19,672,13885.17,667,20.82,14213.7,93.03,8902.58,427,806324,661,4109.91,607
38,2026,20,686,14380.82,678,21.21,14631.45,111.63,9065.29,427,856480,668,4183.97,614
38,2026,21,648,13353.16,644,20.73,13594.88,125.97,8493.19,412,731844,640,3889.2,589
38,2026,22,571,11370.01,565,20.12,11557.3,86.79,7219.33,342,652093,560,3322.45,511
39,2024,1,438,10158.57,438,23.19,10487.61,247.45,5173.55,199,526803,421,2854.24,388
39,2024,2,443,9787.9,441,22.19,10029.53,141.75,4675.16,190,537781,422,2733.92,398
39,2024,3,424,9395.18,420,22.37,9938.13,410.99,5438.84,211,494971,395,2717.1,354
39,2024,4,465,10631.7,465,22.86,10885.3,227.6,6602.52,263,600840,450,3220.9,421
39,2024,5,578,12912.71,576,22.42,13355.4,305.66,7347.66,278,670918,551,3779.16,501
39,2024,6,533,12213.6,529,23.09,12514.2,253.52,6920.81,270,649352,518,3632.59,468
39,2024,7,589,13390.18,582,23.01,13838.64,324.96,8002.64,296,719786,560,4027.63,513
39,2024,8,518,12166.78,515,23.62,12445.47,247.19,7294.38,279,643654,506,3710.51,476
39,2024,9,576,13109.04,576,22.76,13382.99,225.45,7237.24,286,728996,558,3803.85,511
39,2024,10,567,12731.29,560,22.73,13042.49,252.7,7497.77,292,697659,545,3810.4,495
39,2024,11,611,13084.92,607,21.56,13616.37,308.7,7570.33,303,727323,575,3802.71,516
39,2024,12,587,12353.6,586,21.08,12756.99,256.89,7694.38,317,676344,567,3649.64,500
39,2024,13,519,11633.2,516,22.54,11966.35,302.65,7162.7,277,619565,497,3507.97,453
39,2024,14,589,12936.66,584,22.15,13251.34,262.68,7319.25,289,721720,557,3829.64,509
39,2024,15,506,10683.75,499,21.41,11197.24,321.64,6066.66,238,591157,475,3258.05,425
39,2024,16,554,12409.29,552,22.48,12881.18,261.67,7668.5,299,690629,532,3921.83,491
39,2024,17,558,12370.92,557,22.21,12712.74,258.32,7474.21,304,693575,536,3737.53,492
39,2024,18,613,13375.72,608,22.0,13730.09,269.37,7307.24,289,785939,585,3886.58,513
39,2024,19,550,12311.31,543,22.67,12694.02,316.71,7217.8,291,774727,524,3681.27,471
39,2024,20,550,12521.05,547,22.89,12885.28,267.04,7395.91,296,745632,530,3600.32,470
39,2024,21,544,11663.65,538,21.68,12097.73,316.33,7050.24,298,709329,526,3458.46,452
39,2024,22,568,11752.39,561,20.95,12300.72,382.83,6466.94,272,709545,547,3189.26,431
39,2024,23,592,13741.04,585,23.49,14301.66,446.12,8230.14,317,813995,571,3769.77,480
39,2024,24,570,13143.98,567,23.18,13526.51,265.28,7023.13,280,740036,557,3614.77,451
39,2024,25,523,12397.72,517,23.98,12835.16,343.44,6725.48,266,646740,504,3374.32,413
39,2024,26,574,12571.96,567,22.17,13007.34,366.38,7111.7,290,682757,560,3622.59,457
39,2024,27,487,10504.56,483,21.75,10812.6,228.04,5964.11,247,625881,473,3039.57,395
39,2024,28,597,13750.86,592,23.23,14286.18,347.02,7491.16,307,760460,585,3812.63,479
39,2024,29,628,14591.43,625,23.35,15010.42,300.74,7652.91,309,743354,607,3895.03,484
39,2024,30,619,13164.31,616,21.37,13697.86,236.55,7266.28,310,743618,610,3884.87,512
39,2024,31,625,13940.58,624,22.34,14507.87,464.29,7661.41,307,756193,614,4145.4,507
39,2024,32,566,12298.91,557,22.08,12641.24,258.33,6145.95,253,699933,551,3673.31,469
39,2024,33,573,13162.37,568,23.17,13782.9,457.03,7336.4,293,723356,562,4089.72,490
39,2024,34,608,13679.5,605,22.61,14205.46,357.46,7005.51,291,724439,601,4191.01,518
39,2024,35,643,14478.49,642,22.55,14818.77,275.28,7180.41,302,768795,632,4133.15,523
39,2024,36,660,13712.73,657,20.87,14173.11,352.38,7512.94,317,791589,648,4184.12,551
39,2024,37,672,14863.29,666,22.32,15546.05,448.76,8602.42,342,876821,654,4467.87,553
39,2024,38,674,15343.7,672,22.83,15811.01,391.81,9143.8,366,984905,666,4679.56,568
39,2024,39,684,14048.15,681,20.63,14503.78,385.63,8151.96,341,801235,667,4192.85,554
39,2024,40,704,14912.59,702,21.24,15666.41,501.74,8222.53,343,833709,692,4404.54,579
39,2024,41,717,15517.21,715,21.7,15975.27,335.56,8475.65,359,860304,705,4763.62,619
39,2024,42,696,14700.04,691,21.27,15233.92,454.38,8420.05,340,918852,670,4422.6,567
39,2024,43,711,14632.17,708,20.67,15251.04,467.87,8725.51,359,776158,682,4464.47,581
39,2024,44,712,14985.14,705,21.26,15640.01,488.87,8847.17,349,867750,663,4649.47,557
39,2024,45,610,13421.02,606,22.15,13761.57,267.05,7254.86,291,765408,601,3949.74,504
39,2024,46,626,13569.48,621,21.85,13904.46,248.48,7688.19,312,753936,613,4222.33,526
39,2024,47,666,14863.93,663,22.42,15314.39,399.97,9293.08,369,899110,654,4609.6,561
39,2024,48,590,12911.56,585,22.07,13268.41,252.85,7287.51,303,660154,578,3973.24,493
39,2024,49,645,14052.18,642,21.89,14550.01,318.78,8057.94,343,743493,636,4212.19,535
39,2024,50,682,14480.46,679,21.33,14976.14,400.18,8303.03,339,790320,670,4427.32,570
39,2024,51,716,14922.42,708,21.08,15328.75,250.33,8538.27,353,807854,703,4580.79,587
39,2024,52,541,11247.93,534,21.06,11517.2,161.27,6160.07,255,589925,527,3532.54,443
39,2025,1,509,10894.49,507,21.49,11306.04,266.55,5986.93,255,533429,500,3431.2,433
39,2025,2,626,13905.72,622,22.36,14109.45,133.73,6673.23,295,768590,617,4160.53,532
39,2025,3,567,11988.06,563,21.29,12247.13,206.07,5942.07,241,710700,558,3740.74,468
39,2025,4,547,12134.56,547,22.18,12461.86,256.3,6833.31,296,600376,539,3821.55,478
39,2025,5,633,12807.21,632,20.26,13095.23,177.52,7180.05,311,692700,626,4020.67,533
39,2025,6,701,13958.97,695,20.08,14229.76,210.29,7872.51,348,744204,683,4299.08,580
39,2025,7,621,13601.08,615,22.12,14059.63,381.55,7845.77,333,711019,613,4304.68,544
39,2025,8,678,14056.63,676,20.79,14429.3,192.6,7343.3,324,710853,665,4306.14,571
39,2025,9,705,14761.79,703,21.0,15214.88,259.95,8309.62,365,779280,700,4505.15,604
39,2025,10,724,14924.91,720,20.73,15201.6,203.14,7222.23,332,807352,710,4495.01,601
39,2025,11,728,15596.69,726,21.48,16221.51,250.81,8846.67,381,860302,716,4778.83,629
39,2025,12,645,13681.21,645,21.21,14123.59,263.38,8035.41,337,803505,638,4187.02,545
39,2025,13,667,14757.04,658,22.43,15026.2,209.16,7810.31,333,759434,652,4475.05,560
39,2025,14,683,14466.2,681,21.24,14814.79,249.09,7881.13,348,789296,671,4399.84,579
39,2025,15,726,14794.2,721,20.52,15140.37,249.66,8360.3,364,912065,714,4568.84,605
39,2025,16,690,14569.29,687,21.21,14861.61,202.82,8031.93,347,828070,682,4502.3,588
39,2025,17,738,15306.48,732,20.91,15709.73,251.22,8857.47,386,861215,719,4732.52,624
39,2025,18,738,15696.29,738,21.27,16072.85,289.94,8989.18,386,856935,730,4840.15,630
39,2025,19,731,16031.97,728,22.02,16424.65,254.68,9802.65,417,915740,722,4799.16,636
39,2025,20,731,15923.06,728,21.87,16368.42,297.35,9390.5,415,961370,721,4810.47,655
39,2025,21,710,16191.77,708,22.87,16711.68,313.66,8830.0,383,854743,699,4779.25,607
39,2025,22,682,14545.89,678,21.45,14902.13,228.99,8509.5,369,832673,662,4306.48,580
39,2025,23,748,15876.0,743,21.37,16365.21,352.46,8919.28,397,893737,735,4672.71,639
39,2025,24,747,16538.97,744,22.23,17090.58,430.61,10021.67,425,902634,738,4947.14,652
39,2025,25,683,14786.67,675,21.91,15308.35,314.93,8279.29,363,795471,669,4514.41,599
39,2025,26,734,15947.7,730,21.85,16372.42,345.22,9263.04,396,952921,719,4775.84,631
39,2025,27,599,13318.57,596,22.35,13605.52,155.7,6999.45,303,730956,593,3970.01,516
39,2025,28,660,14134.32,657,21.51,14519.9,285.61,8143.28,356,744426,651,4395.89,568
39,2025,29,705,14870.46,703,21.15,15268.5,252.54,8876.44,392,831690,699,4571.04,610
39,2025,30,665,14901.59,664,22.44,15251.43,263.34,8461.57,359,803564,655,4608.17,573
39,2025,31,653,14420.42,650,22.19,14897.24,244.32,8840.09,381,797344,642,4442.18,564
39,2025,32,666,14639.65,661,22.15,14936.77,205.12,7974.61,335,760318,646,4499.36,555
39,2025,33,669,14984.75,668,22.43,15335.65,248.16,9332.41,402,783246,660,4562.3,585
39,2025,34,736,15983.2,731,21.86,16245.08,175.38,8107.53,358,912318,723,4689.71,614
39,2025,35,750,15326.08,746,20.54,15718.04,213.71,8169.26,363,832021,736,4707.44,630
39,2025,36,716,15710.45,713,22.03,16163.51,357.56,9562.78,400,818526,709,4968.43,620
39,2025,37,707,15687.96,702,22.35,16124.23,269.27,8662.68,384,804412,693,4822.1,605
39,2025,38,683,14720.0,681,21.62,15079.91,275.16,8600.29,386,764171,676,4451.99,575
39,2025,39,737,16501.95,736,22.42,16866.63,297.18,9111.87,398,857927,729,4804.93,635
39,2025,40,620,12831.15,618,20.76,13179.3,248.9,7669.19,371,710770,614,3912.36,549
39,2025,41,582,12372.23,578,21.41,12733.28,292.05,6160.23,290,644717,567,3486.94,482
39,2025,42,522,11044.9,517,21.36,11425.87,250.97,6262.31,287,582596,508,3268.98,446
39,2025,43,464,9955.57,463,21.5,10421.99,223.42,5394.29,245,488618,454,2867.58,389
39,2025,44,478,10451.88,474,22.05,10746.26,203.88,5071.92,250,578186,469,2868.21,402
39,2025,45,519,11357.69,518,21.93,11922.14,323.95,5793.29,274,606249,514,3393.15,448
39,2025,46,520,10539.28,515,20.46,10872.97,271.69,6174.03,282,561316,508,3117.84,431
39,2025,47,519,11834.42,515,22.98,12158.93,264.51,5843.4,271,576176,507,3160.72,447
39,2025,48,387,7647.13,384,19.91,7905.44,201.31,3865.7,197,423122,381,2317.62,328
39,2025,49,618,13517.34,613,22.05,14035.52,350.68,8076.61,366,679211,602,3844.83,536
39,2025,50,609,12666.04,606,20.9,13088.39,316.1,7784.68,370,671511,604,3775.74,541
39,2025,51,514,11386.45,510,22.33,11772.21,294.76,5970.83,278,591349,500,3229.49,445
39,2025,52,414,8079.0,409,19.75,8408.17,237.42,3946.02,201,436624,402,2324.16,342
39,2026,1,385,7733.98,381,20.3,7974.92,180.94,3825.04,184,464015,376,2259.66,321
39,2026,2,502,10025.71,501,20.01,10281.39,208.93,4698.44,241,533638,498,2787.36,412
39,2026,3,480,9273.37,474,19.56,9584.78,237.41,5489.3,263,495371,471,2751.02,404
39,2026,4,361,7932.3,356,22.28,8265.68,216.32,4165.41,181,379550,350,2288.41,305
39,2026,5,447,9148.69,446,20.51,9474.13,255.44,5503.67,245,468919,441,2764.47,390
39,2026,6,544,11279.06,543,20.77,11516.43,184.86,5889.06,280,577443,540,3201.7,458
39,2026,7,501,10313.95,499,20.67,10549.11,189.66,5681.08,271,535842,493,2956.81,430
39,2026,8,478,9490.49,473,20.06,9857.54,266.05,5012.43,234,487638,467,2826.96,400
39,2026,9,550,10866.21,548,19.83,11310.59,314.88,6163.73,299,620043,543,3090.35,471
39,2026,10,507,10538.79,500,21.08,11053.92,356.38,5943.93,278,538176,496,3014.37,431
39,2026,11,559,11460.12,558,20.54,12109.83,319.86,7232.99,340,575411,555,3402.5,487
39,2026,12,527,10558.85,522,20.23,11067.29,269.46,6492.85,301,579928,519,3195.71,462
39,2026,13,448,8262.12,442,18.69,8533.02,204.4,4447.84,216,423682,437,2425.6,366
39,2026,14,521,10424.51,518,20.12,10770.08,236.57,5617.36,275,576002,515,2927.97,439
39,2026,15,588,12860.0,587,21.91,13207.16,259.16,6943.29,314,663716,582,3541.57,504
39,2026,16,546,11083.84,541,20.49,11528.56,267.48,6073.12,286,588278,534,3134.92,454
39,2026,17,523,11019.34,517,21.31,11367.14,232.8,6665.32,298,593649,513,3177.35,439
39,2026,18,587,11729.54,582,20.15,12131.42,256.13,7211.35,329,650806,575,3437.32,505
39,2026,19,589,12846.45,586,21.92,13115.87,189.17,7014.98,325,677889,580,3473.06,506
39,2026,20,603,12639.91,601,21.03,13072.29,280.38,7865.5,371,681664,595,3553.56,524
39,2026,21,593,12336.9,590,20.91,12724.23,233.83,6974.89,327,646935,584,3276.29,500
39,2026,22,528,10976.66,525,20.91,11459.07,276.91,6276.46,293,572180,517,3025.57,442
4,2024,1,387,6886.04,385,17.89,7547.28,383.98,4128.55,212,502717,369,1714.51,323
4,2024,2,370,6504.26,370,17.58,7154.44,448.18,3866.7,204,485570,352,1666.0,320
4,2024,3,398,7047.15,396,17.8,7540.33,431.13,4324.72,225,559308,385,1901.55,353
4,2024,4,391,6752.91,390,17.32,7301.21,392.3,4463.45,239,505400,380,1852.36,350
4,2024,5,430,8045.64,428,18.8,8630.2,393.31,4922.83,238,586626,420,2311.31,390
4,2024,6,432,7912.18,429,18.44,8407.9,366.04,4559.85,230,605922,419,2177.99,392
4,2024,7,426,7583.06,424,17.88,8285.01,512.37,5303.37,271,540073,413,2096.58,387
4,2024,8,427,7815.39,423,18.48,8471.08,490.69,5165.34,269,509921,416,2052.64,380
4,2024,9,435,7848.21,426,18.42,8442.04,511.33,4983.71,245,503362,416,2108.51,382
4,2024,10,487,8880.82,485,18.31,9651.16,528.59,5221.12,280,592720,475,2294.33,432
4,2024,11,489,9072.5,483,18.78,10079.92,791.92,5360.73,285,615365,474,2397.8,443
4,2024,12,507,9374.78,499,18.79,10235.94,598.66,5766.72,291,599219,485,2515.33,446
4,2024,13,480,9053.73,470,19.26,9913.44,426.21,5130.79,258,583439,452,2508.83,414
4,2024,14,500,8905.48,493,18.06,9750.16,561.93,5724.48,293,640406,471,2391.17,435
4,2024,15,391,7438.76,388,19.17,8097.78,492.77,4639.41,223,500487,378,2068.19,346
4,2024,16,548,9762.42,539,18.11,10727.67,658.65,6642.89,344,729795,526,2610.45,467
4,2024,17,553,9995.91,549,18.21,11205.75,487.34,6440.21,350,679490,544,2686.02,487
4,2024,18,533,9821.08,526,18.67,10604.73,622.4,6836.2,339,688096,522,2605.73,468
4,2024,19,472,8621.36,460,18.74,9314.52,582.91,5510.59,278,619800,452,2343.82,415
4,2024,20,482,9058.05,477,18.99,10035.58,660.03,5780.09,286,626681,464,2419.11,412
4,2024,21,489,8773.9,481,18.24,9604.51,623.11,5799.3,297,645854,471,2186.1,404
4,2024,22,492,9020.63,483,18.68,9753.32,585.19,5887.63,302,694719,474,2512.64,421
4,2024,23,524,10139.8,516,19.65,11087.87,717.32,7011.7,330,691333,506,2629.77,439
4,2024,24,446,8651.81,441,19.62,9676.72,653.81,5365.67,260,583823,435,2088.16,371
4,2024,25,436,8214.32,430,19.1,9013.06,611.24,5165.92,252,531199,416,2151.2,376
4,2024,26,486,9299.16,479,19.41,10239.17,644.01,6203.56,300,623741,473,2398.6,410
4,2024,27,428,7389.73,425,17.39,8046.82,425.34,4312.72,234,439429,403,1815.09,346
4,2024,28,455,8042.75,450,17.87,8714.29,389.54,4736.01,252,587365,446,2081.59,392
4,2024,29,462,8663.78,456,19.0,9329.9,440.77,5480.59,285,646336,447,2361.46,404
4,2024,30,445,8148.54,439,18.56,8779.54,530.0,5020.28,252,521442,426,2159.44,363
4,2024,31,439,7829.26,432,18.12,8805.57,554.81,5454.05,264,517795,427,1972.53,370
4,2024,32,420,7905.58,413,19.14,8586.45,551.87,5454.92,267,504474,406,2062.8,363
4,2024,33,428,7768.96,419,18.54,8365.44,464.48,5092.16,252,500273,415,2110.3,367
4,2024,34,451,8353.3,447,18.69,9118.0,515.2,5147.44,265,599298,444,2255.24,381
4,2024,35,498,9117.13,495,18.42,9917.03,478.15,5423.06,279,601157,482,2628.68,428
4,2024,36,435,7991.27,431,18.54,8581.97,445.45,4526.77,240,608643,426,2262.2,374
4,2024,37,483,9000.28,477,18.87,9870.86,563.08,5229.9,266,702918,466,2359.95,414
4,2024,38,437,8126.27,434,18.72,8747.5,493.48,5252.51,262,610774,428,2116.25,385
4,2024,39,422,7717.58,412,18.73,8524.71,502.03,4911.37,262,561707,407,2141.55,364
4,2024,40,454,8813.69,451,19.54,9535.38,477.69,5065.09,261,610309,449,2556.91,410
4,2024,41,480,9322.53,476,19.59,9961.57,532.54,5873.56,283,679458,454,2454.63,403
4,2024,42,467,8397.91,459,18.3,9137.37,574.96,5412.07,270,568354,451,2310.69,401
4,2024,43,431,7604.98,424,17.94,8207.44,460.11,4564.26,251,630493,417,2049.31,384
4,2024,44,443,7824.61,439,17.82,8499.07,449.63,4575.67,229,567824,433,2126.51,389
4,2024,45,435,7411.11,427,17.36,7948.96,441.95,4437.53,233,481922,417,2050.83,382
4,2024,46,435,7817.69,427,18.31,8559.74,566.46,5051.88,250,505834,427,2104.84,378
4,2024,47,484,8623.29,478,18.04,9447.77,641.32,5544.44,283,652600,468,2270.59,410
4,2024,48,384,6730.52,380,17.71,7247.04,389.52,4158.42,211,479843,377,1973.45,337
4,2024,49,493,8940.13,491,18.21,9790.06,580.68,5540.98,286,700961,485,2343.7,438
4,2024,50,547,9367.48,541,17.32,10385.77,614.79,5814.6,315,687619,533,2557.85,472
4,2024,51,478,8971.8,475,18.89,10004.07,682.27,5782.55,304,706976,472,2558.26,431
4,2024,52,336,6006.93,329,18.26,6411.93,317.0,3558.48,185,518788,328,1789.21,311
4,2025,1,393,7494.25,387,19.36,8102.26,410.26,4318.22,219,500353,383,2114.98,344
4,2025,2,446,7716.95,445,17.34,8145.42,349.97,4530.23,249,507115,443,2196.62,410
4,2025,3,443,8323.03,442,18.83,8950.18,466.4,5413.39,278,554454,439,2425.71,412
4,2025,4,402,7317.71,400,18.29,7889.64,454.98,4650.15,237,474598,393,1915.02,367
4,2025,5,459,7772.35,452,17.2,8403.37,485.47,4858.54,254,587026,447,2098.85,410
4,2025,6,426,7433.95,425,17.49,8216.55,496.6,5088.68,271,502375,422,1996.58,389
4,2025,7,424,7233.78,423,17.1,7858.25,464.47,5030.61,278,482628,420,1990.23,397
4,2025,8,440,7976.89,439,18.17,8724.47,526.53,5143.32,257,558254,438,2238.7,404
4,2025,9,473,9097.8,468,19.44,9946.18,595.38,6227.65,309,644001,463,2645.22,427
4,2025,10,468,8657.08,465,18.62,9326.99,492.91,5680.8,289,569302,463,2507.55,434
4,2025,11,487,9634.21,483,19.95,10437.83,629.12,6932.49,329,641748,480,2763.44,458
4,2025,12,475,8716.05,472,18.47,9431.2,537.4,6076.7,293,575506,471,2319.55,437
4,2025,13,433,8498.35,433,19.63,9171.66,463.31,5715.13,274,556584,428,2388.86,395
4,2025,14,457,8803.1,455,19.35,9543.8,565.7,5942.35,282,577672,448,2448.98,418
4,2025,15,478,9002.93,475,18.95,9740.69,454.01,5474.25,279,602742,467,2542.85,422
4,2025,16,449,8398.44,447,18.79,8999.09,387.5,5162.04,264,575134,444,2266.1,407
4,2025,17,510,9728.88,509,19.11,10507.3,566.17,6190.64,300,647373,496,2717.98,451
4,2025,18,509,10106.48,506,19.97,11132.25,667.02,6360.94,314,631804,503,2719.29,457
4,2025,19,464,9401.5,461,20.39,10114.51,528.51,6277.3,296,598405,457,2503.55,418
4,2025,20,570,11130.77,566,19.67,12036.78,695.76,7856.38,375,760818,561,2969.59,509
4,2025,21,483,8708.99,479,18.18,9465.38,594.89,6063.04,311,667435,470,2311.89,433
4,2025,22,490,9900.59,488,20.29,10455.6,409.51,6266.93,306,667112,483,2609.09,452
4,2025,23,509,9767.09,506,19.3,10591.41,607.57,6855.67,333,682655,495,2699.57,466
4,2025,24,509,9885.2,506,19.54,10683.84,597.9,6897.24,336,651882,499,2631.61,466
4,2025,25,508,9811.87,503,19.51,10805.16,629.79,6816.85,334,643875,499,2604.54,448
4,2025,26,458,8636.52,457,18.9,9625.16,595.44,6064.61,299,656297,452,2388.99,414
4,2025,27,383,7184.13,380,18.91,7923.95,400.82,4435.2,234,489945,373,1945.21,342
4,2025,28,480,9322.67,477,19.54,10062.98,537.81,5927.8,290,628011,473,2535.34,430
4,2025,29,492,9167.68,491,18.67,9923.14,563.46,6136.41,303,632614,485,2472.62,446
4,2025,30,442,8751.72,434,20.17,9429.23,533.71,6041.01,287,603010,433,2369.8,395
4,2025,31,458,8595.49,455,18.89,9239.64,486.15,5870.56,289,552218,446,2324.54,411
4,2025,32,432,8503.63,427,19.91,9242.08,473.7,5324.06,274,582220,423,2323.25,384
4,2025,33,441,8937.1,438,20.4,9685.8,450.7,5827.82,277,641465,430,2375.03,396
4,2025,34,424,8478.25,423,20.04,9277.74,552.49,5669.33,271,540939,421,2229.15,383
4,2025,35,479,9352.85,476,19.65,10057.5,593.65,6036.95,287,750804,474,2443.7,439
4,2025,36,443,8091.68,439,18.43,9079.66,460.98,5078.2,252,570014,434,2187.0,391
4,2025,37,444,8393.39,440,19.08,9153.17,531.03,5510.07,279,561811,435,2332.3,403
4,2025,38,488,9496.0,487,19.5,10569.49,652.24,6427.77,313,679720,479,2654.02,447
4,2025,39,440,8278.42,439,18.86,8966.42,495.0,5488.75,276,547874,437,2193.64,404
4,2025,40,446,8735.56,443,19.72,9529.37,561.81,5287.35,260,559348,436,2438.22,408
4,2025,41,438,8834.17,437,20.22,9885.81,745.39,6136.35,289,619556,431,2373.83,400
4,2025,42,449,8520.25,446,19.1,9286.61,550.45,5287.84,267,580145,436,2357.11,412
4,2025,43,384,8211.43,382,21.5,8906.18,452.75,4551.56,218,493589,377,2351.54,352
4,2025,44,483,8733.59,481,18.16,9593.34,558.25,5840.26,296,600505,476,2260.93,433
4,2025,45,424,8141.23,422,19.29,8686.09,435.36,4819.46,238,507924,419,2283.49,387
4,2025,46,452,8258.95,447,18.48,8944.82,488.37,4654.77,236,608348,434,2214.07,384
4,2025,47,456,8390.67,453,18.52,9332.09,569.42,5343.45,272,522979,447,2251.86,419
4,2025,48,365,6718.75,360,18.66,7453.66,475.16,3865.56,195,433658,354,1851.45,327
4,2025,49,539,11405.55,534,21.36,12579.99,750.84,7047.63,323,744931,530,2835.52,481
4,2025,50,545,10414.54,545,19.11,11474.11,776.67,7111.3,346,650767,540,2728.09,499
4,2025,51,502,9160.95,499,18.36,9922.59,567.19,5857.41,305,629709,493,2520.85,463
4,2025,52,376,7214.67,376,19.19,7905.61,532.88,4306.88,205,469836,371,1989.7,333
4,2026,1,337,5660.68,331,17.1,6322.71,393.33,3331.55,177,331369,323,1465.71,284
4,2026,2,432,8304.53,429,19.36,9070.07,514.78,4456.31,239,482539,422,2404.62,393
4,2026,3,487,8217.43,487,16.87,8972.14,561.71,5337.5,291,715467,483,2280.5,446
4,2026,4,420,7045.8,418,16.86,7599.84,402.19,4063.04,229,435125,413,1918.04,381
4,2026,5,478,8539.67,477,17.9,9205.08,504.91,5045.82,257,685353,472,2320.47,449
4,2026,6,444,8916.85,443,20.13,9585.09,545.24,4825.3,244,554615,441,2591.83,416
4,2026,7,430,7981.74,427,18.69,8621.43,472.94,4601.9,227,527167,426,2190.45,397
4,2026,8,396,7478.99,395,18.93,8193.42,494.18,4497.03,218,489768,386,1989.76,355
4,2026,9,464,8050.04,459,17.54,8790.06,525.27,5248.15,277,573783,450,2189.49,426
4,2026,10,413,7391.27,413,17.9,7988.57,419.3,4622.47,236,490290,409,1997.54,380
4,2026,11,509,9234.89,506,18.25,10161.16,614.62,6128.26,311,643641,502,2428.03,470
4,2026,12,489,9675.51,487,19.87,10442.24,551.73,6557.54,325,654902,477,2692.66,447
4,2026,13,411,7495.05,410,18.28,8359.07,559.02,4633.7,244,434518,404,1984.58,369
4,2026,14,451,7931.16,448,17.7,8658.88,431.67,4602.42,234,677118,443,2117.16,416
4,2026,15,441,8331.36,440,18.93,9123.23,499.62,5270.36,268,530279,436,2279.39,407
4,2026,16,510,9105.13,504,18.07,9977.97,550.09,6160.52,318,574383,498,2506.51,463
4,2026,17,467,8916.8,463,19.26,12029.27,1221.39,5704.99,300,565913,459,2230.38,415
4,2026,18,468,8305.12,464,17.9,9065.11,476.7,5180.53,259,552298,459,2258.48,429
4,2026,19,457,8048.92,454,17.73,8830.17,421.25,5572.68,290,614045,447,2153.91,412
4,2026,20,586,10962.08,584,18.77,11828.25,551.42,7518.02,381,707915,578,2872.51,533
4,2026,21,483,8897.65,481,18.5,9955.79,551.14,6195.61,315,563323,466,2227.85,427
4,2026,22,450,8432.63,444,18.99,9123.88,504.25,5963.47,306,534658,439,2226.44,414
40,2024,1,144,3923.4,143,27.44,3956.12,23.22,2259.75,75,177380,140,955.27,127
40,2024,2,122,2905.97,121,24.02,2926.02,13.55,1369.25,57,160223,116,793.52,111
40,2024,3,143,3576.3,143,25.01,3605.49,24.68,1850.23,69,210046,140,962.16,129
40,2024,4,142,4104.76,142,28.91,4246.09,53.33,2829.16,87,188432,134,986.19,113
40,2024,5,165,3872.23,165,23.47,3914.96,27.23,2238.22,92,217876,158,1133.07,145
40,2024,6,192,5116.49,191,26.79,5186.98,24.44,3502.44,114,234934,184,1328.4,160
40,2024,7,204,4761.67,200,23.81,4820.27,52.6,3099.14,118,265238,197,1484.09,182
40,2024,8,172,4288.28,171,25.08,4319.76,19.98,2539.0,97,230897,166,1300.52,150
40,2024,9,205,4942.19,205,24.11,13869.16,25.59,3174.87,124,279395,198,1445.82,186
40,2024,10,205,4825.99,204,23.66,4918.01,11.35,3011.5,121,275247,198,1525.34,189
40,2024,11,211,5606.94,209,26.83,5675.59,26.65,3310.11,130,339829,202,1671.56,181
40,2024,12,190,4639.84,189,24.55,4668.73,17.39,3130.24,122,307180,187,1422.24,171
40,2024,13,175,4230.21,174,24.31,4254.91,9.7,2482.75,100,246262,171,1239.79,157
40,2024,14,210,4951.1,210,23.58,4979.19,15.09,3354.3,132,273779,202,1538.86,181
40,2024,15,183,4433.57,182,24.36,4494.62,30.05,2850.85,106,298890,176,1360.82,162
40,2024,16,199,4735.31,197,24.04,4771.14,23.83,3031.59,122,265223,194,1399.85,170
40,2024,17,210,4712.83,209,22.55,4782.34,55.51,3195.31,130,312198,206,1408.99,188
40,2024,18,199,4758.4,199,23.91,4828.04,37.64,2932.98,121,279479,198,1400.62,178
40,2024,19,190,4506.74,189,23.85,4539.71,24.97,3021.54,119,275124,184,1336.71,162
40,2024,20,159,3776.77,156,24.21,3834.63,25.86,2447.29,97,241497,154,1124.57,142
40,2024,21,186,4660.0,185,25.19,4709.52,41.52,3116.43,126,299376,183,1469.04,165
40,2024,22,171,4159.68,170,24.47,4199.5,29.82,2564.82,99,237319,166,1121.51,141
40,2024,23,220,5311.8,218,24.37,5431.35,32.55,3368.97,136,342435,215,1634.37,190
40,2024,24,187,4903.73,187,26.22,4922.4,8.67,2958.0,113,366948,182,1428.87,167
40,2024,25,181,4202.13,180,23.35,4281.36,72.23,3017.83,118,273872,178,1273.7,157
40,2024,26,178,4129.47,176,23.46,4199.76,31.29,2790.23,115,238668,175,1245.19,151
40,2024,27,228,5141.18,223,23.05,5196.3,38.12,3608.25,140,290592,220,1624.69,190
40,2024,28,178,4792.55,176,27.23,4885.57,79.52,3069.94,115,279979,174,1392.66,145
40,2024,29,195,4668.93,194,24.07,4785.26,67.33,3095.15,121,260982,194,1428.54,162
40,2024,30,199,4409.48,196,22.5,4487.29,67.81,2924.09,122,256980,195,1445.28,174
40,2024,31,229,5446.95,229,23.79,5539.59,41.64,3637.1,145,297666,227,1723.64,199
40,2024,32,194,4775.85,193,24.75,4868.45,46.6,3378.42,130,266120,193,1569.19,177
40,2024,33,185,4680.23,184,25.44,4709.7,19.47,2837.07,110,285358,183,1450.59,167
40,2024,34,186,4639.34,186,24.94,4677.53,26.19,3099.64,123,244564,186,1604.01,173
40,2024,35,219,5258.82,219,24.01,5400.02,31.2,3213.41,128,279271,219,1716.77,198
40,2024,36,183,4270.85,183,23.34,4371.17,58.82,2664.56,109,244615,180,1348.14,164
40,2024,37,188,4585.94,188,24.39,4649.43,19.49,3162.73,126,254838,188,1456.64,171
40,2024,38,201,4903.22,200,24.52,4978.16,59.44,3259.26,123,272431,198,1546.99,179
40,2024,39,172,4224.16,172,24.56,4384.03,33.26,2979.41,113,238964,172,1384.2,157
40,2024,40,190,4572.95,190,24.07,4672.51,43.06,3171.34,122,263324,189,1523.95,172
40,2024,41,186,4257.26,183,23.26,4342.71,40.45,3004.91,118,248256,180,1360.79,163
40,2024,42,215,4617.35,215,21.48,4718.71,84.86,2924.45,117,260379,209,1408.03,180
40,2024,43,215,4789.96,215,22.28,4835.36,37.9,3066.87,123,261755,215,1483.09,183
40,2024,44,202,4239.32,202,20.99,4333.17,50.35,2973.95,121,243778,201,1327.83,180
40,2024,45,183,4230.05,183,23.12,4283.82,49.27,2720.78,109,227942,182,1367.95,163
40,2024,46,156,3989.68,154,25.91,4025.94,31.76,2753.15,92,214777,153,1097.07,136
40,2024,47,192,5011.79,191,26.24,5189.67,64.38,3129.6,117,278796,186,1458.86,168
40,2024,48,160,4179.61,159,26.29,4258.39,72.78,3055.27,104,257073,158,1244.99,146
40,2024,49,167,3763.94,167,22.54,3796.61,25.17,2654.84,105,214560,165,1234.77,147
40,2024,50,210,4582.07,209,21.92,4604.82,10.75,3024.08,121,269582,209,1462.13,182
40,2024,51,168,4007.16,168,23.85,4028.54,12.88,2310.91,95,227378,168,1317.66,152
40,2024,52,145,3653.2,144,25.37,3709.84,50.14,2173.02,77,191192,143,1164.16,133
40,2025,1,133,2821.21,132,21.37,2831.71,6.5,1668.91,69,153238,132,948.05,114
40,2025,2,182,3836.93,180,21.32,3892.63,13.95,2338.62,100,198254,174,1175.02,156
40,2025,3,158,3494.76,157,22.26,3543.2,33.94,2540.93,104,204925,157,1156.54,140
40,2025,4,156,3655.58,156,23.43,3741.46,79.88,2569.4,100,199697,156,1196.16,141
40,2025,5,185,4052.48,185,21.91,4073.06,3.58,2701.62,117,217635,182,1321.81,164
40,2025,6,180,3953.7,180,21.96,3981.72,14.02,2745.44,110,224012,180,1313.23,161
40,2025,7,187,4110.82,187,21.98,4158.74,26.42,2957.82,122,232303,187,1290.72,165
40,2025,8,194,4221.53,194,21.76,4267.98,35.45,2859.45,121,243812,192,1309.74,176
40,2025,9,171,3404.05,171,19.91,3447.81,8.76,2354.94,103,207996,169,1037.82,144
40,2025,10,188,4216.25,188,22.43,4281.91,27.65,2736.18,111,254868,188,1290.74,167
40,2025,11,242,5674.45,242,23.45,5738.79,18.84,4236.59,173,338511,241,1826.73,222
40,2025,12,222,4833.82,221,21.87,4886.54,29.22,3134.19,131,263443,220,1406.19,191
40,2025,13,192,4027.04,191,21.08,4044.86,6.82,2826.51,127,211013,190,1295.45,173
40,2025,14,199,4139.27,199,20.8,4228.21,49.44,3291.42,139,235491,198,1321.73,181
40,2025,15,213,4855.76,211,23.01,4913.69,48.43,3508.78,144,263271,208,1530.05,199
40,2025,16,188,4086.43,187,21.85,4122.52,23.09,2842.91,125,225490,187,1299.27,173
40,2025,17,172,3937.71,172,22.89,4002.98,44.27,2849.93,117,232643,172,1198.42,156
40,2025,18,193,4199.47,193,21.76,4258.04,17.57,2696.85,120,243556,192,1316.42,178
40,2025,19,196,4389.13,196,22.39,4457.82,46.69,3347.9,139,249909,193,1326.92,180
40,2025,20,209,4600.97,208,22.12,4652.73,28.76,3798.32,155,277669,205,1434.94,185
40,2025,21,187,4293.92,187,22.96,4336.32,23.4,3221.66,128,313565,186,1366.39,175
40,2025,22,186,4627.3,185,25.01,4674.57,1.77,3284.01,126,240204,182,1479.24,172
40,2025,23,232,5161.6,231,22.34,5224.71,28.61,3819.6,158,369538,230,1639.15,210
40,2025,24,217,4923.09,216,22.79,4979.6,34.01,3447.77,143,283917,216,1594.7,199
40,2025,25,227,5138.61,226,22.74,5252.62,14.51,3602.13,149,271085,222,1663.19,203
40,2025,26,185,4045.33,185,21.87,4138.47,37.64,3064.26,132,246542,182,1285.17,169
40,2025,27,161,3652.62,161,22.69,3749.19,34.07,2377.99,100,263270,160,1180.82,152
40,2025,28,190,4410.96,190,23.22,4533.98,58.02,2880.92,121,244193,190,1416.02,175
40,2025,29,208,4816.91,208,23.16,4928.58,31.67,3479.21,136,262694,201,1561.95,181
40,2025,30,194,4432.75,194,22.85,4477.89,26.64,2924.53,126,248082,192,1416.99,181
40,2025,31,203,4779.8,203,23.55,4834.27,36.47,3049.92,119,259915,202,1491.77,182
40,2025,32,217,4874.27,213,22.88,4953.29,48.52,3421.76,143,252489,212,1595.76,197
40,2025,33,198,4478.26,198,22.62,4564.65,50.89,3354.92,133,253699,194,1410.58,179
40,2025,34,196,4396.2,195,22.54,4462.47,33.27,2829.78,119,236682,192,1427.45,177
40,2025,35,220,5119.79,220,23.27,5188.29,36.0,2852.63,116,292282,218,1635.06,198
40,2025,36,223,5271.75,223,23.64,5292.05,11.3,3286.52,125,266366,222,1638.88,198
40,2025,37,220,4988.63,218,22.88,5026.23,22.1,3253.81,130,264404,215,1579.66,199
40,2025,38,216,5083.66,216,23.54,5139.79,30.63,3259.54,133,283737,213,1637.51,196
40,2025,39,193,4835.5,192,25.18,4875.38,22.87,3240.89,130,250332,191,1542.98,184
40,2025,40,198,4708.43,198,23.78,4766.54,32.11,3203.19,121,240235,194,1439.79,179
40,2025,41,159,3414.4,158,21.61,3447.63,12.23,2382.37,101,195699,157,1037.47,143
40,2025,42,140,2974.33,140,21.25,2997.68,5.85,2102.82,96,166827,139,931.16,131
40,2025,43,110,2532.09,110,23.02,2575.36,21.77,1751.68,77,127507,109,769.05,101
40,2025,44,152,3645.22,151,24.14,3701.59,21.87,2042.45,89,182168,151,1097.04,134
40,2025,45,138,2677.85,137,19.55,2697.57,8.19,1683.73,74,151313,135,844.48,117
40,2025,46,168,3418.52,168,20.35,3450.2,20.18,2428.55,114,194109,168,1057.03,151
40,2025,47,154,3656.27,154,23.74,3720.6,37.83,2393.23,102,197242,152,1090.32,136
40,2025,48,132,2711.86,131,20.7,2766.21,20.62,1624.13,79,154374,129,850.97,113
40,2025,49,171,3612.47,171,21.13,3652.44,15.47,2479.68,116,196676,170,1055.42,159
40,2025,50,199,4999.2,195,25.64,5213.7,107.25,3675.41,121,202168,184,1073.76,160
40,2025,51,161,3359.51,158,21.26,3402.83,28.32,2168.91,100,178220,154,993.07,134
40,2025,52,114,2974.28,114,26.09,2993.03,6.25,1529.63,64,124879,113,809.0,102
40,2026,1,105,2411.0,103,23.41,2459.95,40.45,1553.62,63,115212,102,653.69,90
40,2026,2,151,3606.52,150,24.04,3773.78,155.26,2524.46,85,160996,147,835.13,125
40,2026,3,152,3760.36,150,25.07,3860.45,52.84,2343.64,82,186711,147,1015.07,133
40,2026,4,110,2699.7,110,24.54,2740.17,23.72,1276.28,58,127281,109,692.43,94
40,2026,5,138,2915.91,138,21.13,2955.41,4.0,1641.65,76,156284,135,851.25,124
40,2026,6,177,4140.53,175,23.66,4293.85,12.32,2145.39,89,209479,173,1219.58,153
40,2026,7,141,2990.9,139,21.52,3036.43,22.03,1967.94,87,197430,136,925.74,125
40,2026,8,124,2885.64,124,23.27,2897.0,5.86,2082.91,82,145906,123,901.22,113
40,2026,9,155,3383.94,155,21.83,3426.31,27.87,2046.28,90,164376,152,983.33,137
40,2026,10,144,3110.92,144,21.6,3135.25,6.83,1797.3,77,168278,143,955.1,129
40,2026,11,188,4324.72,186,23.25,4364.94,8.12,2612.42,112,216510,181,1251.51,171
40,2026,12,194,4214.81,191,22.07,4252.25,7.4,2381.29,106,220713,185,1273.13,172
40,2026,13,153,3430.25,153,22.42,3565.83,114.58,2218.04,83,157163,150,932.48,133
40,2026,14,156,3299.15,154,21.42,3320.94,10.29,1860.38,84,172967,151,980.34,138
40,2026,15,172,3683.38,172,21.41,3733.01,25.13,2757.79,118,196828,170,1082.47,156
40,2026,16,162,3894.97,160,24.34,4030.87,120.4,2388.53,90,169569,156,944.82,137
40,2026,17,149,2842.15,149,19.07,2872.34,10.19,1734.07,84,168043,148,819.65,133
40,2026,18,147,2916.59,145,20.11,2948.09,10.75,1921.07,94,156922,142,923.0,130
40,2026,19,164,3653.02,163,22.41,3684.78,8.76,2440.49,108,205755,161,1068.59,150
40,2026,20,190,5144.61,190,27.08,5477.32,301.71,3864.0,118,232970,188,1211.82,169
40,2026,21,180,4875.91,180,27.09,5205.65,303.74,3370.84,108,200555,180,1054.64,156
40,2026,22,155,3090.29,154,20.07,3154.52,14.23,1797.23,89,177652,151,913.53,135
41,2024,1,795,16796.91,793,21.18,18067.88,845.97,8383.44,350,857641,758,4282.6,666
41,2024,2,744,16873.87,742,22.74,17849.06,788.69,9266.43,365,926031,705,4722.87,641
41,2024,3,677,14721.66,674,21.84,15829.59,817.76,8600.22,343,805955,626,3984.27,564
41,2024,4,719,16146.88,719,22.46,17299.8,910.92,9530.61,385,938303,684,4647.76,604
41,2024,5,867,18643.19,864,21.58,19916.32,838.69,10565.26,430,1016949,814,5333.73,716
41,2024,6,821,17606.91,815,21.6,18725.77,833.81,10658.6,430,967557,785,5026.18,702
41,2024,7,889,19428.22,876,22.18,20774.55,1004.89,11761.6,473,1105681,840,5615.0,760
41,2024,8,824,18843.49,822,22.92,20294.58,1120.8,11275.25,453,1019626,785,5300.65,707
41,2024,9,875,18902.84,865,21.85,20095.67,920.83,10350.45,439,1076772,829,5176.2,754
41,2024,10,886,20451.86,883,23.16,22169.36,1231.13,11962.57,461,1172119,848,5890.31,775
41,2024,11,968,21604.12,956,22.6,23609.04,1387.09,12617.03,519,1211645,910,6104.67,828
41,2024,12,1029,23261.06,1022,22.76,25556.98,1591.54,14069.61,555,1297009,969,6401.43,862
41,2024,13,1293,29290.9,1287,22.76,32660.14,2239.17,17324.78,725,1706139,1241,8055.61,1126
41,2024,14,1214,25288.81,1197,21.13,27926.06,1910.95,15671.37,656,1465423,1134,7210.84,1014
41,2024,15,883,19818.82,870,22.78,21681.0,1320.67,12596.92,505,1101910,825,5752.95,753
41,2024,16,1010,22498.85,1003,22.43,24679.47,1604.9,14051.59,575,1330026,956,6814.09,880
41,2024,17,1059,23235.13,1047,22.19,25132.73,1416.06,14218.05,602,1378005,999,6914.27,902
41,2024,18,1016,22781.32,1010,22.56,25137.13,1569.21,15213.07,601,1413906,964,6902.13,862
41,2024,19,1045,23326.36,1039,22.45,25669.42,1663.56,15102.32,616,1470826,977,6522.53,866
41,2024,20,1030,23325.89,1020,22.87,25764.76,1739.46,14881.44,586,1425811,982,6854.12,863
41,2024,21,1103,25068.29,1091,22.98,27582.23,1812.44,15709.48,636,1457259,1050,7231.14,888
41,2024,22,1085,25214.47,1071,23.54,27837.47,1887.5,16510.28,626,1530815,1042,7154.22,852
41,2024,23,1049,23001.29,1035,22.22,25429.24,1656.2,15019.28,597,1466387,1009,6723.06,843
41,2024,24,1032,23082.44,1022,22.59,25519.41,1754.89,14531.89,589,1459108,1001,6420.93,810
41,2024,25,1130,25781.98,1121,23.0,28850.24,2198.29,15983.84,638,1452001,1087,7444.38,908
41,2024,26,1037,22691.02,1023,22.18,25199.47,1773.27,14234.0,595,1381575,1006,6487.48,846
41,2024,27,1024,22643.39,1003,22.58,25242.6,1773.21,14400.86,583,1413649,974,6879.78,836
41,2024,28,1048,22449.37,1038,21.63,24785.05,1539.18,13982.45,587,1323880,1008,6382.6,818
41,2024,29,1197,26406.24,1182,22.34,29403.8,1984.06,16523.57,683,1499687,1153,7881.41,967
41,2024,30,1217,27041.85,1207,22.4,29851.95,1785.5,15131.53,636,1477735,1177,7857.91,1009
41,2024,31,1124,25188.57,1116,22.57,27493.14,1586.82,14784.19,598,1520481,1091,7677.38,953
41,2024,32,1135,25094.09,1107,22.67,27624.29,1699.07,15057.01,615,1373371,1087,7366.29,936
41,2024,33,1169,24479.56,1154,21.21,26963.43,1511.82,13753.26,580,1349893,1114,7387.7,947
41,2024,34,942,20566.5,939,21.9,22190.91,1147.91,12081.91,506,1088348,926,6159.88,790
41,2024,35,1152,25001.52,1144,21.85,27417.24,1606.47,15280.29,653,1477641,1128,7797.22,986
41,2024,36,1002,21567.38,991,21.76,23197.04,1142.99,12240.0,519,1259687,968,6744.23,849
41,2024,37,1074,22923.24,1068,21.46,25176.06,1494.07,14151.16,605,1329067,1053,7039.29,908
41,2024,38,1137,24551.86,1133,21.67,26751.68,1705.32,15457.6,630,1421889,1112,7468.11,952
41,2024,39,1230,27652.57,1219,22.68,30244.89,1956.47,18019.23,724,1587896,1191,7960.35,1006
41,2024,40,1208,24874.65,1195,20.82,27149.81,1626.75,15776.17,672,1470456,1175,7570.21,1007
41,2024,41,1268,27039.15,1258,21.49,29805.05,1887.32,17231.06,706,1511138,1238,7916.29,1035
41,2024,42,1268,27767.16,1263,21.99,30737.4,2142.73,18439.9,753,1583879,1236,8527.33,1086
41,2024,43,1197,26813.49,1187,22.59,29708.77,2154.03,16965.58,668,1414277,1154,7849.44,977
41,2024,44,1093,24395.69,1085,22.48,26477.14,1489.45,14859.81,596,1323616,1066,7358.13,920
41,2024,45,1093,24321.49,1085,22.42,26615.96,1533.38,14657.67,601,1345061,1072,7199.62,928
41,2024,46,1110,24697.1,1100,22.45,26696.51,1480.01,14800.15,603,1359219,1083,7190.2,931
41,2024,47,1118,25486.38,1114,22.88,27349.61,1458.73,16255.16,649,1532469,1092,7543.09,947
41,2024,48,972,21646.49,968,22.36,23974.42,1512.93,13652.76,547,1126576,955,6838.53,832
41,2024,49,1074,23005.22,1068,21.54,24809.94,1355.22,14254.09,592,1250683,1054,6844.22,900
41,2024,50,1143,24239.2,1133,21.39,26032.0,1360.55,15198.45,634,1359494,1118,7326.97,964
41,2024,51,1046,21475.51,1036,20.73,23299.31,1232.05,13258.11,552,1241764,1019,6734.29,871
41,2024,52,921,19459.75,917,21.22,21147.18,1152.38,10990.1,459,1041459,890,5983.51,775
41,2025,1,845,17762.15,834,21.3,19431.81,1016.91,10540.7,460,911361,817,5378.11,715
41,2025,2,882,18057.57,876,20.61,19106.85,786.28,10611.99,447,1006653,857,5389.91,711
41,2025,3,967,19491.18,965,20.2,20694.33,904.65,10830.17,491,1185811,942,5868.32,808
41,2025,4,790,16573.32,790,20.98,17673.17,795.85,10026.06,439,1017020,776,5145.74,677
41,2025,5,970,20292.65,965,21.03,21581.9,834.16,11949.3,516,1059598,951,6115.45,808
41,2025,6,997,20086.04,994,20.21,21513.17,1087.13,11994.43,521,1112493,979,6139.4,839
41,2025,7,1087,23560.2,1084,21.73,25147.07,1102.87,15260.88,655,1306089,1052,7047.86,930
41,2025,8,1015,20748.5,1010,20.54,22072.64,914.14,12905.01,563,1088990,985,6297.65,852
41,2025,9,1038,21401.01,1033,20.72,22845.55,1019.04,13237.81,553,1241827,1011,6708.25,879
41,2025,10,1170,24292.05,1160,20.94,25919.71,1165.66,14961.54,636,1367103,1139,7544.65,1004
41,2025,11,1148,26087.14,1145,22.78,28031.44,1440.68,16464.92,682,1429485,1128,7868.48,1012
41,2025,12,1182,25584.33,1174,21.79,27606.76,1556.93,16833.48,684,1496554,1152,7725.45,1015
41,2025,13,1254,26933.63,1248,21.58,29596.6,1937.89,17729.11,756,1457496,1212,8315.38,1086
41,2025,14,1325,28618.73,1317,21.73,31012.35,1690.18,18452.52,773,1601999,1294,8701.14,1145
41,2025,15,1229,26487.7,1225,21.62,28279.04,1333.29,16102.8,683,1427937,1203,7668.65,1040
41,2025,16,1337,28083.69,1329,21.13,30134.95,1421.5,16518.18,719,1615904,1297,8516.39,1140
41,2025,17,1191,26754.86,1181,22.65,29073.47,1603.86,16520.79,681,1544404,1162,8094.26,1040
41,2025,18,1168,25583.85,1162,22.02,27717.81,1629.47,16645.73,674,1422306,1133,7692.09,984
41,2025,19,1199,26474.72,1189,22.27,28218.98,1300.16,17384.15,700,1518150,1170,8075.31,1045
41,2025,20,1142,25564.31,1137,22.48,27540.41,1430.85,16297.8,664,1442273,1120,7754.53,988
41,2025,21,1172,26678.54,1171,22.78,29069.97,1669.0,17733.77,720,1474411,1156,7876.34,1022
41,2025,22,1163,26694.85,1161,22.99,29015.39,1581.04,18260.87,740,1459260,1140,8042.39,1027
41,2025,23,1338,31413.69,1332,23.58,33917.41,1858.73,22678.37,882,1811201,1312,8961.24,1165
41,2025,24,1233,28703.16,1227,23.39,30940.62,1502.46,19820.02,793,1544061,1206,8353.44,1084
41,2025,25,1292,30134.6,1283,23.49,32793.41,1926.31,20610.61,837,1584755,1267,8844.55,1129
41,2025,26,1200,27667.19,1192,23.21,30374.28,1951.34,19166.28,768,1676774,1177,8290.26,1049
41,2025,27,1077,25448.49,1070,23.78,27804.1,1563.61,16092.54,646,1524253,1043,7343.45,918
41,2025,28,1190,25424.94,1179,21.56,27703.48,1509.69,15734.49,674,1426466,1164,7830.62,1017
41,2025,29,1243,28000.2,1242,22.54,30828.22,1930.02,19292.71,795,1502637,1225,8496.61,1087
41,2025,30,1166,25587.01,1157,22.11,28292.26,1857.25,18013.17,765,1403448,1133,7784.09,1020
41,2025,31,1166,26120.49,1163,22.46,28616.51,1746.27,17807.72,751,1471622,1152,8013.83,1038
41,2025,32,1251,27153.49,1242,21.86,29982.31,1886.81,18073.51,754,1589709,1220,8361.62,1090
41,2025,33,1199,26598.81,1195,22.26,28920.68,1666.37,18476.13,763,1419979,1179,7964.14,1042
41,2025,34,1100,24324.74,1096,22.19,26267.95,1430.87,16364.52,658,1366705,1079,7367.77,939
41,2025,35,1155,25108.4,1151,21.81,27502.25,1491.76,16335.48,695,1478797,1135,7432.51,995
41,2025,36,1112,23833.83,1106,21.55,25557.2,1129.03,13725.8,579,1323724,1089,7081.24,926
41,2025,37,1063,23263.21,1059,21.97,25127.88,1349.42,15005.56,618,1270617,1053,6997.67,905
41,2025,38,1179,26850.54,1177,22.81,28944.64,1460.61,17086.47,708,1453402,1158,8100.98,1024
41,2025,39,1206,27337.83,1199,22.8,29332.21,1431.88,18902.27,784,1514310,1183,7985.64,1055
41,2025,40,1179,27074.85,1175,23.04,29149.96,1450.86,18150.38,755,1434703,1152,7929.49,1033
41,2025,41,1113,25013.1,1102,22.7,26981.38,1358.29,16096.03,666,1366138,1088,7223.99,949
41,2025,42,1111,25938.9,1109,23.39,28746.74,1821.09,17597.19,717,1329891,1091,7631.1,969
41,2025,43,963,21774.7,958,22.73,23937.52,1448.3,13711.14,575,1126110,939,5987.24,811
41,2025,44,928,20349.47,920,22.12,22107.87,1236.82,12888.6,560,1013872,904,5830.23,795
41,2025,45,1018,22455.51,1012,22.19,24571.86,1569.85,14269.49,598,1193052,991,6664.69,855
41,2025,46,992,21492.11,987,21.78,23282.08,1350.47,13840.84,588,1156203,967,6334.8,847
41,2025,47,1043,23732.7,1036,22.91,25671.35,1300.15,15108.04,636,1215860,1018,6843.82,907
41,2025,48,765,17193.21,760,22.62,18948.64,1211.43,11927.06,488,846430,745,5086.62,654
41,2025,49,1162,26540.37,1154,23.0,28487.51,1506.14,19411.04,807,1387086,1134,7705.94,1041
41,2025,50,1153,25527.34,1147,22.26,27374.71,1288.82,16243.24,716,1303452,1130,7187.99,995
41,2025,51,939,21184.3,932,22.73,22846.95,1220.35,13167.42,579,1080814,926,6370.37,837
41,2025,52,740,16330.9,734,22.25,17964.71,1001.06,9668.94,420,765307,718,4684.15,629
41,2026,1,708,14486.14,704,20.58,15856.71,945.57,8082.81,368,701407,690,4232.43,596
41,2026,2,822,17344.51,814,21.31,18774.32,890.31,9610.59,453,867127,800,4957.54,700
41,2026,3,783,16824.57,780,21.57,18197.31,1012.74,10113.14,449,852199,769,4649.6,659
41,2026,4,720,15380.33,715,21.51,16570.88,872.3,8701.12,417,741808,705,4249.09,612
41,2026,5,887,18882.05,883,21.38,20300.29,1056.99,11467.31,540,992250,868,5333.38,778
41,2026,6,883,18905.09,878,21.53,20298.14,1012.3,11438.4,512,1011066,861,5376.57,749
41,2026,7,841,17993.71,832,21.63,19135.02,810.31,10258.49,479,984875,819,5064.88,722
41,2026,8,833,18033.29,827,21.81,19567.58,1101.04,10524.86,467,893626,815,5037.69,705
41,2026,9,903,18893.15,897,21.06,20300.78,1012.13,11182.01,511,974276,886,5323.16,762
41,2026,10,898,19288.54,897,21.5,21168.68,1244.39,11612.36,512,1023429,876,5423.89,767
41,2026,11,1061,23668.82,1057,22.39,25362.51,1184.69,15184.91,637,1190168,1039,6819.7,916
41,2026,12,1092,23649.73,1086,21.78,25978.58,1501.85,15721.54,692,1194887,1055,6694.6,932
41,2026,13,942,20471.15,934,21.92,23113.56,1688.58,13030.7,554,1082987,924,5969.71,838
41,2026,14,1191,25899.93,1185,21.86,28571.5,1874.07,17993.45,762,1410186,1173,7666.48,1055
41,2026,15,1248,29776.69,1242,23.97,33130.51,2038.98,20196.94,820,1547875,1224,8338.73,1103
41,2026,16,1153,25647.86,1146,22.38,27891.67,1589.47,17782.27,732,1280125,1132,7306.36,1002
41,2026,17,1060,24510.98,1055,23.23,26269.78,1258.05,16551.75,687,1315304,1036,7171.48,939
41,2026,18,1147,25808.38,1142,22.6,28107.92,1520.54,18330.76,775,1327500,1126,7210.73,1015
41,2026,19,1202,28265.3,1193,23.69,30325.15,1453.35,19853.11,817,1485513,1163,7750.74,1048
41,2026,20,1260,28295.75,1249,22.65,30553.31,1456.06,20657.34,857,1480792,1228,7712.68,1096
41,2026,21,1295,28922.03,1287,22.47,31632.25,1617.47,21126.6,909,1682308,1276,8058.69,1146
41,2026,22,1186,27750.82,1181,23.5,30232.78,1621.21,20001.26,814,1375200,1161,7507.34,1026
42,2024,1,284,7097.84,284,24.99,7380.38,151.54,3820.56,147,378919,275,1922.01,247
42,2024,2,283,6957.88,282,24.67,7124.68,80.2,3563.09,138,415254,268,1964.25,241
42,2024,3,273,7199.45,271,26.57,7831.91,240.21,3558.0,130,411269,262,1935.57,241
42,2024,4,329,8935.84,328,27.24,9236.89,203.55,4457.18,158,492259,308,2531.42,282
42,2024,5,363,9638.35,363,26.55,9802.11,124.26,4772.77,176,530894,355,2744.39,330
42,2024,6,341,9041.36,340,26.59,9183.73,116.87,4598.93,172,493428,329,2606.91,306
42,2024,7,339,8062.91,338,23.85,8215.54,91.13,4099.86,159,497650,325,2289.49,292
42,2024,8,348,8682.21,346,25.09,8966.15,196.94,4426.09,163,536329,336,2463.36,308
42,2024,9,369,9032.36,364,24.81,9199.86,142.5,4395.95,165,478740,346,2609.87,323
42,2024,10,344,8467.26,343,24.69,8696.23,131.22,4468.3,178,502871,336,2441.89,309
42,2024,11,346,8595.68,345,24.92,8845.91,120.23,4164.53,160,493351,328,2491.86,304
42,2024,12,390,9807.54,389,25.21,10216.98,124.69,4682.8,182,618638,371,2735.08,324
42,2024,13,349,8309.76,345,24.09,8497.97,148.21,4154.26,157,448651,334,2294.53,290
42,2024,14,357,8852.03,356,24.87,9065.14,118.11,4633.22,177,498393,339,2590.86,317
42,2024,15,292,7741.27,291,26.6,7896.29,132.52,3964.2,152,474238,283,2218.69,260
42,2024,16,365,9476.83,363,26.11,9773.29,192.08,4727.73,174,527531,347,2898.42,320
42,2024,17,418,10853.29,410,26.47,11249.92,251.93,6154.81,229,686668,392,3359.14,361
42,2024,18,375,9761.56,373,26.17,10069.22,189.66,5659.57,213,609193,363,3024.9,332
42,2024,19,354,10212.75,351,29.1,10677.75,245.1,5469.65,198,617913,344,3105.57,310
42,2024,20,300,7884.64,297,26.55,8073.78,146.14,4193.12,166,510919,292,2398.56,271
42,2024,21,352,8781.73,349,25.16,9060.16,211.43,4770.83,181,499462,342,2741.33,302
42,2024,22,348,9041.62,346,26.13,9461.19,224.82,5334.45,192,526559,342,2607.05,285
42,2024,23,368,9749.21,365,26.71,10059.8,173.84,5009.01,191,600442,358,2910.28,302
42,2024,24,341,8960.89,338,26.51,9171.99,135.85,4728.67,180,616473,329,2575.68,287
42,2024,25,298,7811.83,296,26.39,8142.54,231.71,4353.87,163,460626,287,2396.7,252
42,2024,26,305,8523.74,304,28.04,8833.25,235.51,4692.91,172,448033,299,2684.39,261
42,2024,27,309,7675.42,305,25.17,7912.38,134.46,4283.39,169,419319,296,2335.49,254
42,2024,28,361,8856.36,357,24.81,9125.1,166.24,4666.56,189,541355,350,2696.12,301
42,2024,29,337,8150.59,334,24.4,8437.65,197.31,4236.53,174,448697,327,2519.27,280
42,2024,30,350,8662.05,346,25.03,9025.94,238.64,4812.1,182,529273,337,2768.36,289
42,2024,31,330,8041.69,330,24.37,8262.55,131.86,4278.91,168,424210,327,2395.37,286
42,2024,32,339,7816.64,337,23.19,7986.85,124.71,4622.42,189,411920,328,2463.46,297
42,2024,33,310,7492.63,310,24.17,7688.0,88.87,4124.33,170,399509,305,2331.15,275
42,2024,34,342,8036.47,342,23.5,8182.22,99.25,4602.23,188,417820,335,2525.39,297
42,2024,35,387,9842.56,386,25.5,9999.92,125.09,4737.86,195,523359,378,3028.46,343
42,2024,36,386,9441.9,384,24.59,9609.02,126.62,4880.96,189,508419,378,2997.92,328
42,2024,37,397,9848.11,396,24.87,10102.14,191.03,5183.16,204,539680,390,3125.56,348
42,2024,38,386,9667.71,384,25.18,9940.99,153.78,4616.8,183,525427,378,2888.68,324
42,2024,39,393,10133.01,388,26.12,10738.36,431.35,5853.42,217,542582,380,3034.69,339
42,2024,40,476,11549.56,474,24.37,11991.59,334.53,6831.07,253,648714,471,3465.8,410
42,2024,41,422,10572.68,416,25.42,10810.56,209.38,5229.77,199,578782,407,3312.79,357
42,2024,42,430,10664.77,430,24.8,11026.02,253.75,5615.63,218,603227,425,3439.06,373
42,2024,43,366,8976.56,362,24.8,9236.5,142.19,4462.72,178,485632,357,2925.96,314
42,2024,44,384,9501.2,383,24.81,9881.54,233.84,5473.55,214,496824,379,2929.46,333
42,2024,45,352,8344.52,352,23.71,8608.82,215.8,4248.71,170,454221,347,2669.82,297
42,2024,46,348,8834.68,347,25.46,9222.03,147.35,4654.13,170,506567,345,2729.5,308
42,2024,47,362,9419.05,362,26.02,9612.37,136.32,5042.85,188,529155,358,3021.34,317
42,2024,48,334,7450.39,329,22.65,7563.97,72.58,4223.29,168,384226,328,2349.2,287
42,2024,49,338,8850.7,335,26.42,9012.76,119.06,4378.17,171,464616,333,2917.3,299
42,2024,50,336,8391.14,334,25.12,8500.43,85.29,4584.3,179,449871,330,2745.93,297
42,2024,51,319,7349.37,317,23.18,7437.92,54.55,3730.3,159,419938,313,2167.48,274
42,2024,52,235,5833.91,233,25.04,5904.15,54.74,3310.72,130,297107,230,1909.36,215
42,2025,1,293,6560.24,293,22.39,6688.29,99.55,3729.41,155,375450,288,2013.0,252
42,2025,2,345,7610.48,344,22.12,7899.33,128.85,4306.65,180,412347,337,2327.45,288
42,2025,3,364,8148.06,364,22.38,8371.65,135.09,4003.94,165,514029,357,2569.76,298
42,2025,4,363,8691.46,362,24.01,8837.47,112.51,4619.08,179,500242,360,2856.72,312
42,2025,5,341,7530.31,339,22.21,7749.02,158.71,4514.14,183,459830,337,2535.32,289
42,2025,6,435,9577.27,434,22.07,9774.24,141.47,5949.77,237,712113,434,3170.9,382
42,2025,7,375,8471.45,373,22.71,8676.36,103.4,5545.33,227,567328,371,2832.77,341
42,2025,8,383,8685.61,380,22.86,8855.26,109.65,4949.63,203,560714,378,3010.31,341
42,2025,9,408,9482.55,406,23.36,9728.73,166.18,5686.18,225,618291,404,3222.36,363
42,2025,10,410,9430.84,410,23.0,9537.59,72.19,5482.4,221,542286,405,3188.16,355
42,2025,11,423,9650.85,421,22.92,9873.63,176.43,5867.6,235,567584,418,3344.31,379
42,2025,12,347,8175.61,344,23.77,8426.3,117.69,4750.76,193,487098,334,2673.25,300
42,2025,13,376,10038.43,376,26.7,10322.81,202.23,5792.25,218,495914,370,3033.16,328
42,2025,14,423,10028.62,422,23.76,10436.37,220.25,6082.39,242,549797,416,3289.66,365
42,2025,15,405,9207.05,402,22.9,9362.14,111.09,5429.02,218,529338,399,3065.6,358
42,2025,16,388,9324.26,388,24.03,9574.51,177.0,5636.1,213,551759,384,3139.02,345
42,2025,17,434,10402.17,429,24.25,10721.08,269.9,6039.68,235,556943,426,3233.29,368
42,2025,18,418,10317.3,418,24.68,10705.82,270.02,6249.26,235,623787,416,3496.11,369
42,2025,19,413,9862.14,412,23.94,10152.88,185.99,5738.08,229,569614,407,3324.8,364
42,2025,20,444,10412.52,443,23.5,10663.86,163.34,6324.79,259,600567,435,3415.96,389
42,2025,21,384,9793.39,383,25.57,10016.09,121.2,5880.16,232,515044,381,3134.72,341
42,2025,22,422,10031.59,420,23.88,10520.84,108.5,5761.72,236,576466,419,3484.14,375
42,2025,23,402,9791.61,401,24.42,10054.11,192.25,6226.53,241,567781,397,3219.29,353
42,2025,24,424,10783.38,419,25.74,11187.8,270.92,6639.89,245,570077,414,3543.51,373
42,2025,25,388,9559.19,388,24.64,9843.31,126.87,5691.09,223,482330,382,2888.14,338
42,2025,26,372,9625.29,372,25.87,9882.02,204.73,5283.05,205,540742,372,3116.7,336
42,2025,27,313,8617.42,310,27.8,8846.6,142.63,4384.13,177,444151,307,2545.27,279
42,2025,28,349,8808.85,348,25.31,8961.2,118.35,4672.55,190,551099,346,2816.3,311
42,2025,29,351,8540.8,347,24.61,8729.72,133.42,4754.78,182,443485,344,2636.69,300
42,2025,30,345,8234.85,343,24.01,8493.91,157.06,4378.0,183,435206,338,2510.11,306
42,2025,31,398,8949.7,394,22.71,9159.46,145.76,5164.62,210,496925,388,2785.91,342
42,2025,32,342,7643.37,342,22.35,7774.64,101.27,4614.08,196,419328,340,2489.79,301
42,2025,33,363,8441.68,362,23.32,8660.91,163.23,5478.67,225,465738,356,2673.73,321
42,2025,34,374,9314.22,373,24.97,9527.59,170.87,5777.13,222,511273,371,3019.38,343
42,2025,35,369,8787.31,366,24.01,8929.6,106.79,4293.11,179,478458,362,2742.99,321
42,2025,36,385,9328.14,383,24.36,9724.42,139.53,4926.92,196,565404,377,3020.29,322
42,2025,37,413,9791.12,413,23.71,10028.63,135.76,5487.14,221,537669,406,3155.67,356
42,2025,38,387,9588.16,387,24.78,9946.23,145.07,5406.93,221,547008,380,3200.03,350
42,2025,39,465,12332.17,463,26.64,12736.16,268.99,7715.2,289,668378,457,3838.57,418
42,2025,40,395,9546.96,394,24.23,9922.12,155.52,5782.96,234,550578,392,3133.99,345
42,2025,41,362,9453.32,362,26.11,9830.46,192.89,5134.48,198,590573,357,3102.42,323
42,2025,42,352,9394.9,349,26.92,9786.63,274.98,4969.7,189,457177,344,2887.23,303
42,2025,43,291,7494.69,290,25.84,7798.5,146.31,4054.94,156,425924,285,2469.4,255
42,2025,44,276,6456.15,274,23.56,6626.78,133.13,3738.21,152,342559,273,2231.97,253
42,2025,45,308,7309.41,306,23.89,7537.98,195.57,3957.51,149,414985,300,2597.06,267
42,2025,46,332,8961.25,330,27.16,9145.32,130.57,4371.49,173,431088,328,2757.71,297
42,2025,47,366,8863.05,362,24.48,8990.6,85.05,4502.33,181,473566,357,2838.49,313
42,2025,48,275,6083.36,272,22.37,6185.13,54.02,3297.79,146,317186,269,1856.06,236
42,2025,49,365,9327.37,365,25.55,9646.12,171.25,5335.05,216,485617,361,3032.26,325
42,2025,50,344,8192.08,343,23.88,8423.16,106.58,4809.36,210,444917,341,2696.53,316
42,2025,51,329,7867.89,327,24.06,7966.65,54.54,3476.41,164,405164,323,2597.17,304
42,2025,52,208,5345.17,206,25.95,5370.51,6.84,2203.45,105,269310,206,1726.87,194
42,2026,1,220,5429.59,217,25.02,5570.56,43.12,2419.5,114,262350,216,1747.21,194
42,2026,2,276,6473.7,275,23.54,6577.17,61.47,3327.48,154,317486,270,1988.36,247
42,2026,3,250,6239.35,249,25.06,6383.03,110.68,3046.8,134,309756,246,2038.86,221
42,2026,4,190,4876.52,189,25.8,5002.32,28.05,2267.42,101,243802,184,1544.15,167
42,2026,5,267,6429.21,266,24.17,6564.53,109.82,3370.19,148,396372,263,2071.7,237
42,2026,6,335,7793.69,332,23.47,8197.45,163.76,3990.75,172,427090,322,2569.73,285
42,2026,7,317,7965.67,316,25.21,8130.02,126.35,3638.21,170,428289,310,2649.05,288
42,2026,8,269,6930.49,269,25.76,7114.7,103.21,3507.95,148,349335,264,2314.7,239
42,2026,9,274,6519.19,274,23.79,6688.15,114.96,3037.61,141,331508,270,2097.06,236
42,2026,10,336,7683.91,334,23.01,7910.58,78.42,3700.8,159,403526,330,2405.05,298
42,2026,11,378,9098.82,373,24.39,9310.52,150.7,5148.26,208,455410,368,2736.09,327
42,2026,12,391,10239.92,385,26.6,10776.52,416.6,6295.1,226,497903,379,3144.17,343
42,2026,13,247,5838.91,245,23.83,5980.92,81.51,3039.42,129,307886,244,1901.14,220
42,2026,14,294,7369.77,293,25.15,7545.0,70.23,4180.61,170,366942,292,2220.67,263
42,2026,15,375,9278.27,374,24.81,9578.09,137.57,5070.63,198,486772,367,3022.24,339
42,2026,16,381,9861.38,380,25.95,10189.02,242.54,5410.82,222,608868,375,3098.59,354
42,2026,17,396,9470.53,393,24.1,9745.62,123.09,4995.01,216,505279,389,3017.85,360
42,2026,18,372,9756.47,370,26.37,9973.05,151.08,5512.17,219,536248,369,3017.57,342
42,2026,19,397,9893.72,396,24.98,10175.01,193.04,5501.29,213,537978,395,3089.27,351
42,2026,20,380,9933.12,378,26.28,10475.6,292.43,6116.9,239,515442,376,3051.56,345
42,2026,21,329,8495.89,329,25.82,8815.53,238.64,5122.05,203,434350,325,2560.83,303
42,2026,22,321,7934.64,318,24.95,8336.71,291.57,5174.74,209,411560,316,2379.53,283
43,2024,1,611,16950.64,608,27.88,17081.1,97.74,9164.78,336,877186,592,4739.3,565
43,2024,2,646,17663.9,643,27.47,17773.16,84.76,10113.51,367,929606,622,5080.07,598
43,2024,3,626,17477.13,625,27.96,17616.95,107.57,9880.27,349,907094,614,5245.6,577
43,2024,4,652,18138.57,649,27.95,18278.64,103.07,10162.67,365,960141,635,5229.07,594
43,2024,5,728,19846.18,723,27.45,19986.48,98.8,10970.68,402,995122,705,5848.07,669
43,2024,6,739,20570.61,738,27.87,20734.95,129.34,11668.18,429,1062471,724,6043.38,687
43,2024,7,726,20180.33,724,27.87,20284.75,81.89,10132.39,377,1093320,715,5835.86,673
43,2024,8,704,19456.67,703,27.68,19581.4,79.23,11656.6,415,999176,688,5839.08,660
43,2024,9,763,21107.34,759,27.81,21264.08,65.24,11413.67,417,1088280,741,6135.34,689
43,2024,10,704,19263.66,704,27.36,19406.76,65.6,10106.72,384,996237,691,5732.45,653
43,2024,11,741,20925.38,737,28.39,21107.5,109.62,11389.66,428,1113141,724,6144.76,678
43,2024,12,711,19784.36,711,27.83,20091.49,209.63,11019.75,401,1026991,695,5709.23,641
43,2024,13,658,18180.03,654,27.8,18417.93,150.9,9800.5,364,972831,642,5468.1,601
43,2024,14,740,20020.93,737,27.17,20176.14,113.21,10422.74,392,1059468,718,5829.64,678
43,2024,15,614,16544.76,610,27.12,16722.76,93.0,8968.73,333,878229,597,4956.6,566
43,2024,16,781,20968.67,773,27.13,21161.08,91.91,12478.9,471,1122974,754,6378.66,708
43,2024,17,786,21361.95,781,27.35,21536.17,103.22,12530.27,482,1148632,771,6523.77,717
43,2024,18,810,21865.09,799,27.37,22015.01,107.92,12436.1,464,1296569,785,6864.41,724
43,2024,19,710,20233.63,707,28.62,20378.5,101.37,11211.82,408,1182341,693,6137.42,647
43,2024,20,700,19205.24,694,27.67,19397.22,81.98,10356.66,383,1086728,675,5706.6,621
43,2024,21,675,18723.13,673,27.82,18893.72,71.59,10304.15,379,991586,662,5706.82,591
43,2024,22,680,18334.39,675,27.16,18528.83,96.44,10814.81,391,1123245,669,5515.94,585
43,2024,23,711,19518.72,704,27.73,19676.91,117.19,11435.63,421,1086110,690,5875.78,618
43,2024,24,684,19099.02,680,28.09,19384.24,162.92,10581.99,388,1017351,672,5814.41,607
43,2024,25,685,19169.52,678,28.27,19376.67,134.15,11359.36,408,1013120,674,5918.65,618
43,2024,26,686,18960.71,679,27.92,19088.45,100.74,11174.17,414,978312,668,5974.76,616
43,2024,27,700,19304.96,697,27.7,19497.03,153.82,10480.63,399,1026985,688,5919.55,618
43,2024,28,757,20791.47,749,27.76,20929.34,100.37,11292.35,413,1111993,747,6354.13,664
43,2024,29,708,19211.43,702,27.37,19362.62,117.69,11061.83,409,1003595,692,6067.88,630
43,2024,30,711,19513.59,707,27.6,19770.93,93.34,10075.11,380,967292,702,6036.33,634
43,2024,31,674,18774.28,669,28.06,18974.48,118.7,10708.23,398,986474,661,5940.1,615
43,2024,32,691,18626.31,686,27.15,18730.1,51.04,10206.08,388,963529,681,5928.78,637
43,2024,33,694,19420.18,691,28.1,19554.61,91.93,10501.69,392,952940,684,6226.06,639
43,2024,34,650,17351.64,645,26.9,17474.77,82.63,10162.77,392,970370,635,5511.56,590
43,2024,35,800,21590.5,795,27.16,21868.82,150.62,11795.49,444,1141424,791,6878.55,716
43,2024,36,753,20209.61,752,26.87,20361.46,117.35,11246.83,434,1044511,742,6392.06,696
43,2024,37,798,21786.84,795,27.4,22067.53,199.69,11345.34,430,1080460,783,6819.87,711
43,2024,38,766,21241.84,761,27.91,21492.56,215.22,11713.88,430,1092505,754,6591.56,700
43,2024,39,736,20026.35,734,27.28,20284.54,195.94,11935.06,449,1053761,721,6313.81,666
43,2024,40,804,21070.48,800,26.34,21306.18,184.7,11465.04,442,1116162,794,7325.22,728
43,2024,41,783,21160.7,780,27.13,21521.71,180.93,12849.67,480,1129436,775,6737.28,707
43,2024,42,816,22516.01,816,27.59,22755.55,178.54,12760.15,475,1163617,812,7124.11,756
43,2024,43,717,19565.52,716,27.33,19725.08,121.56,11109.15,424,983376,712,6256.4,663
43,2024,44,793,20977.16,788,26.62,21142.35,121.19,12893.17,483,1072911,784,6758.1,730
43,2024,45,721,19097.58,716,26.67,19240.94,98.86,11807.07,436,1085459,712,6274.47,655
43,2024,46,762,19917.03,756,26.35,20048.78,94.25,12382.66,472,1173625,751,6604.76,712
43,2024,47,750,20680.6,749,27.61,20899.09,134.99,12742.53,472,1083089,743,6684.27,705
43,2024,48,734,19726.43,732,26.95,19876.04,132.61,11681.5,438,964119,726,6430.56,671
43,2024,49,794,20765.27,785,26.45,20990.79,103.52,12393.03,468,1167270,772,6727.64,723
43,2024,50,731,19628.35,731,26.85,19751.68,77.83,12080.3,456,1101182,720,6457.41,683
43,2024,51,757,20289.11,752,26.98,20545.35,118.74,12344.63,461,1043872,745,6619.31,702
43,2024,52,617,16441.1,614,26.78,16615.2,94.6,9150.9,347,811402,610,5417.13,575
43,2025,1,677,18508.38,675,27.42,18671.91,81.03,10786.52,410,982268,671,5837.1,621
43,2025,2,761,20895.75,756,27.64,21113.71,174.46,11628.93,434,1076325,746,6694.64,700
43,2025,3,748,21417.94,746,28.71,21583.8,59.11,12541.56,463,1082222,743,7046.28,706
43,2025,4,678,18303.99,676,27.08,18435.81,87.32,11407.31,425,1054053,675,6000.41,626
43,2025,5,795,20979.24,790,26.56,21119.14,110.9,13264.3,496,1266265,785,6868.77,731
43,2025,6,786,20599.18,784,26.27,20693.37,38.69,13329.22,505,1128900,782,6799.9,735
43,2025,7,773,21151.66,769,27.51,21341.94,90.03,13264.74,501,1195677,763,6986.4,733
43,2025,8,781,20994.29,776,27.05,21211.94,130.65,13089.31,488,1110873,769,6955.57,728
43,2025,9,865,23336.63,862,27.07,23473.19,86.97,14504.06,551,1217544,854,7605.26,805
43,2025,10,801,21617.86,799,27.06,21768.67,45.81,13306.9,505,1162902,791,7209.78,748
43,2025,11,870,23970.61,867,27.65,24129.67,68.06,15001.4,566,1271968,862,7776.86,829
43,2025,12,888,24479.23,888,27.57,24680.93,151.2,15155.86,557,1342902,878,7976.28,837
43,2025,13,849,22371.22,844,26.51,22475.56,65.84,14107.29,532,1157039,831,7419.96,787
43,2025,14,832,22488.01,829,27.13,22710.67,108.41,13028.22,497,1186336,820,7277.21,768
43,2025,15,828,22353.34,826,27.06,22496.01,86.17,14071.6,521,1206409,817,7252.48,764
43,2025,16,821,21758.41,817,26.63,21938.3,72.09,13190.84,517,1169138,811,7047.83,763
43,2025,17,856,23834.71,854,27.91,24030.08,101.37,14083.41,527,1290587,844,7834.09,795
43,2025,18,886,23467.96,882,26.61,23793.17,167.46,15320.32,576,1268449,874,7669.04,811
43,2025,19,910,24858.6,908,27.38,25050.62,101.02,15496.14,587,1358454,895,8157.6,844
43,2025,20,862,24195.74,859,28.17,24333.16,50.92,15719.82,583,1295315,853,7946.3,820
43,2025,21,836,23837.5,835,28.55,24000.2,105.12,14481.22,539,1261261,829,7707.62,784
43,2025,22,830,23175.57,827,28.02,23372.68,126.61,14353.93,531,1218900,817,7632.63,774
43,2025,23,847,23455.78,845,27.76,23613.54,89.26,14785.13,552,1249084,836,7557.23,793
43,2025,24,896,24175.42,893,27.07,24354.59,101.17,15116.12,573,1268723,890,7820.88,834
43,2025,25,819,21903.89,817,26.81,22045.56,95.17,13507.52,512,1109764,810,7124.87,753
43,2025,26,847,23489.65,843,27.86,23638.07,80.42,14253.31,539,1265377,833,7588.99,792
43,2025,27,769,20591.51,766,26.88,20810.61,142.08,12601.47,482,1102768,755,6767.65,700
43,2025,28,790,21756.53,786,27.68,21970.44,153.41,12262.09,465,1114307,777,7214.82,724
43,2025,29,822,23167.46,818,28.32,23413.83,123.62,13747.88,522,1180748,814,7577.95,772
43,2025,30,841,23353.25,835,27.97,23497.74,92.24,13389.24,501,1216561,825,7595.93,775
43,2025,31,849,23758.16,847,28.05,23985.81,140.15,13237.57,514,1219799,839,7668.83,787
43,2025,32,826,22293.67,825,27.02,22499.71,147.29,12696.36,492,1152229,811,7261.37,760
43,2025,33,876,25221.39,872,28.92,25428.16,99.27,14617.58,543,1338022,864,8196.97,813
43,2025,34,864,24447.12,862,28.36,24630.95,110.83,13640.61,515,1239006,858,7979.56,798
43,2025,35,888,25982.24,885,29.36,26143.22,114.48,14558.57,536,1345702,878,8484.73,820
43,2025,36,862,24946.28,861,28.97,25197.64,112.86,14120.94,545,1272787,854,8071.66,800
43,2025,37,899,26872.04,899,29.89,27131.05,133.26,13956.61,519,1300805,893,8679.93,841
43,2025,38,944,28316.81,942,30.06,28484.41,91.1,15242.37,568,1368899,932,9189.94,885
43,2025,39,872,25988.58,869,29.91,26152.57,71.74,14423.96,527,1273839,866,8619.37,825
43,2025,40,844,24179.13,843,28.68,24375.3,101.92,11578.75,439,1160373,834,7644.85,757
43,2025,41,707,21408.47,707,30.28,21591.27,75.55,9269.54,357,997600,698,6696.88,644
43,2025,42,557,17728.69,554,32.0,17845.44,73.5,7589.23,289,791288,548,5326.58,515
43,2025,43,511,16307.47,509,32.04,16461.69,88.72,6179.03,249,691919,505,4837.03,468
43,2025,44,555,17730.46,551,32.18,17852.33,36.62,6928.44,264,778921,549,5516.28,512
43,2025,45,575,17733.12,572,31.0,17897.63,73.51,7093.88,271,794087,566,5566.61,526
43,2025,46,608,18865.44,605,31.18,19016.36,67.42,7441.89,284,865906,597,5903.3,556
43,2025,47,651,19169.18,645,29.72,19245.72,28.54,7659.2,316,864488,637,6012.47,597
43,2025,48,505,15704.45,504,31.16,15825.79,79.33,6776.25,268,708886,502,5001.99,472
43,2025,49,661,19186.2,656,29.25,19457.62,110.67,9725.69,383,892700,647,5823.32,602
43,2025,50,663,19446.37,661,29.42,19609.91,90.46,9045.78,374,860871,649,5968.47,610
43,2025,51,625,18641.81,623,29.92,18820.86,79.8,7696.71,309,856851,614,5831.31,565
43,2025,52,456,13653.53,454,30.07,13791.39,63.36,5331.74,226,659677,450,4312.42,426
43,2026,1,461,13704.5,460,29.79,13912.75,38.75,5440.76,222,681935,456,4378.14,426
43,2026,2,602,18878.08,600,31.46,19020.42,60.49,7426.32,313,823049,595,5861.21,562
43,2026,3,569,17224.63,566,30.43,17387.26,53.91,6950.46,288,782556,563,5456.6,517
43,2026,4,484,15244.1,483,31.56,15295.66,29.56,6377.91,250,668501,481,4784.54,441
43,2026,5,548,16703.68,546,30.59,16811.37,74.19,6535.83,257,781591,541,5055.3,494
43,2026,6,629,18523.05,628,29.5,18718.22,127.67,7958.74,314,888032,623,5897.27,578
43,2026,7,594,18013.72,592,30.43,18155.7,78.48,7705.56,315,818333,585,5772.57,563
43,2026,8,548,17525.63,547,32.04,17678.99,95.86,7140.7,279,798034,543,5476.65,496
43,2026,9,589,17897.47,587,30.49,18005.29,48.82,7813.64,310,785024,582,5637.31,547
43,2026,10,650,18589.99,647,28.73,18756.68,89.94,8639.95,349,868260,643,5816.53,598
43,2026,11,672,18528.59,669,27.7,18848.07,57.48,8706.12,349,848672,664,5646.15,618
43,2026,12,580,16599.75,580,28.62,16786.12,68.37,8179.92,318,747797,576,5033.98,540
43,2026,13,521,14797.15,517,28.62,14933.59,58.94,6823.9,270,699090,512,4518.99,468
43,2026,14,607,17471.48,607,28.78,17591.91,51.43,7873.04,317,818865,604,5387.79,568
43,2026,15,602,16368.22,601,27.23,16535.56,111.84,8599.92,333,819170,597,5138.84,557
43,2026,16,613,18389.02,610,30.15,18592.05,102.28,8725.49,330,837139,607,5551.31,562
43,2026,17,590,17484.14,589,29.68,17633.95,58.31,7053.36,285,796491,589,5287.98,547
43,2026,18,592,17408.95,592,29.41,17522.87,67.92,7564.94,304,800264,587,5269.51,547
43,2026,19,639,17841.27,632,28.23,17961.29,63.02,9147.53,367,885413,627,5599.86,589
43,2026,20,583,16632.15,583,28.53,16939.5,158.6,8296.55,337,776926,577,5115.35,542
43,2026,21,546,15724.37,543,28.96,15946.45,70.58,7238.93,291,757958,538,4899.61,511
43,2026,22,470,13539.19,465,29.12,13680.49,48.3,6047.12,244,633630,457,4166.34,427
43,2026,23,1,5.25,1,5.25,5.25,0.0,0.0,0,263,1,0.6,1
44,2024,1,576,15807.26,573,27.59,15999.1,114.34,10253.24,369,701367,561,5135.78,539
44,2024,2,565,15625.59,562,27.8,15699.08,52.56,10441.86,375,726032,554,5033.89,534
44,2024,3,600,16881.02,597,28.28,16938.93,34.91,10625.44,376,776016,590,5422.89,563
44,2024,4,608,16830.91,607,27.73,16928.92,85.01,10996.25,387,788521,597,5415.54,568
44,2024,5,693,19604.8,692,28.33,19689.28,61.98,11731.89,424,891740,680,6236.34,644
44,2024,6,720,19815.41,718,27.6,19929.84,83.39,12407.25,444,929230,702,6365.06,656
44,2024,7,752,20842.53,748,27.86,20952.98,65.95,12839.0,463,910257,729,6608.1,695
44,2024,8,708,19203.32,707,27.16,19337.83,62.51,12381.68,448,874181,699,6119.78,643
44,2024,9,762,20560.52,758,27.12,20665.64,69.37,12594.0,466,933273,734,6606.19,687
44,2024,10,735,19815.82,733,27.03,19998.07,116.25,12633.75,462,935565,728,6402.27,687
44,2024,11,675,18724.88,673,27.82,18812.16,66.78,11873.44,426,878662,666,6034.49,624
44,2024,12,735,19895.69,730,27.25,19996.11,51.42,13073.42,475,922741,721,6331.29,673
44,2024,13,744,19263.87,739,26.07,19422.68,67.81,12204.87,456,872207,727,6187.55,682
44,2024,14,760,20340.62,755,26.94,20490.05,99.93,12923.5,473,979658,741,6360.26,685
44,2024,15,655,17807.51,651,27.35,17947.5,89.99,10896.82,412,839099,647,5680.93,602
44,2024,16,726,19609.9,726,27.01,19766.97,101.07,12390.47,456,912857,719,6332.43,670
44,2024,17,751,20021.7,744,26.91,20127.12,39.42,12370.05,464,977864,735,6419.66,687
44,2024,18,784,21679.33,780,27.79,21866.45,104.12,13645.69,499,1059025,774,6915.2,721
44,2024,19,747,20227.17,741,27.3,20390.96,106.79,12774.41,474,1032366,732,6357.81,682
44,2024,20,731,19770.53,730,27.08,19920.52,96.8,12978.72,473,971196,722,6410.46,682
44,2024,21,680,18395.58,678,27.13,18560.3,107.22,11400.12,418,912913,672,5904.61,613
44,2024,22,627,16300.31,619,26.33,16425.85,66.04,10637.9,396,814906,609,5265.16,552
44,2024,23,731,18988.63,721,26.34,19192.5,119.37,12739.83,477,934370,714,6033.69,648
44,2024,24,653,18094.89,651,27.8,18231.95,51.56,11499.52,419,834033,645,5768.41,590
44,2024,25,632,16764.9,628,26.7,16952.97,140.57,10675.4,390,805571,621,5459.14,567
44,2024,26,686,18351.37,684,26.83,18504.24,68.87,12477.72,460,876833,681,5974.26,632
44,2024,27,615,16428.34,614,26.76,16615.31,99.72,10977.48,413,815984,604,5196.02,555
44,2024,28,677,18349.37,673,27.27,18448.88,73.51,11880.29,439,891258,669,5904.95,603
44,2024,29,673,18335.79,672,27.29,18491.0,127.21,12885.68,476,879593,665,6187.03,625
44,2024,30,706,18643.11,704,26.48,18850.61,90.5,12696.4,471,875299,693,6388.81,651
44,2024,31,746,19910.2,744,26.76,20114.54,137.34,13915.21,505,1009366,740,6747.95,698
44,2024,32,657,17804.92,656,27.14,17910.94,86.02,11714.49,424,896439,654,5958.78,625
44,2024,33,631,17255.14,629,27.43,17388.47,102.83,11237.33,418,836285,625,5914.35,604
44,2024,34,652,18017.7,648,27.81,18132.64,98.44,12204.69,451,885845,643,6008.87,615
44,2024,35,755,20850.4,754,27.65,20963.2,57.8,13314.73,494,1010754,748,7121.45,721
44,2024,36,691,18893.42,691,27.34,18995.42,76.5,12655.87,472,917854,687,6329.55,660
44,2024,37,725,19237.19,721,26.68,19335.04,76.35,12360.99,454,964169,714,6550.86,673
44,2024,38,787,20992.45,785,26.74,21130.53,96.08,13632.27,492,1029952,777,6937.11,717
44,2024,39,718,19704.88,717,27.48,19830.81,84.93,13111.26,477,1045855,709,6620.45,667
44,2024,40,757,19663.41,755,26.04,19817.55,131.64,13521.56,503,1017017,745,6753.09,707
44,2024,41,732,19511.68,732,26.66,19664.88,86.7,13198.23,490,1017720,729,6772.06,693
44,2024,42,694,18716.17,692,27.05,18817.34,55.17,11685.09,426,898402,687,6264.38,642
44,2024,43,763,19893.44,761,26.14,20052.59,126.15,13378.71,499,1057978,756,6818.99,709
44,2024,44,791,20506.91,790,25.96,20647.16,101.16,14042.55,523,1067191,778,7047.09,731
44,2024,45,730,19396.96,725,26.75,19636.67,68.21,12610.59,471,966029,719,6779.51,686
44,2024,46,724,19171.69,723,26.52,19271.68,62.49,12570.1,464,883206,719,6581.6,676
44,2024,47,671,18366.71,671,27.37,18505.3,46.84,11945.51,443,873071,664,6229.6,629
44,2024,48,683,18446.62,682,27.05,18550.2,33.08,13143.98,480,860802,675,6518.67,650
44,2024,49,746,19943.09,746,26.73,20007.54,28.45,13570.02,510,934173,744,6940.0,712
44,2024,50,657,17679.96,657,26.91,17749.74,35.28,11504.84,427,823326,651,6084.75,619
44,2024,51,695,18450.38,690,26.74,18539.03,37.65,12283.3,451,860667,681,6341.32,646
44,2024,52,584,15723.65,583,26.97,15775.63,19.98,10434.79,383,752502,575,5465.11,557
44,2025,1,594,15634.75,593,26.37,15695.16,13.41,10519.4,392,673102,589,5424.81,564
44,2025,2,677,17771.71,673,26.41,17880.99,38.19,12118.88,448,815389,666,6199.1,641
44,2025,3,672,17797.19,669,26.6,17867.74,46.29,11758.16,433,817189,660,6260.25,632
44,2025,4,643,17341.12,643,26.97,17384.31,24.18,12332.25,453,828903,642,6108.62,617
44,2025,5,742,19861.34,740,26.84,19945.27,53.91,13588.44,500,934704,733,6923.49,703
44,2025,6,743,19608.07,741,26.46,19672.55,27.47,13361.34,501,892177,737,6741.0,695
44,2025,7,719,18740.97,717,26.14,18829.17,43.95,13906.93,521,956340,714,6593.07,692
44,2025,8,659,18056.05,658,27.44,18114.65,38.1,12829.39,457,775719,652,6477.81,626
44,2025,9,738,19167.57,732,26.19,19260.75,35.18,12936.2,477,915266,730,6652.94,693
44,2025,10,750,19346.01,744,26.0,19457.93,62.42,13805.82,523,949756,739,6645.95,713
44,2025,11,726,19049.07,724,26.31,19149.89,42.82,13945.42,516,900452,717,6665.69,683
44,2025,12,746,20268.71,744,27.24,20405.1,63.89,14784.19,530,942968,736,7020.63,706
44,2025,13,654,17715.12,654,27.09,17756.16,13.54,12662.79,466,776901,646,6271.48,622
44,2025,14,781,20996.93,781,26.88,21105.39,70.96,14346.21,533,991234,778,7300.74,738
44,2025,15,841,22324.47,838,26.64,22521.69,75.22,16097.02,592,1035604,832,7880.53,803
44,2025,16,758,20316.47,753,26.98,20391.35,44.88,14179.33,522,938164,749,7073.13,722
44,2025,17,756,20236.77,752,26.91,20332.47,43.95,14566.29,536,934571,746,7077.45,716
44,2025,18,817,21531.21,817,26.35,21838.13,77.17,15846.46,576,1005808,809,7595.95,775
44,2025,19,800,21897.53,797,27.47,22062.07,118.04,14884.5,546,977491,791,7633.99,765
44,2025,20,796,22047.9,792,27.84,22174.98,80.08,15792.3,572,1058503,786,7723.75,767
44,2025,21,825,22296.12,822,27.12,22474.26,90.14,15613.43,577,1080103,815,7722.37,784
44,2025,22,740,20924.73,739,28.31,21002.78,44.05,15146.1,548,953844,733,7433.41,716
44,2025,23,832,22335.34,831,26.88,22408.73,36.39,15397.0,581,1067295,828,7509.9,785
44,2025,24,743,20678.51,743,27.83,20781.94,51.93,14414.48,525,961387,739,7162.25,716
44,2025,25,717,19890.34,717,27.74,19958.27,40.43,13335.03,490,879219,712,6945.87,688
44,2025,26,723,19671.74,723,27.21,19739.43,28.39,13332.41,498,905380,711,6935.47,688
44,2025,27,752,20434.86,750,27.25,20534.31,51.95,13570.73,500,1034818,742,7092.79,710
44,2025,28,739,20283.56,739,27.45,20417.04,70.48,14027.53,510,1012208,736,7111.23,717
44,2025,29,690,19517.92,688,28.37,19630.6,57.68,12792.99,472,904381,684,6700.39,670
44,2025,30,698,19625.6,696,28.2,19785.9,66.8,12438.61,448,876026,689,6772.01,662
44,2025,31,807,21719.05,807,26.91,21904.34,116.04,14343.85,538,1069732,798,7529.89,757
44,2025,32,768,20969.88,766,27.38,21067.91,73.28,13576.79,506,976142,755,7366.09,727
44,2025,33,808,22459.55,804,27.93,22559.72,63.67,14850.78,541,1150570,793,7836.05,766
44,2025,34,765,21079.26,764,27.59,21247.43,88.32,14330.18,520,1004022,756,7437.37,726
44,2025,35,777,21853.63,773,28.27,22038.0,66.37,13951.18,511,1023350,769,7567.12,739
44,2025,36,738,19610.44,737,26.61,19691.23,61.29,13122.44,485,887445,731,6914.91,698
44,2025,37,728,20858.83,727,28.69,20966.06,67.48,12860.57,468,1064810,721,7297.99,697
44,2025,38,834,23558.84,832,28.32,23672.29,60.95,16104.39,581,1068570,826,8234.03,792
44,2025,39,781,22328.38,781,28.59,22397.31,42.92,14524.98,517,989411,774,7811.36,741
44,2025,40,711,19871.52,710,27.99,20029.98,76.46,12312.28,468,985378,705,6889.43,679
44,2025,41,501,14591.62,498,29.3,14661.82,37.7,9358.58,343,661801,494,4997.23,484
44,2025,42,450,12778.32,446,28.65,12847.37,44.57,7081.84,267,642554,441,4292.93,420
44,2025,43,408,12110.35,406,29.83,12137.01,13.66,6233.7,233,561613,399,4013.22,376
44,2025,44,452,12951.15,445,29.1,13022.09,19.94,7084.13,266,618157,438,4212.48,414
44,2025,45,465,13748.11,463,29.69,13822.96,15.85,7640.9,276,672601,459,4757.07,433
44,2025,46,475,14337.45,473,30.31,14413.28,18.33,7279.58,272,650041,466,4887.42,450
44,2025,47,466,13296.04,464,28.66,13373.34,39.55,7447.56,289,608755,462,4503.69,441
44,2025,48,406,11633.72,404,28.8,11725.54,25.82,6059.52,232,626912,399,3889.53,380
44,2025,49,517,14702.49,514,28.6,14781.04,50.05,8973.6,338,689898,508,4900.71,488
44,2025,50,484,14213.23,483,29.43,14278.39,28.91,7778.67,294,640068,472,4802.48,451
44,2025,51,492,14558.32,492,29.59,14629.79,29.47,7667.04,289,657462,486,4890.45,469
44,2025,52,360,9862.72,356,27.7,9919.27,37.55,5001.82,193,430722,350,3395.41,331
44,2026,1,379,11204.43,379,29.56,11320.58,25.65,5511.16,216,461040,376,3694.13,358
44,2026,2,434,12382.85,433,28.6,12431.47,34.12,6756.57,255,536343,427,4244.03,413
44,2026,3,435,12887.45,432,29.83,12953.98,34.53,6596.48,250,567578,428,4362.07,410
44,2026,4,327,10051.22,326,30.83,10266.47,62.75,5180.01,191,421283,324,3389.95,311
44,2026,5,408,12407.39,407,30.48,12471.11,46.22,6006.71,227,551424,405,4244.7,391
44,2026,6,492,15067.54,489,30.81,15140.55,53.26,8334.01,301,672028,486,5113.34,467
44,2026,7,450,13902.5,448,31.03,13972.94,53.44,7385.4,268,598590,444,4698.29,428
44,2026,8,441,13252.5,441,30.05,13341.1,54.6,6501.03,246,568985,438,4389.55,407
44,2026,9,485,13941.26,484,28.8,13989.28,33.02,7788.41,294,678246,483,4797.09,469
44,2026,10,581,16452.97,581,28.32,16535.11,54.64,9681.99,357,804088,575,5620.16,548
44,2026,11,531,15199.8,530,28.68,15330.71,46.91,9377.22,349,775119,526,5077.84,504
44,2026,12,441,12598.28,441,28.57,12683.47,31.44,7675.28,283,578277,433,4268.78,416
44,2026,13,440,12713.64,440,28.89,12783.45,22.31,6776.82,257,544077,434,4322.1,423
44,2026,14,546,15459.83,544,28.42,15593.92,68.09,9050.07,333,748916,541,5247.65,523
44,2026,15,519,15046.03,518,29.05,15151.3,67.27,8810.41,332,696282,516,5070.19,498
44,2026,16,537,15081.09,534,28.24,15238.68,82.59,8638.58,316,711576,524,5065.8,492
44,2026,17,479,13922.09,479,29.06,14033.81,54.92,6854.78,253,631435,473,4614.43,439
44,2026,18,542,15524.86,541,28.7,15729.11,74.75,8503.07,322,699897,539,5109.26,505
44,2026,19,521,14946.74,520,28.74,15069.7,51.96,8887.05,336,719121,517,4937.19,488
44,2026,20,514,14520.33,510,28.47,14667.39,59.06,8482.09,315,722071,507,4875.99,484
44,2026,21,443,12565.27,441,28.49,12682.19,62.41,6999.83,259,607382,440,4229.77,419
44,2026,22,397,11328.23,393,28.83,11471.71,87.48,6276.03,234,510962,389,3754.19,377
45,2024,1,92,2441.07,92,26.53,2491.76,43.19,1506.75,56,176950,91,655.01,88
45,2024,2,68,1710.96,68,25.16,1740.46,23.0,1303.5,47,96426,67,550.71,64
45,2024,3,72,1920.82,72,26.68,2004.52,12.95,1375.55,50,103130,72,551.99,64
45,2024,4,85,2378.81,85,27.99,2385.39,4.08,1527.71,56,130202,84,702.04,77
45,2024,5,93,2686.02,93,28.88,2719.54,27.52,1568.25,55,206058,92,848.52,88
45,2024,6,98,2814.56,98,28.72,2841.38,20.82,1686.44,60,137626,97,854.98,92
45,2024,7,110,2921.1,109,26.8,2943.04,14.44,1963.01,71,155933,109,892.42,103
45,2024,8,108,2773.37,108,25.68,2790.49,13.62,1605.75,58,154194,107,779.26,99
45,2024,9,125,3146.14,124,25.37,3178.66,15.02,1889.26,71,169897,122,1005.06,118
45,2024,10,127,3252.22,126,25.81,3279.3,20.08,2116.75,78,179731,121,1008.06,117
45,2024,11,115,3212.41,115,27.93,3243.38,23.47,2065.97,76,182389,115,1029.83,114
45,2024,12,123,3407.48,123,27.7,3426.53,10.05,2034.25,74,181843,122,1033.64,120
45,2024,13,143,3735.71,142,26.31,3843.79,26.08,2170.0,83,194165,141,1078.94,133
45,2024,14,108,2909.79,107,27.19,2947.77,13.48,1669.29,65,157746,107,810.71,97
45,2024,15,120,3215.53,119,27.02,3238.74,18.21,1978.5,73,216825,116,955.42,113
45,2024,16,107,2736.37,106,25.81,2757.74,16.37,1683.03,63,149219,103,871.87,98
45,2024,17,114,3041.16,114,26.68,3073.56,15.4,1731.56,65,168890,112,910.67,106
45,2024,18,118,3142.58,118,26.63,3184.29,35.71,1801.51,67,172850,114,890.84,103
45,2024,19,118,2993.53,118,25.37,3016.16,14.13,1667.75,62,190746,114,842.14,108
45,2024,20,112,3069.16,111,27.65,3099.53,23.37,1698.5,63,171834,108,927.05,101
45,2024,21,119,2995.72,119,25.17,3023.71,16.99,1574.36,63,164862,116,908.63,105
45,2024,22,116,3122.81,113,27.64,3129.38,0.07,1627.42,57,179428,113,873.94,99
45,2024,23,105,2786.87,103,27.06,2832.51,21.14,1592.62,60,159016,99,839.65,88
45,2024,24,130,3457.97,129,26.81,3485.23,17.76,2052.5,75,267136,129,1037.13,112
45,2024,25,131,3567.25,131,27.23,3613.0,38.75,1904.19,71,199142,131,1147.99,119
45,2024,26,123,3425.08,122,28.07,3437.27,10.69,1889.54,69,182711,122,1083.1,114
45,2024,27,110,3011.8,110,27.38,3026.18,8.38,1381.75,52,166057,109,925.22,96
45,2024,28,121,3498.75,121,28.92,3543.69,10.19,2023.11,75,186175,121,1074.62,114
45,2024,29,128,3390.22,128,26.49,3437.89,43.67,2187.87,83,249132,128,1066.38,119
45,2024,30,115,3340.33,115,29.05,3363.67,21.84,1930.6,71,180079,115,1059.73,105
45,2024,31,117,3136.57,117,26.81,3220.23,27.16,1945.75,74,161025,116,1000.0,108
45,2024,32,103,2921.93,103,28.37,2940.03,15.6,1280.12,50,148242,103,915.14,94
45,2024,33,117,3217.09,116,27.73,3228.24,7.15,1920.0,71,167950,115,1014.02,107
45,2024,34,120,3299.58,120,27.5,3323.37,15.04,1908.75,77,154056,120,1044.11,113
45,2024,35,140,3867.53,140,27.63,3898.38,16.85,1870.14,72,205950,138,1252.36,129
45,2024,36,120,3277.78,120,27.31,3288.13,9.35,1785.63,72,183194,119,1051.79,114
45,2024,37,118,3300.12,118,27.97,3310.12,2.5,1944.87,70,174812,116,1006.08,103
45,2024,38,104,2862.03,104,27.52,2884.3,10.27,1386.03,53,149520,103,861.9,95
45,2024,39,121,3298.48,121,27.26,3320.27,18.79,1722.11,61,168931,121,1038.14,110
45,2024,40,124,3197.27,124,25.78,3224.67,24.4,1742.25,65,170621,121,1034.91,108
45,2024,41,115,3043.1,114,26.69,3072.67,20.57,1775.71,66,165821,113,936.57,101
45,2024,42,102,2748.19,101,27.21,2770.61,21.42,1424.98,52,151378,100,886.7,93
45,2024,43,116,3041.08,116,26.22,3052.93,8.85,1849.5,71,163524,115,982.01,105
45,2024,44,102,2757.41,102,27.03,2796.36,32.95,1621.25,61,139290,102,924.22,95
45,2024,45,112,2706.36,112,24.16,2719.04,7.68,1706.87,67,153872,112,902.52,104
45,2024,46,106,2885.74,106,27.22,2896.02,7.28,1351.5,51,146314,106,926.49,98
45,2024,47,102,2709.21,102,26.56,2712.91,0.7,1475.66,57,152325,102,906.29,96
45,2024,48,108,3099.25,108,28.7,3107.47,4.72,1585.61,63,160104,108,1032.78,106
45,2024,49,122,2977.32,120,24.81,3013.99,20.17,1871.27,75,165481,119,952.47,112
45,2024,50,94,2388.32,94,25.41,2391.16,0.84,1427.5,55,128680,93,776.25,86
45,2024,51,112,3054.21,111,27.52,3090.47,6.76,1940.93,72,170346,111,1011.41,106
45,2024,52,98,2695.3,98,27.5,2744.19,37.89,1510.14,58,138197,98,899.78,94
45,2025,1,89,2083.7,88,23.68,2127.32,7.62,1098.25,45,111641,86,641.87,80
45,2025,2,117,3040.77,116,26.21,3064.77,7.0,1909.5,70,180848,116,1001.17,109
45,2025,3,110,2949.14,109,27.06,2957.26,4.12,1908.18,72,214486,109,1009.74,108
45,2025,4,104,2846.23,104,27.37,2859.07,6.34,1834.75,71,140595,104,963.68,99
45,2025,5,103,2811.21,103,27.29,2848.16,14.45,1767.83,66,168589,103,926.05,97
45,2025,6,139,3142.45,139,22.61,3158.76,10.81,1881.15,79,187211,137,1000.98,131
45,2025,7,129,3407.29,129,26.41,3441.35,24.06,2339.64,89,194243,129,1129.26,122
45,2025,8,123,3507.95,123,28.52,3552.66,0.21,2347.98,88,176523,122,1130.68,115
45,2025,9,110,2809.19,110,25.54,2821.54,6.35,1649.57,63,162869,110,912.25,105
45,2025,10,138,3667.14,138,26.57,3704.2,28.06,2481.05,92,209048,137,1213.94,132
45,2025,11,114,3199.39,114,28.06,3225.89,22.0,2013.8,75,170982,114,1079.15,109
45,2025,12,126,3629.3,126,28.8,3661.4,19.6,2154.62,78,212071,126,1178.81,121
45,2025,13,126,3263.96,126,25.9,3319.31,28.85,2039.57,74,187687,125,1071.47,117
45,2025,14,113,3050.82,113,27.0,3076.39,5.07,2109.5,77,179269,112,1014.25,107
45,2025,15,151,4291.0,151,28.42,4323.98,20.48,2579.04,97,227053,149,1366.16,145
45,2025,16,148,3906.84,147,26.58,3933.21,12.37,2407.18,92,225085,147,1288.49,143
45,2025,17,121,3451.05,121,28.52,3476.54,7.99,1933.99,72,195997,120,1148.16,116
45,2025,18,118,3348.02,118,28.37,3384.08,29.06,1938.05,76,189220,117,1059.49,113
45,2025,19,119,3255.44,118,27.59,3288.07,21.63,1943.27,76,189085,118,1035.6,115
45,2025,20,135,3717.25,135,27.54,3846.18,29.93,2082.02,85,210797,135,1228.98,131
45,2025,21,131,3837.4,131,29.29,3851.4,2.0,1878.46,73,214591,128,1241.0,120
45,2025,22,156,4037.32,155,26.05,4073.71,21.89,2429.51,97,221267,154,1304.69,144
45,2025,23,135,3586.77,135,26.57,3602.11,7.84,2294.25,84,211704,133,1116.26,124
45,2025,24,135,3849.02,134,28.72,3864.49,4.47,2172.25,85,225452,133,1234.18,129
45,2025,25,141,3752.32,141,26.61,3776.35,13.03,2649.17,96,214023,141,1258.65,133
45,2025,26,119,3344.32,118,28.34,3356.39,3.07,2044.47,79,184006,116,1105.29,115
45,2025,27,124,3613.86,123,29.38,3629.55,6.19,2064.69,80,190756,122,1160.5,118
45,2025,28,132,3606.82,132,27.32,3618.05,4.23,2147.47,83,205300,131,1196.52,125
45,2025,29,137,4121.28,136,30.3,4170.73,34.45,2300.93,85,211585,136,1295.26,127
45,2025,30,127,3049.44,127,24.01,3074.89,14.45,2050.95,82,183915,124,992.74,117
45,2025,31,125,3517.09,125,28.14,3528.59,0.0,1770.97,72,198246,125,1164.59,119
45,2025,32,138,3823.1,138,27.7,3835.27,6.67,2076.39,80,220125,136,1251.04,129
45,2025,33,123,3291.84,123,26.76,3318.22,15.38,1942.65,76,195856,122,1074.81,117
45,2025,34,128,3730.88,128,29.15,3753.91,15.53,2045.38,74,204532,127,1213.15,117
45,2025,35,119,3138.84,118,26.6,3153.28,5.24,1800.05,69,177953,117,1050.37,112
45,2025,36,123,3690.4,122,30.25,3720.22,29.32,1928.23,72,207045,122,1248.69,117
45,2025,37,106,2837.13,106,26.77,2874.05,21.42,1466.31,58,147860,104,909.66,99
45,2025,38,100,2962.12,100,29.62,2990.09,15.47,1621.27,62,158925,99,1012.42,99
45,2025,39,120,3205.45,120,26.71,3210.54,0.09,1905.44,77,176531,119,1057.54,114
45,2025,40,129,3785.54,129,29.35,3801.83,10.29,1906.63,73,228896,128,1282.52,123
45,2025,41,104,3338.58,104,32.1,3368.76,0.18,1592.13,57,174344,104,1029.59,101
45,2025,42,79,2390.07,79,30.25,2391.57,0.0,762.44,32,178256,79,774.17,73
45,2025,43,74,2540.85,74,34.34,2556.85,0.0,991.17,36,136888,74,810.56,72
45,2025,44,77,2304.27,77,29.93,2314.8,9.03,1019.83,38,110136,77,725.98,68
45,2025,45,100,3337.89,100,33.38,3371.24,29.35,1377.62,48,176172,98,1083.23,97
45,2025,46,93,2610.12,93,28.07,2686.47,47.6,871.66,37,141157,91,863.37,85
45,2025,47,91,2744.83,91,30.16,2750.33,3.0,1080.47,44,149456,89,844.99,86
45,2025,48,74,2134.63,74,28.85,2163.3,9.17,855.91,36,102149,74,672.22,71
45,2025,49,107,3224.63,107,30.14,3249.83,16.2,1344.34,55,162935,107,966.74,99
45,2025,50,96,2741.62,95,28.86,2750.12,2.0,1110.71,46,147881,95,859.11,91
45,2025,51,113,3385.32,113,29.96,3391.93,0.11,1226.17,49,218747,111,1015.08,102
45,2025,52,94,2492.97,94,26.52,2534.99,9.77,972.6,40,122055,94,791.83,84
45,2026,1,69,2140.02,69,31.01,2143.09,0.07,1004.44,37,101904,69,663.64,65
45,2026,2,96,2601.25,95,27.38,2611.56,0.81,1128.39,46,175409,91,828.73,83
45,2026,3,79,2172.27,79,27.5,2196.92,20.15,1071.99,42,121431,78,729.91,75
45,2026,4,60,1676.05,60,27.93,1741.95,3.4,745.95,29,85632,60,524.05,56
45,2026,5,79,2315.57,79,29.31,2322.01,3.94,814.03,33,111944,79,720.58,72
45,2026,6,89,2725.11,88,30.97,2769.73,36.62,979.25,42,126551,88,782.82,79
45,2026,7,88,2724.8,88,30.96,2754.17,18.37,912.02,35,141923,86,833.53,80
45,2026,8,103,2852.08,102,27.96,2874.12,19.04,979.74,42,143471,101,864.72,93
45,2026,9,98,3056.71,98,31.19,3070.21,0.0,1214.2,48,159964,98,1054.82,96
45,2026,10,102,2896.7,101,28.68,2945.1,43.9,1315.46,47,213210,101,931.97,91
45,2026,11,108,3026.06,107,28.28,3041.9,11.34,1295.82,48,175101,106,892.69,95
45,2026,12,120,3161.05,120,26.34,3177.39,6.84,1696.24,70,164852,119,1011.65,110
45,2026,13,117,3167.53,117,27.07,3178.1,3.07,1886.93,72,184265,117,1035.48,112
45,2026,14,135,3871.49,135,28.68,3950.23,29.24,1802.4,73,207804,134,1099.65,123
45,2026,15,118,3423.59,118,29.01,3473.52,32.93,1819.74,66,188120,118,1042.37,111
45,2026,16,111,3162.28,111,28.49,3189.39,18.11,1478.84,55,165710,109,947.97,103
45,2026,17,120,3009.1,119,25.29,3041.76,14.21,1589.94,61,153991,117,891.23,101
45,2026,18,111,3058.67,111,27.56,3073.17,7.0,1490.19,56,156809,109,961.46,104
45,2026,19,120,3164.45,120,26.37,3180.87,8.17,1863.67,76,177462,118,1035.54,114
45,2026,20,128,3549.08,128,27.73,3584.21,6.63,1701.79,71,186802,126,1128.74,121
45,2026,21,91,2371.78,91,26.06,2395.63,5.35,1117.55,43,120288,89,739.53,79
45,2026,22,82,2429.75,81,30.0,2483.82,7.07,1172.07,45,126296,81,768.99,77
46,2024,1,197,6666.7,197,33.84,6682.21,7.51,2532.4,85,328735,196,1944.84,187
46,2024,2,224,7037.57,224,31.42,7200.83,68.76,3048.13,104,372247,222,1902.48,194
46,2024,3,218,7356.24,218,33.74,7376.07,14.33,3356.35,113,379747,211,2191.0,199
46,2024,4,247,7552.21,245,30.83,7591.34,27.12,3665.19,126,417453,239,2178.63,226
46,2024,5,271,8548.66,270,31.66,17472.63,16.09,3500.5,121,441252,267,2431.85,240
46,2024,6,257,8036.78,257,31.27,8085.77,38.99,4078.98,140,425858,252,2488.33,241
46,2024,7,258,7860.29,258,30.47,7924.08,42.29,3758.02,130,409387,253,2314.66,227
46,2024,8,279,8047.98,279,28.85,8165.02,14.04,4234.27,151,425758,273,2488.52,251
46,2024,9,261,7625.16,260,29.33,7693.74,49.83,3378.92,122,377463,251,2200.38,227
46,2024,10,267,8157.52,267,30.55,8268.93,48.41,3767.26,141,465514,261,2386.2,244
46,2024,11,270,8048.63,269,29.92,8245.94,23.31,3957.72,141,444731,264,2463.65,253
46,2024,12,282,8222.78,281,29.26,8327.04,50.76,4686.46,169,449257,279,2538.75,258
46,2024,13,252,7431.67,250,29.73,7541.62,28.95,3627.57,131,402988,247,2263.9,235
46,2024,14,275,8218.66,272,30.22,8281.64,29.48,3577.93,135,411086,268,2458.78,248
46,2024,15,227,6934.47,227,30.55,6982.78,22.81,3544.28,127,372272,225,2119.68,210
46,2024,16,294,8828.03,294,30.03,8944.24,39.71,4547.14,163,483921,290,2664.88,268
46,2024,17,263,7707.16,259,29.76,7860.9,30.49,3858.6,142,410600,255,2363.53,238
46,2024,18,281,8253.16,279,29.58,8306.53,26.12,4285.59,157,453765,277,2305.52,253
46,2024,19,277,8056.43,276,29.19,8105.48,28.8,4125.69,154,447431,271,2364.51,247
46,2024,20,266,8270.19,266,31.09,8442.1,45.41,3921.11,142,477601,264,2434.25,241
46,2024,21,276,8531.1,276,30.91,8616.44,71.34,4449.56,160,434102,273,2575.55,261
46,2024,22,285,8423.37,285,29.56,8580.62,59.75,4421.75,158,471518,279,2492.05,250
46,2024,23,299,8825.78,296,29.82,8888.81,48.03,4249.58,152,517691,292,2649.42,275
46,2024,24,291,8701.55,290,30.01,8832.43,64.38,3828.84,144,538475,285,2692.13,267
46,2024,25,286,8611.61,280,30.76,8816.99,183.38,4743.61,162,469720,280,2665.66,266
46,2024,26,301,8691.63,299,29.07,8763.65,52.02,4564.12,167,467368,296,2736.95,281
46,2024,27,294,8451.42,290,29.14,8611.25,67.83,4366.48,158,453452,284,2581.11,259
46,2024,28,306,9190.74,306,30.04,9286.13,66.89,3927.53,142,482558,303,2743.57,275
46,2024,29,297,8976.97,297,30.23,9141.3,82.83,4303.46,157,464975,296,2791.04,271
46,2024,30,293,8793.7,293,30.01,8927.4,105.7,4635.16,162,487633,291,2810.76,272
46,2024,31,272,8111.34,271,29.93,8199.93,33.09,4182.78,158,422762,270,2532.55,254
46,2024,32,268,7682.37,265,28.99,7755.56,53.69,4286.06,155,418310,263,2537.41,255
46,2024,33,277,7858.51,276,28.47,7902.01,35.0,3751.53,144,426785,274,2555.58,258
46,2024,34,266,8023.0,266,30.16,8090.85,55.85,4285.18,159,414317,263,2524.04,252
46,2024,35,299,9203.72,297,30.99,9274.81,62.09,4358.2,155,472413,293,2939.76,278
46,2024,36,283,8308.22,281,29.57,8406.82,43.85,4196.51,154,433694,281,2650.26,258
46,2024,37,323,9328.73,323,28.88,9424.81,72.08,4968.79,188,479008,320,2977.24,308
46,2024,38,299,8929.89,298,29.97,9037.66,77.27,4407.95,158,467318,295,2831.37,279
46,2024,39,292,8480.45,288,29.45,8606.44,94.49,4706.35,168,456826,286,2704.07,276
46,2024,40,303,9218.88,301,30.63,9328.9,84.27,4769.96,169,473499,296,2974.88,280
46,2024,41,277,8668.62,276,31.41,8756.37,44.0,4051.79,142,490190,275,2818.19,260
46,2024,42,292,8713.03,289,30.15,8915.07,85.54,4265.2,160,514819,285,2840.15,280
46,2024,43,274,7817.05,274,28.53,7885.22,30.17,4151.69,153,408140,272,2531.06,256
46,2024,44,278,7898.25,275,28.72,8032.68,69.43,4404.35,160,428476,272,2608.55,261
46,2024,45,227,7098.55,227,31.27,7147.79,23.24,3657.52,129,350018,225,2348.84,218
46,2024,46,283,8109.12,280,28.96,8173.42,37.3,4327.73,157,428183,279,2659.68,271
46,2024,47,266,7998.58,263,30.41,8094.31,47.23,4253.28,158,418655,263,2607.17,253
46,2024,48,270,8042.96,267,30.12,8124.58,67.12,4603.0,164,392655,266,2678.79,255
46,2024,49,261,7976.4,261,30.56,8018.43,15.28,4153.07,151,402943,259,2558.24,245
46,2024,50,239,7323.36,238,30.77,7396.21,26.85,3454.4,129,385066,238,2442.04,230
46,2024,51,250,7787.26,249,31.27,7816.9,0.14,3757.84,133,379172,244,2562.14,238
46,2024,52,212,6599.94,210,31.43,6650.33,21.39,3240.23,117,310041,210,2239.17,205
46,2025,1,208,6187.45,207,29.89,6215.51,16.56,3217.44,117,295046,205,2020.77,199
46,2025,2,243,7035.88,242,29.07,7109.68,55.8,3609.04,135,354629,239,2309.74,225
46,2025,3,245,7569.91,242,31.28,7611.8,8.39,3475.54,126,367193,238,2484.68,225
46,2025,4,214,6287.09,213,29.52,6351.7,50.61,3202.79,116,311138,212,2136.2,207
46,2025,5,236,6503.93,234,27.79,6535.05,6.12,3607.31,132,354617,233,2221.47,223
46,2025,6,290,7899.26,289,27.33,7933.9,22.64,4203.93,158,416869,289,2689.48,277
46,2025,7,288,8380.31,288,29.1,8439.07,40.76,4375.76,158,478133,285,2729.18,265
46,2025,8,279,7844.31,276,28.42,7939.04,23.23,4417.77,161,392740,274,2631.78,257
46,2025,9,279,8224.44,279,29.48,8271.15,34.16,4466.47,160,407353,276,2691.02,266
46,2025,10,287,8601.07,287,29.97,8670.09,25.0,4404.11,157,437003,284,2841.22,269
46,2025,11,313,8940.29,312,28.65,8986.89,8.6,4922.89,183,457014,310,2975.86,300
46,2025,12,293,9081.26,291,31.21,9147.9,33.64,4514.94,170,439988,288,2860.13,278
46,2025,13,287,9060.69,287,31.57,9094.01,3.82,4192.83,154,436724,283,3000.98,274
46,2025,14,276,8085.51,275,29.4,8139.0,13.49,3951.9,151,408143,274,2662.45,258
46,2025,15,312,9164.39,312,29.37,9215.69,15.8,4802.25,174,468507,311,3062.72,293
46,2025,16,281,8645.58,280,30.88,8716.7,13.12,3774.12,142,427527,280,2844.62,268
46,2025,17,277,8303.18,277,29.98,8438.15,16.47,3913.23,145,417342,276,2738.24,265
46,2025,18,275,8289.32,275,30.14,8341.16,21.34,3778.07,145,445825,273,2682.4,261
46,2025,19,279,8561.74,278,30.8,8614.65,24.91,4239.76,156,452873,277,2812.09,269
46,2025,20,284,8812.43,284,31.03,8856.35,21.92,4658.49,164,509596,283,2869.94,270
46,2025,21,273,8267.16,272,30.39,8321.08,18.92,4455.43,164,476966,269,2633.95,259
46,2025,22,255,7518.1,255,29.48,7565.35,12.75,3934.82,150,378756,252,2459.09,245
46,2025,23,290,9010.03,290,31.07,9071.78,15.25,4322.55,162,445109,288,2885.94,282
46,2025,24,281,8420.8,279,30.18,8488.27,34.47,4475.96,163,416342,276,2734.91,266
46,2025,25,316,9199.01,316,29.11,9251.91,2.9,4557.98,167,474770,310,2968.17,296
46,2025,26,273,8239.6,273,30.18,8303.21,29.61,3789.39,141,408185,270,2565.47,255
46,2025,27,260,7638.43,260,29.38,7676.53,14.22,3973.01,144,399747,255,2505.08,245
46,2025,28,276,8228.04,275,29.92,8334.82,25.78,4246.64,156,420384,271,2711.33,259
46,2025,29,296,9318.71,296,31.48,9367.64,19.43,4528.41,163,479609,291,3101.96,275
46,2025,30,277,8060.1,276,29.2,8119.19,26.59,3869.12,139,407732,271,2567.54,249
46,2025,31,289,8726.56,288,30.3,8792.42,28.36,3809.05,144,447352,283,2853.54,263
46,2025,32,297,8031.37,296,27.13,8065.96,13.59,4380.27,163,401071,291,2660.31,271
46,2025,33,295,8776.87,294,29.85,8841.35,23.48,4319.74,157,442556,290,2901.87,271
46,2025,34,284,7980.36,284,28.1,8045.45,20.59,4040.44,153,435983,276,2673.26,265
46,2025,35,282,8294.85,282,29.41,8330.96,20.61,4019.9,151,453666,281,2808.17,266
46,2025,36,251,7489.74,251,29.84,7524.26,27.52,3448.06,129,386010,248,2462.98,233
46,2025,37,272,8030.63,271,29.63,8072.6,29.96,3594.11,130,446285,269,2588.97,246
46,2025,38,287,9032.46,287,31.47,9058.5,13.54,3789.73,136,447314,284,2912.84,263
46,2025,39,287,8659.89,284,30.49,8726.69,22.8,4058.44,146,435227,283,2796.23,268
46,2025,40,253,7972.24,252,31.64,8111.1,31.11,3105.09,112,405117,249,2552.98,227
46,2025,41,200,6284.95,200,31.42,6344.35,4.25,1874.07,78,320644,197,1995.7,183
46,2025,42,154,5362.14,154,34.82,5380.26,4.12,1513.25,57,259493,152,1679.41,141
46,2025,43,180,6047.99,179,33.79,6101.18,22.44,1771.47,66,287512,178,1861.85,163
46,2025,44,187,6262.8,187,33.49,6292.06,19.76,2023.47,74,300978,185,1985.0,171
46,2025,45,205,6357.73,204,31.17,6433.12,5.14,2435.07,92,316387,204,2068.07,189
46,2025,46,219,7355.63,219,33.59,7412.38,12.25,2829.99,101,361785,218,2330.85,205
46,2025,47,188,6027.81,185,32.58,6075.96,9.4,2096.68,83,309207,183,1935.61,170
46,2025,48,153,5436.28,152,35.77,5470.36,21.08,2154.34,76,237458,149,1708.38,140
46,2025,49,214,6960.06,212,32.83,6982.74,6.18,2482.58,95,365910,212,2078.18,193
46,2025,50,212,6879.56,211,32.6,6898.6,6.54,2719.33,103,348573,211,2142.52,197
46,2025,51,236,7909.14,235,33.66,7976.18,31.29,2662.37,105,364568,233,2377.26,219
46,2025,52,131,4105.0,131,31.34,4132.95,6.45,1455.24,62,198643,129,1308.44,123
46,2026,1,135,4250.27,135,31.48,4314.6,9.83,1654.53,67,265305,133,1402.92,126
46,2026,2,194,6518.17,193,33.77,6569.71,6.79,2064.04,81,292081,193,2038.75,181
46,2026,3,182,6148.89,182,33.79,6182.64,0.0,2298.05,82,292234,181,1968.77,173
46,2026,4,143,4857.26,142,34.21,4878.75,9.99,1645.97,60,238563,141,1592.46,137
46,2026,5,195,6762.7,195,34.68,6885.77,14.57,2494.27,90,328645,193,2247.19,179
46,2026,6,184,6335.69,183,34.62,6395.39,5.2,2086.09,82,297596,182,2018.09,169
46,2026,7,184,6061.11,184,32.94,6181.77,23.66,2596.24,97,288699,184,1957.05,170
46,2026,8,206,7166.78,205,34.96,7290.95,22.17,2304.48,90,353012,202,2277.87,191
46,2026,9,178,6314.86,178,35.48,6363.91,16.3,1995.95,73,291077,178,2052.04,170
46,2026,10,193,6081.48,193,31.51,6104.4,10.92,1978.59,79,307721,193,1911.16,182
46,2026,11,189,5942.31,189,31.44,6018.51,10.45,1930.35,76,280643,187,1871.04,177
46,2026,12,178,5723.03,178,32.15,5769.5,12.22,2126.29,86,257204,177,1717.86,166
46,2026,13,158,5493.52,158,34.77,5529.23,24.71,2014.69,76,245686,157,1757.83,152
46,2026,14,195,6295.43,194,32.45,6317.38,6.45,2406.34,89,313351,190,1979.09,180
46,2026,15,165,5291.51,165,32.07,5310.51,0.0,2098.3,75,261835,165,1736.16,160
46,2026,16,214,7199.59,214,33.64,7246.92,21.33,2736.91,96,358223,212,2238.64,197
46,2026,17,190,6087.87,187,32.56,6149.12,16.75,2410.52,87,290870,185,1779.84,177
46,2026,18,174,5906.12,173,34.14,5941.83,21.46,2026.82,80,302438,172,1794.16,165
46,2026,19,220,7141.52,220,32.46,7219.92,19.8,2867.91,106,360059,220,2302.87,213
46,2026,20,201,6032.06,200,30.16,6135.6,7.79,2455.11,98,321821,196,1916.54,188
46,2026,21,142,4594.87,142,32.36,4628.56,18.69,1959.07,72,225820,142,1398.47,139
46,2026,22,164,4956.19,162,30.59,5007.83,37.14,2287.42,88,234616,160,1543.14,156
47,2024,1,42,1667.43,41,40.67,1676.83,8.4,420.96,17,55146,40,420.46,37
47,2024,2,45,1622.4,45,36.05,1646.49,23.59,677.82,25,70258,45,493.18,42
47,2024,3,36,1437.45,36,39.93,1440.45,3.0,483.25,18,54961,36,398.57,36
47,2024,4,37,1225.29,37,33.12,1232.51,6.22,628.5,24,51258,36,344.6,34
47,2024,5,65,2492.16,65,38.34,2499.18,5.02,848.5,32,93773,65,688.21,61
47,2024,6,55,1868.46,55,33.97,1870.53,0.07,810.75,31,95160,55,550.84,55
47,2024,7,50,1940.05,50,38.8,1959.28,18.23,645.25,26,75300,49,533.54,48
47,2024,8,57,2371.39,57,41.6,2438.14,0.0,534.75,22,76968,55,714.22,54
47,2024,9,47,1505.84,47,32.04,1540.93,34.59,812.74,30,72239,47,476.4,47
47,2024,10,60,2359.46,60,39.32,2383.52,12.06,838.0,32,100339,58,664.14,58
47,2024,11,48,1550.21,48,32.3,1556.96,6.25,777.0,31,63703,48,459.89,48
47,2024,12,48,1731.74,48,36.08,1738.01,3.77,614.5,23,68824,48,465.01,44
47,2024,13,39,1671.74,39,42.87,1680.26,6.52,392.84,15,52068,39,421.35,35
47,2024,14,47,1527.42,46,33.2,1536.62,3.7,438.25,21,60295,46,383.0,39
47,2024,15,47,1336.92,47,28.45,1362.62,20.2,684.5,28,63257,46,422.1,43
47,2024,16,50,2249.95,50,45.0,2289.7,25.25,654.5,23,84800,50,634.24,49
47,2024,17,59,2564.96,59,43.47,2569.91,3.95,596.08,24,97620,59,660.1,56
47,2024,18,52,2136.75,52,41.09,2150.89,14.14,618.25,22,87086,51,646.89,51
47,2024,19,48,1868.16,47,39.75,1868.16,0.0,641.0,25,83211,47,592.76,45
47,2024,20,54,2311.84,54,42.81,2319.84,0.0,605.75,24,87019,53,639.46,51
47,2024,21,58,2484.42,58,42.83,2501.51,15.59,825.27,30,100376,58,747.95,54
47,2024,22,37,1710.42,37,46.23,1712.22,0.8,830.8,20,76746,37,698.21,36
47,2024,23,43,1902.84,43,44.25,1902.84,0.0,439.75,16,75188,43,531.99,43
47,2024,24,42,1443.49,42,34.37,1486.99,0.0,299.75,13,59142,41,412.48,37
47,2024,25,44,2059.36,44,46.8,2072.33,12.97,501.68,16,74717,44,506.29,40
47,2024,26,47,2423.81,47,51.57,2459.75,8.94,384.0,15,79252,47,563.46,42
47,2024,27,28,1221.1,28,43.61,1221.1,0.0,234.0,9,38488,28,310.64,25
47,2024,28,35,1418.9,35,40.54,1420.9,0.0,403.75,14,59891,35,396.19,35
47,2024,29,28,1377.98,28,49.21,1378.48,0.0,442.25,15,43882,27,385.97,27
47,2024,30,41,1972.87,41,48.12,1981.12,4.25,263.0,12,70057,41,544.74,38
47,2024,31,27,1489.97,27,55.18,1490.97,0.0,230.25,8,48309,27,406.76,24
47,2024,32,21,1007.39,21,47.97,1007.39,0.0,365.0,12,29833,21,263.98,17
47,2024,33,31,1263.18,31,40.75,1263.18,0.0,428.25,14,55839,31,433.39,29
47,2024,34,36,1495.35,36,41.54,1515.47,17.62,461.25,18,52308,36,365.27,34
47,2024,35,43,1488.37,43,34.61,1492.67,3.3,433.0,18,100047,43,412.84,43
47,2024,36,31,1028.76,31,33.19,1030.76,0.0,440.25,17,49134,31,333.25,30
47,2024,37,38,1403.5,38,36.93,1404.5,0.0,408.75,17,63298,38,432.5,35
47,2024,38,40,1259.25,40,31.48,1263.85,4.6,427.5,19,52163,40,316.51,36
47,2024,39,43,1546.21,43,35.96,1548.17,1.96,538.75,21,69502,43,442.2,39
47,2024,40,65,2473.93,65,38.06,2484.2,8.19,690.5,29,99690,65,656.3,61
47,2024,41,53,2320.94,53,43.79,2327.11,6.17,592.75,22,87630,53,664.28,51
47,2024,42,50,1692.08,50,33.84,1694.38,0.8,744.0,28,78112,50,511.13,49
47,2024,43,44,1670.76,44,37.97,1678.47,6.71,494.0,20,61781,44,402.01,39
47,2024,44,47,1768.49,47,37.63,1779.74,8.25,679.5,26,78314,47,536.55,47
47,2024,45,40,1471.21,40,36.78,1476.06,3.85,622.25,23,67763,40,453.34,39
47,2024,46,40,1570.08,40,39.25,1572.08,0.0,893.75,31,67467,40,490.19,40
47,2024,47,42,1543.09,42,36.74,1546.59,0.0,612.0,22,62995,42,443.39,41
47,2024,48,35,1187.41,34,34.92,1196.73,7.32,386.55,14,56069,34,348.62,33
47,2024,49,45,1334.26,45,29.65,1336.61,2.35,751.25,30,63611,45,390.99,43
47,2024,50,49,2140.62,49,43.69,2140.62,0.0,583.75,21,74543,49,579.81,44
47,2024,51,40,1418.95,40,35.47,1426.25,5.3,555.64,21,53428,40,413.92,38
47,2024,52,28,1508.65,28,53.88,1509.65,0.0,268.52,9,46480,28,386.56,25
47,2025,1,30,1155.71,30,38.52,1157.71,0.0,426.75,14,38916,28,380.82,28
47,2025,2,45,1510.05,45,33.56,1513.75,1.7,610.75,23,62293,45,412.27,41
47,2025,3,52,1906.7,52,36.67,1919.95,12.25,725.39,28,87152,52,526.73,49
47,2025,4,35,983.06,35,28.09,983.06,0.0,659.25,25,50965,35,321.99,34
47,2025,5,53,1886.48,53,35.59,1886.48,0.0,670.25,25,68564,53,515.5,51
47,2025,6,52,1717.53,51,33.68,1721.38,3.35,888.93,33,79847,51,534.38,49
47,2025,7,49,1526.07,49,31.14,1533.57,4.0,659.2,27,66536,49,405.9,47
47,2025,8,48,1994.54,48,41.55,1995.04,0.0,720.65,25,74103,48,550.49,47
47,2025,9,54,2135.65,54,39.55,2137.65,0.0,714.07,27,84850,54,634.49,54
47,2025,10,47,1235.33,47,26.28,1237.6,0.77,637.33,26,66916,47,353.06,44
47,2025,11,53,1832.0,53,34.57,1835.0,0.0,721.94,27,92321,53,571.78,50
47,2025,12,55,1858.8,55,33.8,1861.87,0.07,822.61,32,106789,55,575.29,54
47,2025,13,47,2177.3,47,46.33,2181.86,4.56,714.25,24,76549,47,679.03,47
47,2025,14,38,1550.0,38,40.79,1557.8,6.8,584.9,22,62218,38,434.31,38
47,2025,15,44,1657.18,44,37.66,1666.13,7.45,470.7,19,63634,44,432.36,42
47,2025,16,51,1657.71,50,33.15,1662.21,0.0,843.93,34,72448,50,496.47,48
47,2025,17,41,1795.55,41,43.79,1809.29,13.24,588.75,21,68981,41,526.99,41
47,2025,18,46,1791.3,46,38.94,1794.57,0.77,560.21,22,72080,46,477.58,43
47,2025,19,54,1980.09,54,36.67,1982.69,1.6,730.37,28,80212,54,605.71,53
47,2025,20,62,2691.29,62,43.41,2691.29,0.0,865.5,31,96907,62,685.64,62
47,2025,21,43,1500.48,43,34.89,1501.48,0.0,602.88,25,59609,43,418.16,41
47,2025,22,67,2326.19,66,35.25,2367.59,14.9,754.25,29,90889,65,664.6,62
47,2025,23,54,1547.24,53,29.19,1574.57,25.33,879.84,34,76441,53,446.17,48
47,2025,24,47,1680.15,47,35.75,1681.23,0.0,723.81,26,72736,47,511.5,45
47,2025,25,35,1273.85,35,36.4,1274.92,0.07,462.49,18,53238,35,357.98,32
47,2025,26,43,1520.14,43,35.35,1520.64,0.0,739.82,27,67953,43,469.61,42
47,2025,27,45,1332.76,45,29.62,1339.39,5.13,503.3,20,64454,45,435.51,43
47,2025,28,43,1509.05,43,35.09,1509.05,0.0,426.75,16,63000,43,385.2,38
47,2025,29,34,1507.59,34,44.34,1513.39,5.8,490.25,17,57056,34,441.17,32
47,2025,30,31,1123.28,31,36.23,1123.78,0.0,256.31,10,41848,31,305.78,30
47,2025,31,47,1767.71,47,37.61,1772.41,4.7,635.5,24,73917,47,505.87,41
47,2025,32,43,1918.49,43,44.62,1924.84,6.35,517.5,20,65691,43,491.75,41
47,2025,33,48,1822.86,48,37.98,1836.97,12.11,545.0,21,70722,48,528.83,44
47,2025,34,64,2309.03,64,36.08,2325.1,13.57,707.25,29,100971,64,649.63,58
47,2025,35,54,1719.75,54,31.85,1731.2,9.95,602.74,20,79114,53,463.45,47
47,2025,36,50,1581.73,50,31.63,1585.9,3.17,521.5,22,68354,49,465.47,44
47,2025,37,54,1762.04,54,32.63,1762.54,0.0,686.43,26,91956,54,514.21,49
47,2025,38,57,2188.45,57,38.39,2191.15,0.7,520.9,23,75991,57,596.2,52
47,2025,39,49,1626.43,49,33.19,1627.43,0.0,635.75,24,67329,49,444.09,45
47,2025,40,59,1976.74,58,34.08,1990.7,13.46,595.82,23,75104,58,597.4,54
47,2025,41,45,1856.3,45,41.25,1856.37,0.07,473.0,17,66280,45,531.82,43
47,2025,42,53,2055.43,53,38.78,2062.23,5.8,431.06,19,79629,53,605.49,50
47,2025,43,37,1639.28,37,44.3,1639.28,0.0,210.5,8,57305,37,439.25,37
47,2025,44,45,1889.93,45,42.0,1890.43,0.0,193.5,7,66512,45,474.01,40
47,2025,45,37,1175.73,37,31.78,1182.23,0.0,387.06,20,48433,37,336.05,37
47,2025,46,38,1465.01,37,39.59,1466.05,0.04,511.04,19,56651,37,432.14,36
47,2025,47,62,2336.13,62,37.68,2337.21,0.08,541.82,25,93528,62,661.58,58
47,2025,48,42,1892.08,42,45.05,1900.79,7.21,303.48,13,69857,42,557.09,37
47,2025,49,44,1765.62,44,40.13,1776.07,8.95,534.7,22,70991,44,529.92,43
47,2025,50,45,1782.55,45,39.61,1787.45,3.4,382.14,18,71371,45,530.56,44
47,2025,51,40,1614.33,40,40.36,1623.53,7.7,221.06,12,57625,40,423.76,37
47,2025,52,22,1015.98,22,46.18,1016.48,0.0,240.25,8,39250,22,343.3,21
47,2026,1,18,832.14,18,46.23,832.14,0.0,140.75,7,30010,18,232.94,17
47,2026,2,49,1854.12,49,37.84,1855.69,0.07,531.6,21,67106,48,517.43,49
47,2026,3,38,1508.24,37,40.76,1509.24,0.0,218.06,10,55721,35,388.76,34
47,2026,4,25,1018.96,25,40.76,1021.96,3.0,160.0,8,30703,25,256.49,24
47,2026,5,41,1480.2,41,36.1,1480.77,0.07,436.3,19,58938,41,387.38,39
47,2026,6,43,1777.54,43,41.34,1786.54,9.0,622.75,20,65371,42,542.97,41
47,2026,7,53,1904.99,53,35.94,1905.99,0.0,574.0,22,73551,53,546.68,49
47,2026,8,44,1960.61,44,44.56,1961.68,0.07,463.25,17,73879,44,618.77,44
47,2026,9,34,1179.64,34,34.7,1183.64,2.0,276.72,14,49366,34,346.07,34
47,2026,10,37,1527.99,37,41.3,1528.49,0.0,436.37,16,56625,37,464.32,36
47,2026,11,54,1892.47,54,35.05,1900.69,7.22,653.47,27,71704,54,511.9,49
47,2026,12,38,1244.69,38,32.75,1263.73,16.54,426.25,18,47560,38,353.61,36
47,2026,13,28,1231.24,28,43.97,1231.74,0.0,183.75,7,44884,28,331.55,27
47,2026,14,29,1217.4,29,41.98,1225.72,8.32,314.25,12,45415,29,341.69,28
47,2026,15,48,1574.48,48,32.8,1576.55,0.07,476.65,21,66745,48,496.15,45
47,2026,16,47,1965.84,47,41.83,1968.35,0.0,443.33,15,76849,47,636.98,47
47,2026,17,31,1139.76,31,36.77,1139.83,0.07,306.25,12,50431,31,364.54,30
47,2026,18,45,1473.61,45,32.75,1499.08,24.97,595.75,20,64761,45,409.42,41
47,2026,19,49,1730.92,49,35.32,1735.42,0.0,461.05,24,78373,49,541.27,47
47,2026,20,66,2490.19,66,37.73,2493.19,0.0,656.25,26,97105,66,746.17,63
47,2026,21,46,1853.53,46,40.29,1865.53,9.0,578.25,22,77761,46,521.32,39
47,2026,22,42,1573.14,42,37.46,1576.14,0.0,395.73,15,74724,42,430.07,41
48,2024,1,114,3232.55,114,28.36,3262.26,21.71,1196.94,49,145632,112,839.22,105
48,2024,2,120,3507.98,120,29.23,3532.99,15.01,1924.42,69,177482,117,1055.63,108
48,2024,3,109,3234.81,109,29.68,3252.48,15.67,1748.25,61,162422,106,1000.49,96
48,2024,4,109,3256.9,108,30.16,3274.47,0.07,1588.25,58,169450,108,969.26,92
48,2024,5,159,4503.22,159,28.32,4542.04,21.07,2173.79,84,223658,155,1313.45,136
48,2024,6,152,4289.79,152,28.22,4323.99,21.7,2296.75,86,218636,147,1258.6,139
48,2024,7,151,4307.44,150,28.72,4366.65,42.46,2217.75,80,217795,146,1275.44,135
48,2024,8,172,4914.37,172,28.57,4943.55,21.18,2402.86,88,264938,166,1522.26,157
48,2024,9,195,5295.51,194,27.3,5330.4,21.89,2344.5,92,268812,190,1399.39,163
48,2024,10,169,4772.04,169,28.24,4797.21,20.17,2597.64,92,243244,163,1448.22,154
48,2024,11,178,4885.36,177,27.6,4971.41,60.05,2953.44,111,264285,173,1435.52,158
48,2024,12,189,5144.57,189,27.22,5227.12,9.3,2902.17,110,287058,187,1544.03,171
48,2024,13,160,4255.07,158,26.93,4330.95,18.38,2396.78,91,234998,155,1354.41,144
48,2024,14,203,5555.67,203,27.37,5620.17,36.5,3383.25,124,315025,195,1709.24,187
48,2024,15,153,4363.75,153,28.52,4432.41,33.66,2478.75,88,274784,149,1351.76,139
48,2024,16,215,6086.3,214,28.44,6240.26,75.46,3596.87,131,329812,212,1822.53,199
48,2024,17,194,5086.92,194,26.22,5164.07,56.4,2877.5,114,276123,192,1515.22,178
48,2024,18,172,4615.42,171,26.99,4693.41,42.49,2733.93,104,257775,166,1429.19,153
48,2024,19,177,4865.54,175,27.8,4930.98,28.44,2853.1,104,300003,174,1509.54,163
48,2024,20,197,5066.64,192,26.39,5111.53,8.14,2721.47,104,274686,184,1534.38,173
48,2024,21,189,5019.39,189,26.56,5068.42,31.53,2816.62,106,261627,186,1527.55,164
48,2024,22,156,4095.27,155,26.42,4210.25,64.98,2667.42,100,231656,154,1221.36,135
48,2024,23,166,4542.73,165,27.53,4589.96,32.23,2674.57,101,266222,162,1364.8,144
48,2024,24,170,4804.05,169,28.43,4851.89,19.84,2673.63,99,259790,168,1463.89,155
48,2024,25,150,4176.43,149,28.03,4238.34,46.41,2421.84,89,224753,147,1326.83,133
48,2024,26,174,4907.03,173,28.36,5007.77,31.24,2907.01,107,271351,171,1516.58,153
48,2024,27,161,4501.12,160,28.13,4580.29,30.17,2380.39,93,225650,159,1381.12,139
48,2024,28,143,3511.25,140,25.08,3608.99,10.14,1938.41,77,250604,136,1108.24,119
48,2024,29,166,4506.3,166,27.15,4574.37,29.07,2928.16,107,241049,166,1502.3,151
48,2024,30,182,5122.86,181,28.3,5197.4,60.04,2841.19,104,251716,179,1545.47,161
48,2024,31,159,4449.93,159,27.99,4473.16,11.73,2530.53,93,263590,157,1366.65,146
48,2024,32,157,4569.09,157,29.1,4645.95,51.61,2405.04,88,236574,156,1452.92,148
48,2024,33,165,4679.87,165,28.36,4737.45,28.58,2838.5,103,241011,163,1566.75,156
48,2024,34,152,3963.46,152,26.08,4044.02,53.56,2340.42,91,206496,149,1300.13,138
48,2024,35,172,5351.17,172,31.11,5408.6,40.93,2407.4,86,269098,172,1691.24,162
48,2024,36,165,4779.18,164,29.14,4872.76,60.58,2865.39,105,257011,162,1511.46,146
48,2024,37,183,5077.91,183,27.75,5166.8,43.89,2506.62,98,276614,183,1567.92,168
48,2024,38,205,5657.9,202,28.01,5705.39,24.99,3089.71,113,291181,199,1730.19,180
48,2024,39,168,4697.83,168,27.96,4721.55,12.72,2677.76,100,256031,168,1430.03,156
48,2024,40,186,4970.33,186,26.72,5070.33,52.5,2751.86,98,276763,185,1531.25,163
48,2024,41,216,5776.09,215,26.87,5829.71,16.87,3094.5,118,303358,213,1881.78,195
48,2024,42,164,4662.72,163,28.61,4768.87,28.15,2512.04,91,243645,162,1509.22,155
48,2024,43,154,4091.89,154,26.57,4159.35,18.21,2270.5,87,221931,154,1331.99,141
48,2024,44,186,4653.75,184,25.29,4700.62,7.87,2754.25,102,257586,181,1458.82,168
48,2024,45,166,4350.74,166,26.21,4387.3,14.06,2516.2,94,235495,165,1381.71,155
48,2024,46,166,4293.3,166,25.86,4337.32,23.02,2709.89,99,246335,166,1420.31,157
48,2024,47,169,4421.14,169,26.16,4467.3,17.41,2778.68,104,250816,168,1434.01,159
48,2024,48,136,3728.37,136,27.41,3753.49,12.12,2114.73,81,176078,135,1183.95,129
48,2024,49,179,4588.26,178,25.78,4632.65,14.89,2860.72,107,240299,177,1567.58,164
48,2024,50,177,4697.37,177,26.54,4745.31,23.94,3109.51,111,240557,175,1608.19,166
48,2024,51,182,4949.64,181,27.35,5032.48,38.84,2994.02,109,266553,179,1565.17,160
48,2024,52,116,3153.99,116,27.19,3189.49,0.0,1633.5,60,154746,114,987.35,103
48,2025,1,111,3122.91,109,28.65,3130.91,2.0,1811.75,65,172562,109,1057.88,105
48,2025,2,142,3789.71,141,26.88,3839.31,13.6,2442.06,92,199974,140,1295.85,133
48,2025,3,162,4262.55,162,26.31,4284.89,18.34,2312.11,93,230888,161,1336.86,147
48,2025,4,127,3602.28,127,28.36,3616.62,11.34,2024.89,73,199166,125,1147.52,123
48,2025,5,134,3924.2,134,29.29,3971.64,19.94,1885.25,75,194841,134,1300.72,127
48,2025,6,161,4438.22,161,27.57,4474.81,26.09,2600.2,99,224355,161,1438.41,150
48,2025,7,118,3362.68,118,28.5,3378.71,10.53,1984.35,74,172909,118,1106.77,111
48,2025,8,143,3838.77,141,27.23,3861.31,13.04,2254.32,86,193891,139,1232.82,133
48,2025,9,189,5084.73,188,27.05,5106.73,11.5,2808.03,102,275718,181,1640.16,170
48,2025,10,164,4503.4,163,27.63,4555.3,39.4,2330.22,90,220838,162,1375.94,151
48,2025,11,163,4369.51,162,26.97,4382.65,4.14,2499.13,94,279555,161,1432.7,153
48,2025,12,140,4083.91,140,29.17,4106.53,15.62,2199.93,80,226850,140,1351.44,133
48,2025,13,167,4428.23,166,26.68,4476.89,32.66,2866.85,109,214212,163,1475.81,154
48,2025,14,148,3947.8,147,26.86,3993.32,14.52,2710.19,100,206638,145,1336.97,137
48,2025,15,163,4559.88,163,27.97,4615.75,22.87,2438.52,94,226222,162,1498.07,152
48,2025,16,178,5016.06,177,28.34,5048.17,24.11,3020.05,106,253260,174,1679.53,166
48,2025,17,156,4388.93,156,28.13,4424.9,26.97,2492.96,95,210353,155,1435.74,147
48,2025,18,172,4391.55,172,25.53,4445.91,35.36,2654.99,110,234038,171,1429.47,159
48,2025,19,184,5083.42,183,27.78,5121.49,32.57,3074.8,115,262632,181,1692.56,167
48,2025,20,184,5048.67,183,27.59,5164.34,55.67,2975.86,111,269048,180,1675.14,167
48,2025,21,197,5618.4,196,28.67,5662.39,18.49,2894.63,108,303601,195,1808.36,183
48,2025,22,178,4758.71,177,26.89,4816.45,31.24,3106.51,116,263787,177,1593.54,169
48,2025,23,159,4733.76,158,29.96,4762.61,17.35,3025.48,111,245824,157,1574.28,154
48,2025,24,175,4829.55,175,27.6,4879.17,35.62,3029.0,111,254079,172,1604.99,162
48,2025,25,177,4530.92,177,25.6,4546.47,7.05,2485.64,98,286801,175,1502.88,160
48,2025,26,180,4961.0,180,27.56,4989.79,22.29,3066.04,114,271501,173,1645.68,164
48,2025,27,138,4077.45,138,29.55,4099.45,19.0,2473.67,90,219362,137,1387.93,133
48,2025,28,159,4505.57,157,28.7,4550.42,39.85,2520.02,91,236958,153,1508.21,146
48,2025,29,225,6650.36,225,29.56,6725.4,32.29,3750.21,141,346655,223,2227.46,209
48,2025,30,181,5096.5,181,28.16,5152.85,33.85,2977.25,106,263637,179,1698.48,173
48,2025,31,185,4792.31,184,26.05,4901.68,52.37,2897.52,115,244875,181,1563.91,165
48,2025,32,203,5475.09,203,26.97,5519.16,18.07,3123.64,116,285742,201,1806.81,188
48,2025,33,179,5080.79,179,28.38,5143.23,50.44,2872.65,105,276572,178,1673.93,160
48,2025,34,197,5980.5,197,30.36,6039.22,42.72,3169.37,114,305292,196,1969.68,188
48,2025,35,173,5202.23,172,30.25,5241.9,34.67,2772.41,111,272862,170,1728.37,164
48,2025,36,173,5135.58,173,29.69,5214.09,37.51,2532.04,92,251009,171,1555.88,154
48,2025,37,160,4516.21,160,28.23,4537.94,16.23,2229.22,82,245397,157,1461.81,144
48,2025,38,168,5557.07,168,33.08,5586.3,20.73,2630.35,96,280530,167,1845.49,159
48,2025,39,160,4926.9,160,30.79,4960.1,28.2,2659.15,96,249570,160,1671.32,150
48,2025,40,145,4709.3,145,32.48,4761.96,24.66,2020.65,72,215512,143,1440.92,128
48,2025,41,136,4647.05,136,34.17,4659.23,6.18,1852.33,66,222335,134,1489.77,126
48,2025,42,116,4326.06,115,37.62,4340.63,2.07,1674.62,63,189640,114,1308.04,109
48,2025,43,102,3192.5,101,31.61,3280.05,9.05,1190.73,43,161736,97,980.68,91
48,2025,44,103,3156.11,102,30.94,3171.06,2.95,1357.6,53,152991,102,1008.29,95
48,2025,45,123,4065.04,123,33.05,4076.29,8.75,1535.47,55,191821,123,1248.43,110
48,2025,46,126,4343.1,126,34.47,4362.36,7.26,1618.35,63,207784,126,1395.34,118
48,2025,47,125,3792.47,125,30.34,3810.63,9.16,1266.95,47,186898,124,1153.97,108
48,2025,48,71,2181.32,71,30.72,2195.57,6.75,745.33,28,95731,71,703.94,63
48,2025,49,125,4157.86,125,33.26,4201.36,10.5,1292.26,52,200280,125,1301.65,117
48,2025,50,125,4057.81,124,32.72,4102.43,8.12,1695.3,62,199367,124,1299.49,114
48,2025,51,113,3937.53,113,34.85,4012.38,39.05,1731.1,61,168194,113,1273.81,109
48,2025,52,79,2646.7,79,33.5,2660.6,6.9,629.81,26,121258,77,854.21,72
48,2026,1,76,2504.79,75,33.4,2517.22,7.43,836.43,34,120370,75,782.4,70
48,2026,2,120,4081.1,120,34.01,4140.0,20.4,1221.92,52,223558,118,1288.53,110
48,2026,3,110,3817.93,110,34.71,3862.91,19.48,1396.43,51,180329,109,1210.65,102
48,2026,4,94,3308.82,93,35.58,3324.47,13.15,1045.11,38,138370,91,1013.1,83
48,2026,5,104,3619.66,102,35.49,3629.43,5.77,1369.84,51,172332,102,1189.31,97
48,2026,6,116,3712.32,116,32.0,3749.95,27.13,1571.6,54,218802,115,1198.55,110
48,2026,7,117,3595.36,117,30.73,3656.93,22.57,1589.18,65,216855,112,1171.47,107
48,2026,8,108,3535.01,108,32.73,3685.83,54.82,1413.09,55,154121,106,1143.19,97
48,2026,9,105,3465.05,105,33.0,3563.41,39.36,1571.44,56,176880,105,1129.27,96
48,2026,10,119,3832.06,119,32.2,3874.24,16.18,1644.16,63,175396,116,1194.82,104
48,2026,11,87,2500.1,86,29.07,2531.71,6.61,1392.25,52,121141,86,785.29,81
48,2026,12,106,3152.39,105,30.02,3180.89,0.0,1385.46,52,149475,104,978.25,97
48,2026,13,86,2806.31,86,32.63,2839.48,11.17,819.14,31,123512,85,947.21,80
48,2026,14,126,3759.86,126,29.84,3773.43,2.07,1462.08,58,251294,126,1244.1,122
48,2026,15,122,3682.27,122,30.18,3710.04,21.77,1773.22,67,185063,122,1225.15,118
48,2026,16,131,4030.4,131,30.77,4090.0,52.6,1739.56,64,208132,131,1292.32,123
48,2026,17,115,3911.85,115,34.02,3943.21,22.86,1327.73,49,188369,114,1266.38,111
48,2026,18,117,3365.69,117,28.77,3413.05,5.36,1502.28,60,159340,116,1018.24,108
48,2026,19,117,3497.8,117,29.9,3508.92,2.87,1536.14,58,179836,117,1150.33,108
48,2026,20,113,3320.19,112,29.64,3343.95,2.76,1376.12,56,161093,111,1067.44,109
48,2026,21,111,3296.14,110,29.96,3367.37,32.73,1249.8,44,153025,107,1019.46,99
48,2026,22,88,2858.0,88,32.48,2866.75,0.0,1457.98,55,134288,88,960.21,86
49,2024,1,348,10640.58,347,30.66,10761.97,59.64,5556.68,202,424199,342,3376.25,326
49,2024,2,340,9609.39,340,28.26,9672.31,40.92,5939.25,216,464750,333,2951.63,313
49,2024,3,348,10366.3,346,29.96,10432.85,22.55,6022.9,220,466254,339,3356.77,328
49,2024,4,351,10863.61,351,30.95,10919.75,23.14,6173.0,219,487733,346,3408.1,332
49,2024,5,397,12310.91,396,31.09,12370.27,35.86,6364.47,226,507855,387,3876.51,362
49,2024,6,354,10571.33,354,29.86,10644.77,60.94,6068.25,216,453120,348,3356.5,323
49,2024,7,388,11490.26,388,29.61,11550.86,27.1,6557.79,235,503277,382,3790.11,361
49,2024,8,358,10770.65,358,30.09,10845.52,50.37,6447.75,226,477560,354,3475.2,335
49,2024,9,385,11526.78,385,29.94,11596.29,49.01,6705.25,243,522692,377,3635.55,354
49,2024,10,356,10672.08,355,30.06,10722.84,20.26,6348.09,222,492885,352,3421.25,333
49,2024,11,358,10607.07,356,29.8,10672.57,50.0,6318.5,227,514860,349,3355.2,328
49,2024,12,379,11158.44,379,29.44,11208.47,39.03,6916.2,246,488847,374,3517.9,351
49,2024,13,398,11873.47,397,29.91,11927.01,40.54,7128.75,258,494118,393,3980.83,374
49,2024,14,348,10373.91,347,29.9,10441.61,22.7,6038.75,219,493898,343,3445.45,323
49,2024,15,319,9231.73,318,29.03,9424.13,33.04,5633.75,200,411126,316,3007.91,297
49,2024,16,397,11215.93,396,28.32,11291.42,21.49,6628.6,245,494612,390,3796.05,371
49,2024,17,390,11595.03,389,29.81,11740.76,47.73,6187.2,229,532314,387,3732.46,357
49,2024,18,394,11555.84,391,29.55,11604.77,29.93,6451.08,239,553677,387,3699.58,357
49,2024,19,375,11483.41,375,30.62,11604.22,72.81,6531.85,231,539993,373,3738.45,367
49,2024,20,400,12079.47,400,30.2,12214.86,64.89,5974.1,221,568222,392,3906.1,367
49,2024,21,410,11808.41,410,28.8,11913.92,59.01,6522.48,237,529426,405,3664.95,371
49,2024,22,353,10428.72,351,29.71,10502.46,37.24,6091.93,219,492344,349,3434.53,322
49,2024,23,387,11522.25,386,29.85,11580.34,41.09,6754.94,246,524228,383,3675.4,357
49,2024,24,349,10459.14,349,29.97,10562.07,58.43,5586.15,206,481806,344,3254.2,314
49,2024,25,329,9935.57,329,30.2,10058.37,108.3,5666.05,203,479459,327,3191.78,300
49,2024,26,351,10782.53,350,30.81,10875.38,43.85,5811.35,212,468758,347,3414.49,316
49,2024,27,348,11007.52,346,31.81,11089.57,67.05,6095.09,218,473459,338,3527.3,323
49,2024,28,355,11083.36,352,31.49,11145.7,45.19,5756.44,202,480308,352,3555.54,323
49,2024,29,385,12003.04,385,31.18,12081.75,57.71,6684.76,242,500615,383,4105.72,370
49,2024,30,351,10848.49,351,30.91,10924.21,26.22,5806.13,205,456737,348,3608.93,326
49,2024,31,336,10361.28,335,30.93,10402.1,30.32,5850.46,208,429590,331,3482.63,318
49,2024,32,305,9137.42,304,30.06,9200.13,28.71,5095.79,182,388062,304,3035.34,283
49,2024,33,330,10137.76,330,30.72,10175.67,34.41,5869.81,205,421384,329,3379.04,308
49,2024,34,370,11419.34,369,30.95,11458.77,24.93,6514.8,235,460536,367,3799.22,354
49,2024,35,394,11885.55,392,30.32,11952.87,38.82,6372.34,233,518526,389,3955.91,370
49,2024,36,378,11358.48,378,30.05,11409.55,37.07,6374.96,233,495154,375,3779.42,354
49,2024,37,421,12021.43,420,28.62,12084.31,33.38,6971.63,250,537671,418,3908.73,390
49,2024,38,389,11979.66,389,30.8,12048.57,56.91,6639.48,238,539419,386,3917.7,372
49,2024,39,389,12293.67,389,31.6,12338.59,33.42,6772.22,246,514081,387,3866.37,372
49,2024,40,406,12147.05,406,29.92,12217.33,46.78,6534.28,240,537171,404,4045.59,388
49,2024,41,395,11865.0,395,30.04,11902.6,30.1,6540.8,236,519435,391,3933.18,376
49,2024,42,390,11974.05,389,30.78,12050.38,54.33,6685.7,234,523185,388,4181.76,375
49,2024,43,359,11050.21,357,30.95,11243.8,61.84,6836.4,241,483718,352,3755.14,341
49,2024,44,413,12430.78,412,30.17,12598.65,100.87,7315.0,267,619302,411,4245.55,397
49,2024,45,383,10882.88,383,28.41,10935.76,47.38,7421.32,265,489690,382,3871.18,362
49,2024,46,402,12198.26,402,30.34,12268.61,52.35,6870.9,245,505109,402,4128.07,384
49,2024,47,325,10046.59,325,30.91,10108.57,51.48,6421.76,224,450606,325,3468.84,315
49,2024,48,347,10468.94,347,30.17,10497.23,16.29,6721.99,237,425467,346,3542.45,341
49,2024,49,330,10159.28,330,30.79,10214.23,44.45,6537.94,228,416912,328,3532.55,318
49,2024,50,371,11030.67,369,29.89,11087.59,48.42,6887.91,247,454918,367,3781.4,351
49,2024,51,371,11341.93,370,30.65,11388.7,31.27,7253.27,251,495335,370,3934.67,357
49,2024,52,325,9888.96,323,30.62,9928.11,23.65,6096.35,217,402157,320,3478.76,306
49,2025,1,312,9616.62,310,31.02,9687.86,31.99,6304.39,226,375748,310,3333.1,298
49,2025,2,344,9975.94,343,29.08,10064.92,19.23,6521.5,239,413269,339,3470.79,325
49,2025,3,374,11311.26,373,30.33,11348.03,12.27,6433.23,233,464527,371,3857.84,352
49,2025,4,336,9712.95,336,28.91,9743.6,17.15,6319.19,233,379455,333,3407.98,317
49,2025,5,397,11505.67,397,28.98,11542.45,22.78,7577.18,276,504072,395,4070.96,381
49,2025,6,390,11296.02,390,28.96,11451.73,102.71,8022.72,282,478241,390,3971.18,371
49,2025,7,360,10253.14,359,28.56,10299.74,32.1,7253.87,270,436007,357,3569.73,347
49,2025,8,388,11522.1,387,29.77,11566.36,25.26,7750.94,276,479599,386,4033.76,378
49,2025,9,421,12658.53,421,30.07,12731.0,34.97,8343.86,298,546633,417,4476.31,404
49,2025,10,426,12663.33,424,29.87,12718.0,10.17,8125.62,294,539900,422,4465.51,404
49,2025,11,406,12562.78,404,31.1,12607.89,27.11,7957.03,279,550740,402,4443.47,390
49,2025,12,412,12436.11,412,30.18,12542.69,69.33,8148.12,285,539748,410,4304.01,391
49,2025,13,389,11941.98,388,30.78,12006.11,44.63,7429.46,262,480070,385,4183.92,370
49,2025,14,442,13252.06,441,30.05,13349.53,51.97,8260.55,289,561690,435,4690.79,417
49,2025,15,434,13697.1,434,31.56,13766.13,36.03,8493.69,293,578810,433,4773.72,418
49,2025,16,454,13878.52,454,30.57,13968.15,37.63,8546.52,304,608328,451,4871.77,434
49,2025,17,418,12504.32,418,29.91,12533.92,20.6,7467.74,264,530026,414,4408.25,402
49,2025,18,454,14247.91,454,31.38,14357.19,54.78,8518.54,299,620672,453,4926.99,435
49,2025,19,478,13943.15,477,29.23,14055.46,75.31,9056.7,325,625107,471,4856.57,451
49,2025,20,439,13857.59,439,31.57,13942.64,50.05,8364.99,292,586389,438,4763.52,422
49,2025,21,455,13719.13,453,30.29,13782.17,38.04,9063.48,326,595189,450,4779.19,430
49,2025,22,427,13013.51,427,30.48,13074.67,21.66,8362.55,299,545533,427,4562.42,412
49,2025,23,458,13933.39,457,30.49,14004.59,44.7,8484.16,307,603300,454,4672.78,436
49,2025,24,424,12983.01,422,30.77,13065.73,26.72,8036.08,283,545217,420,4506.81,398
49,2025,25,385,11868.11,385,30.83,11908.16,23.3,6947.16,249,499165,383,4237.09,372
49,2025,26,428,12527.48,428,29.27,12579.34,18.36,8004.77,298,545085,423,4383.16,407
49,2025,27,423,13365.05,421,31.75,13457.04,50.49,8353.16,289,563076,420,4640.05,399
49,2025,28,420,12892.98,420,30.7,12949.3,43.32,8470.05,297,566611,418,4520.49,406
49,2025,29,489,14889.03,489,30.45,15005.49,55.95,9631.57,337,620515,486,5220.21,469
49,2025,30,470,15005.88,470,31.93,15064.7,22.32,9129.92,318,611057,467,5071.68,448
49,2025,31,472,14409.53,471,30.59,14474.87,36.84,8666.5,312,621370,467,5006.61,449
49,2025,32,449,13685.75,447,30.62,13725.86,23.61,8336.96,291,573794,444,4734.98,417
49,2025,33,447,13768.23,446,30.87,13844.38,33.65,8144.03,292,590240,443,4779.47,426
49,2025,34,468,13884.76,467,29.73,13941.87,44.61,8969.29,316,597756,464,4858.3,438
49,2025,35,461,13772.95,461,29.88,13843.03,49.08,8437.68,304,685433,459,4801.28,439
49,2025,36,444,13500.7,443,30.48,13530.31,21.11,8941.93,318,580442,440,4794.18,421
49,2025,37,468,14647.91,467,31.37,14710.54,27.13,8230.81,285,623748,464,5101.35,443
49,2025,38,491,15674.64,491,31.92,15778.14,27.75,8787.52,308,716297,484,5454.48,466
49,2025,39,440,13829.25,440,31.43,13865.28,19.53,8350.73,299,594247,439,4898.85,423
49,2025,40,394,12256.6,394,31.11,12289.79,19.44,6785.01,245,527706,393,4280.37,376
49,2025,41,315,10428.46,315,33.11,10514.86,42.15,5538.54,198,464401,314,3512.44,304
49,2025,42,290,10172.36,290,35.08,10192.12,5.26,4506.67,158,421808,288,3434.5,274
49,2025,43,270,9913.64,270,36.72,9942.35,14.21,3483.18,121,410670,269,3347.35,254
49,2025,44,273,8849.95,272,32.54,8892.09,30.64,3607.87,137,393790,269,2973.7,255
49,2025,45,299,10423.94,297,35.1,10440.61,10.17,4880.8,174,446026,295,3645.58,287
49,2025,46,299,9999.26,297,33.67,10039.11,13.35,4339.76,155,445357,294,3271.22,275
49,2025,47,290,10672.38,290,36.8,10712.51,31.63,4174.67,152,479283,289,3585.54,281
49,2025,48,251,8403.67,251,33.48,8475.02,15.85,3913.74,145,334513,249,2855.37,244
49,2025,49,341,11123.7,341,32.62,11192.01,32.41,4964.97,182,535233,341,3517.85,313
49,2025,50,304,10529.27,303,34.75,10560.11,15.99,4360.07,159,555036,303,3542.56,285
49,2025,51,292,10062.69,292,34.46,10078.07,8.88,4322.9,156,424334,289,3405.08,277
49,2025,52,235,7998.56,235,34.04,8016.15,8.09,3645.76,122,315499,231,2752.8,218
49,2026,1,199,6505.96,198,32.86,6521.69,13.23,2995.87,108,246281,197,2203.11,189
49,2026,2,301,10264.79,301,34.1,10277.14,7.85,4774.21,170,418080,300,3596.04,287
49,2026,3,254,8520.5,253,33.68,8541.43,8.43,3579.16,132,360307,252,2846.05,242
49,2026,4,217,7322.03,217,33.74,7367.71,38.18,3083.74,106,310571,217,2539.2,207
49,2026,5,229,8089.57,229,35.33,8126.83,20.26,3453.76,127,332974,229,2676.63,221
49,2026,6,344,12096.0,344,35.16,12420.16,44.91,4922.72,181,513847,344,4082.3,330
49,2026,7,297,10091.82,295,34.21,10132.8,22.48,4034.29,148,414579,294,3463.2,284
49,2026,8,272,9066.55,272,33.33,9120.92,36.87,4099.22,149,384085,271,3101.35,263
49,2026,9,264,9366.43,264,35.48,9396.31,10.13,3832.76,140,385993,264,3154.54,252
49,2026,10,304,9829.02,303,32.44,9872.39,22.62,4390.35,155,424452,301,3295.51,289
49,2026,11,294,9540.08,294,32.45,9599.03,41.95,4508.08,163,404853,294,3107.26,276
49,2026,12,261,8456.38,260,32.52,8521.63,22.5,4147.5,142,357753,256,2829.47,246
49,2026,13,218,7126.19,218,32.69,7146.58,13.39,3364.91,120,287122,218,2453.19,210
49,2026,14,282,8995.27,282,31.9,9047.18,39.91,3651.88,136,380535,277,3024.57,269
49,2026,15,261,8402.65,261,32.19,8447.17,29.52,3933.2,143,391780,260,2885.73,252
49,2026,16,253,8799.05,253,34.78,8857.94,33.89,3713.08,124,426165,253,2917.12,241
49,2026,17,266,8634.5,265,32.58,8657.7,15.7,3380.65,121,388542,263,2836.85,246
49,2026,18,265,8971.41,265,33.85,9001.76,19.85,3825.17,131,473673,264,2976.26,248
49,2026,19,305,10258.06,303,33.85,10284.24,17.18,4278.99,146,480356,300,3420.74,285
49,2026,20,279,9174.26,279,32.88,9295.22,56.96,3792.84,133,396949,278,3115.37,270
49,2026,21,278,9649.17,277,34.83,9720.16,10.99,3634.73,123,375554,274,2896.52,256
49,2026,22,231,7341.17,230,31.92,7439.96,13.79,3192.75,112,314123,230,2394.73,212
5,2024,1,203,3664.93,202,18.14,4135.16,278.33,2392.95,123,232552,196,919.74,175
5,2024,2,232,4776.28,232,20.59,5525.27,420.19,3320.71,148,304863,221,1204.56,199
5,2024,3,246,4911.39,246,19.97,5652.52,458.83,3471.09,148,356304,238,1312.41,206
5,2024,4,249,4824.75,247,19.53,5327.53,418.42,3336.45,151,316199,239,1292.67,206
5,2024,5,272,5566.24,271,20.54,6259.95,547.21,4063.92,190,362201,261,1589.07,240
5,2024,6,254,4838.39,252,19.2,5483.9,444.17,3514.41,161,286517,245,1230.14,213
5,2024,7,282,5746.27,279,20.6,6444.77,545.18,4198.91,179,323306,266,1503.46,234
5,2024,8,270,5479.7,268,20.45,6221.62,480.47,4034.45,186,328411,254,1586.76,236
5,2024,9,301,5941.85,296,20.07,6810.57,658.72,4466.88,203,354825,289,1412.09,255
5,2024,10,282,5186.86,276,18.79,5955.21,573.1,4097.76,196,319255,263,1361.04,233
5,2024,11,308,5462.03,303,18.03,6268.29,553.21,3873.22,210,348078,289,1424.33,257
5,2024,12,322,6343.12,320,19.82,7268.82,763.2,4787.65,220,388874,307,1678.71,270
5,2024,13,230,4184.55,228,18.35,4924.67,386.92,2895.65,144,237734,216,1185.33,190
5,2024,14,303,6104.28,297,20.55,7028.47,595.44,4422.76,194,350677,281,1478.02,248
5,2024,15,286,5766.85,284,20.31,6740.67,687.38,4379.8,196,343919,271,1632.35,240
5,2024,16,346,6398.14,341,18.76,7240.83,644.19,4782.06,241,394251,329,1677.06,279
5,2024,17,380,7544.53,374,20.17,8497.1,693.82,5805.9,274,460284,361,2047.26,312
5,2024,18,361,7085.95,353,20.07,8026.33,601.38,5304.05,252,467824,341,1861.84,301
5,2024,19,332,6411.8,327,19.61,7539.31,694.58,4784.42,222,432135,319,1670.3,271
5,2024,20,337,6896.11,328,21.02,7746.89,690.91,4823.24,223,446105,318,1775.07,273
5,2024,21,385,7814.31,382,20.46,8933.1,896.79,6304.66,283,517690,370,1997.2,314
5,2024,22,320,6501.14,317,20.51,7535.43,748.99,5137.77,235,388083,311,1690.88,261
5,2024,23,356,7158.53,343,20.87,8039.68,735.34,5369.13,241,468056,338,1871.45,295
5,2024,24,387,8019.0,382,20.99,9084.71,856.17,5753.27,253,508458,376,2026.47,298
5,2024,25,329,6346.1,323,19.65,7294.04,707.68,4865.25,223,408126,312,1609.17,262
5,2024,26,352,6863.15,342,20.07,7816.95,687.8,5240.89,244,444405,335,1914.64,294
5,2024,27,245,4549.59,239,19.04,5277.38,423.79,3093.92,158,292796,234,1116.39,195
5,2024,28,290,5517.01,282,19.56,6384.56,573.53,3742.59,175,434919,271,1484.02,233
5,2024,29,310,5784.1,306,18.9,6762.81,666.51,4386.47,212,374097,303,1467.95,248
5,2024,30,293,6122.58,288,21.26,6883.19,512.86,3983.24,180,350651,283,1637.52,245
5,2024,31,269,5630.32,267,21.09,6441.1,561.53,4095.46,174,360228,263,1463.33,226
5,2024,32,326,6558.53,320,20.5,7489.99,659.99,4785.94,216,403423,315,1657.86,266
5,2024,33,280,5427.15,276,19.66,6081.33,535.18,4052.57,179,317112,267,1456.87,229
5,2024,34,312,5976.13,308,19.4,6922.93,581.85,4195.11,203,324963,293,1469.57,237
5,2024,35,318,6694.65,316,21.19,7506.17,657.02,5143.52,221,458437,311,1810.11,258
5,2024,36,307,5847.88,304,19.24,6646.3,522.92,4025.01,195,366435,298,1491.53,249
5,2024,37,313,6286.23,309,20.34,7347.62,623.14,4793.82,215,391529,301,1801.64,258
5,2024,38,353,7691.1,349,22.04,8559.32,719.47,5680.96,233,454375,344,1914.16,284
5,2024,39,313,6560.96,311,21.1,7410.2,671.99,4884.48,207,438451,308,1687.23,256
5,2024,40,317,6487.41,312,20.79,7278.51,597.53,4624.2,201,473781,309,1806.91,272
5,2024,41,311,6313.63,304,20.77,7253.93,652.3,4624.02,192,397207,296,1710.47,253
5,2024,42,321,6614.36,318,20.8,7832.6,719.24,4669.6,211,450096,312,1717.9,265
5,2024,43,300,6332.35,298,21.25,7075.46,667.81,4882.38,212,518152,293,1628.0,264
5,2024,44,293,5490.02,287,19.13,6231.08,439.31,3827.33,172,398841,284,1572.52,244
5,2024,45,300,5540.83,296,18.72,6294.22,539.89,3711.71,174,327968,288,1354.09,230
5,2024,46,313,6442.01,307,20.98,7352.05,625.04,4563.11,204,483730,303,1520.82,248
5,2024,47,342,7235.63,335,21.6,7973.19,662.06,5089.47,222,462981,330,1840.57,292
5,2024,48,252,4873.84,247,19.73,5388.46,378.62,3210.57,149,281096,246,1258.45,208
5,2024,49,318,6369.27,316,20.16,7256.81,602.29,4661.42,214,381334,312,1542.1,253
5,2024,50,385,7581.55,381,19.9,8456.31,681.01,5393.38,254,466643,373,2003.09,328
5,2024,51,345,6812.67,341,19.98,7886.28,692.86,4789.8,229,403737,336,1817.17,288
5,2024,52,183,3457.15,180,19.21,3940.35,237.7,2000.45,95,196033,177,996.33,152
5,2025,1,245,4656.58,244,19.08,5184.04,377.96,3133.88,142,233593,238,1111.15,192
5,2025,2,256,4818.65,256,18.82,5462.16,453.51,3574.57,178,333727,251,1304.47,222
5,2025,3,266,5077.4,265,19.16,5888.69,509.79,3738.09,177,302820,263,1354.36,229
5,2025,4,309,6681.64,308,21.69,7786.21,683.57,4559.97,206,373930,302,1766.61,253
5,2025,5,264,5105.13,264,19.34,5908.61,548.73,3600.95,171,303847,261,1408.37,226
5,2025,6,309,5354.07,306,17.5,6277.27,505.2,3872.72,203,341164,301,1458.55,268
5,2025,7,346,6732.48,343,19.63,8111.76,623.65,5142.11,253,420981,338,1857.78,305
5,2025,8,313,6181.68,309,20.01,7020.81,602.38,4338.19,201,361105,305,1612.35,266
5,2025,9,298,5961.66,298,20.01,6671.8,486.51,4361.79,205,388721,295,1607.91,270
5,2025,10,331,6547.62,330,19.84,7372.58,533.96,4576.78,216,420758,320,1830.22,287
5,2025,11,404,7776.46,403,19.3,9059.25,758.29,5991.15,297,538403,400,2195.67,375
5,2025,12,386,7868.16,384,20.49,8821.96,745.3,6049.65,273,461457,376,2147.3,345
5,2025,13,272,5513.16,269,20.5,6238.69,590.53,4113.69,184,287087,263,1390.75,230
5,2025,14,357,6754.64,354,19.08,7600.76,594.12,4728.85,233,397734,353,1811.66,311
5,2025,15,359,6594.31,358,18.42,7571.09,609.03,4756.02,231,392685,353,1679.05,316
5,2025,16,332,6376.48,329,19.38,7104.52,608.04,5049.75,242,395633,326,1748.67,300
5,2025,17,367,7774.03,367,21.18,8629.16,616.38,5666.11,256,464949,360,1963.2,316
5,2025,18,320,6890.28,317,21.74,7723.78,642.5,5300.13,235,406119,315,1919.06,285
5,2025,19,333,7271.63,330,22.04,7981.63,565.48,5408.35,251,544376,329,1839.9,300
5,2025,20,455,9336.55,449,20.79,10610.7,946.9,7554.0,332,630493,438,2670.06,393
5,2025,21,363,7554.67,360,20.99,8395.2,674.78,5825.63,268,468138,352,2015.68,325
5,2025,22,322,6431.5,319,20.16,7223.43,526.93,5039.58,235,392028,309,1668.36,288
5,2025,23,407,8319.65,397,20.96,9282.18,698.28,6855.39,312,522033,389,2152.02,364
5,2025,24,403,8036.33,400,20.09,8919.79,697.46,6719.58,312,480312,395,2034.09,361
5,2025,25,376,7737.23,374,20.69,8892.08,688.6,6018.13,276,450627,367,1817.55,326
5,2025,26,383,7845.57,376,20.87,9232.18,810.11,6215.56,273,496088,366,2176.87,339
5,2025,27,268,4846.86,266,18.22,5542.47,406.64,3341.32,170,355707,259,1283.79,223
5,2025,28,250,5696.09,249,22.88,6376.09,508.5,4305.88,171,341414,243,1530.7,211
5,2025,29,353,7190.12,351,20.48,8007.4,638.28,5394.59,234,446073,338,1918.21,304
5,2025,30,299,6429.07,297,21.65,7377.87,672.3,5121.14,220,386327,291,1643.85,257
5,2025,31,290,6473.83,286,22.64,7228.57,592.49,5140.41,204,362982,280,1626.51,243
5,2025,32,266,5453.99,261,20.9,6010.0,473.51,3932.3,169,321632,255,1293.49,217
5,2025,33,307,6383.8,305,20.93,7191.51,558.46,5043.61,225,391271,296,1663.13,272
5,2025,34,256,5146.09,252,20.42,5855.34,512.5,3872.87,163,326891,246,1305.42,217
5,2025,35,284,5670.25,282,20.11,6325.28,415.53,4199.56,193,356111,279,1417.83,248
5,2025,36,296,6033.03,294,20.52,6934.69,584.82,4570.45,213,375766,288,1472.04,247
5,2025,37,305,6582.55,305,21.58,7519.53,590.73,4966.54,213,443299,302,1763.73,274
5,2025,38,376,8253.07,375,22.01,9465.19,712.37,6533.55,281,589946,366,2091.88,339
5,2025,39,339,7049.6,339,20.8,7784.64,550.04,5397.63,246,442385,333,1881.52,306
5,2025,40,315,7076.12,315,22.46,8086.55,610.93,5221.48,236,393506,307,1641.72,273
5,2025,41,335,7256.9,330,21.99,8259.68,729.48,5717.08,251,421608,324,1838.1,291
5,2025,42,322,7113.92,319,22.3,8030.96,651.04,5653.37,243,404522,307,1922.99,284
5,2025,43,308,6317.72,307,20.58,7147.87,489.02,4670.43,213,370694,297,1611.44,261
5,2025,44,323,6730.77,319,21.1,7679.86,671.84,5362.8,237,399065,315,1861.72,294
5,2025,45,275,5986.76,274,21.85,6827.77,639.01,4870.38,207,308620,271,1395.02,236
5,2025,46,295,6306.57,293,21.52,7184.0,597.66,4766.45,212,369719,288,1604.72,257
5,2025,47,317,6975.93,317,22.01,8187.34,817.61,5606.3,237,382067,310,1721.66,266
5,2025,48,214,4428.88,213,20.79,5066.68,487.3,3447.11,155,225391,212,1105.65,184
5,2025,49,384,7924.17,384,20.64,8965.0,817.23,6792.55,311,468054,373,1932.75,346
5,2025,50,441,8393.34,440,19.08,9659.14,843.3,6909.28,340,516348,430,2171.4,390
5,2025,51,395,7889.93,390,20.23,8883.12,743.19,6435.4,294,526228,385,2112.39,356
5,2025,52,214,4706.69,213,22.1,5441.26,529.07,3528.33,140,210763,209,1140.45,178
5,2026,1,205,4160.24,203,20.49,4696.0,394.01,3155.1,134,179601,198,884.56,160
5,2026,2,234,4401.67,233,18.89,4968.78,439.36,3701.91,184,231724,228,1050.28,203
5,2026,3,268,5731.5,266,21.55,6439.67,528.2,4690.52,205,309138,264,1307.9,237
5,2026,4,237,4817.92,236,20.41,5508.25,522.83,3723.9,167,248834,232,1219.07,207
5,2026,5,334,6423.72,331,19.41,7312.83,639.61,4757.93,234,411877,330,1700.59,299
5,2026,6,293,5862.09,292,20.08,6860.04,618.72,4556.66,209,338715,289,1568.08,257
5,2026,7,255,5306.09,253,20.97,6048.8,601.71,4223.36,188,277852,244,1379.27,221
5,2026,8,258,5904.86,257,22.98,6869.27,681.16,4605.64,189,311372,256,1442.47,230
5,2026,9,286,6040.3,282,21.42,6822.4,566.68,4268.14,187,369977,280,1457.89,251
5,2026,10,271,5674.11,268,21.17,6498.32,643.68,4348.15,192,323787,263,1416.61,234
5,2026,11,423,8528.08,421,20.26,9838.07,975.59,7213.98,336,488362,414,2025.63,368
5,2026,12,406,8505.56,401,21.21,9583.81,851.25,7127.3,328,486053,390,2267.22,371
5,2026,13,319,6750.5,316,21.36,7692.61,675.73,5435.36,236,362017,308,1545.4,267
5,2026,14,274,4966.99,272,18.26,5890.08,522.59,3964.55,203,282358,268,1254.76,248
5,2026,15,323,6453.06,320,20.17,7398.45,580.89,5144.1,251,351398,314,1520.17,290
5,2026,16,313,6192.05,312,19.85,7083.23,588.19,5148.24,242,374530,309,1585.21,278
5,2026,17,346,6592.35,344,19.16,7441.98,568.63,5504.63,276,390395,339,1591.71,305
5,2026,18,397,7831.68,397,19.73,8762.9,637.97,6415.9,314,463796,393,1946.54,363
5,2026,19,380,7447.43,376,19.81,8412.85,675.92,6186.84,295,453204,367,1760.47,329
5,2026,20,404,8168.33,402,20.32,9265.33,684.42,6817.82,329,499583,398,2061.28,374
5,2026,21,434,8235.33,431,19.11,9516.63,716.8,6827.51,348,491068,427,1983.07,384
5,2026,22,345,6864.27,345,19.9,7710.3,571.28,5951.21,286,402743,341,1563.06,309
50,2024,1,165,4589.47,161,28.51,4609.73,16.26,2349.18,84,198888,159,1445.33,152
50,2024,2,145,4064.86,145,28.03,4067.86,0.0,2264.5,83,178103,142,1265.14,141
50,2024,3,154,4488.34,154,29.15,4496.1,4.76,2363.0,82,204965,151,1392.35,145
50,2024,4,165,5335.18,165,32.33,5360.57,21.39,2620.25,87,252571,162,1695.81,159
50,2024,5,173,5235.71,173,30.26,5249.26,7.05,2646.25,92,228303,168,1756.28,166
50,2024,6,187,5422.26,187,29.0,5445.56,3.3,2897.75,102,247728,181,1774.08,177
50,2024,7,194,5619.67,194,28.97,5641.03,11.86,3442.75,120,246269,191,1848.21,181
50,2024,8,218,6015.76,218,27.6,6098.65,37.89,4066.05,139,250271,211,1936.63,191
50,2024,9,219,6098.39,218,27.97,6161.08,32.69,3311.28,119,260871,206,1752.26,183
50,2024,10,195,5523.58,194,28.47,5583.58,1.5,3337.5,115,311128,192,1779.82,173
50,2024,11,211,5555.3,211,26.33,5623.17,29.87,3058.0,112,249799,199,1710.57,177
50,2024,12,238,6685.67,237,28.21,6779.62,44.45,4136.04,142,286443,230,2085.66,199
50,2024,13,215,5994.87,215,27.88,6077.46,46.09,3338.75,122,249783,206,1858.66,189
50,2024,14,213,6070.57,213,28.5,6161.18,45.61,3445.0,125,273966,208,1846.05,184
50,2024,15,188,5256.99,185,28.42,5347.35,34.86,3429.75,121,233700,181,1674.76,160
50,2024,16,217,6719.2,216,31.11,6830.81,51.61,3427.0,124,323746,210,1947.59,193
50,2024,17,181,5061.54,179,28.28,5127.4,27.86,3108.77,109,239341,171,1559.26,155
50,2024,18,191,5325.67,191,27.88,5346.17,10.5,3134.26,114,243477,184,1631.01,170
50,2024,19,191,5363.21,191,28.08,5401.11,22.4,2998.46,104,268424,185,1686.5,167
50,2024,20,196,5483.95,195,28.12,5559.4,41.95,3143.71,114,265401,187,1747.83,174
50,2024,21,165,4852.66,164,29.59,4865.55,3.39,2670.75,94,233290,162,1595.96,146
50,2024,22,167,4808.13,165,29.14,4816.63,0.0,2612.4,93,246690,161,1542.34,154
50,2024,23,190,5255.86,187,28.11,5294.73,24.78,2619.64,95,255789,186,1578.49,165
50,2024,24,170,4866.28,169,28.79,4896.54,7.76,2744.1,98,228119,162,1490.44,148
50,2024,25,166,4761.72,165,28.86,4811.84,27.12,2785.85,98,222500,160,1404.99,145
50,2024,26,171,4713.53,169,27.89,4814.05,21.02,2525.0,94,223974,164,1503.35,151
50,2024,27,214,5880.26,214,27.48,5927.05,32.79,3621.0,130,277032,212,1843.43,196
50,2024,28,181,5485.79,181,30.31,5603.16,48.87,2694.34,95,250954,176,1655.01,160
50,2024,29,169,4928.55,168,29.34,4999.55,34.42,2941.5,104,243399,166,1597.55,157
50,2024,30,195,5339.03,194,27.52,5396.81,44.28,2739.69,99,245788,189,1782.09,180
50,2024,31,207,6239.79,207,30.14,6321.15,21.36,3200.5,114,295826,204,2042.44,191
50,2024,32,179,4903.28,179,27.39,4916.47,10.19,2746.13,95,244536,174,1625.82,167
50,2024,33,179,5282.86,179,29.51,5338.58,41.77,2860.27,100,230599,177,1796.58,169
50,2024,34,192,5679.44,190,29.89,5746.7,32.26,2936.02,107,259559,188,1896.02,180
50,2024,35,185,5321.83,183,29.08,5350.06,15.23,2787.84,99,249128,181,1735.7,176
50,2024,36,210,5647.9,210,26.89,5702.51,32.11,3347.89,125,256791,206,1955.53,199
50,2024,37,193,5474.31,193,28.36,5502.13,10.82,3495.99,127,247078,191,1903.9,187
50,2024,38,193,5776.72,192,30.09,5806.62,10.9,3151.5,111,277600,190,1956.19,188
50,2024,39,193,5789.92,193,30.0,5816.94,12.02,3106.0,110,257541,190,1948.63,185
50,2024,40,217,6281.57,216,29.08,6312.88,14.81,3802.39,134,305315,216,2118.82,201
50,2024,41,238,6818.25,234,29.14,6917.24,22.99,3735.5,133,296773,233,2377.26,223
50,2024,42,197,5977.17,196,30.5,6000.01,11.34,2952.51,105,277728,195,1993.54,185
50,2024,43,223,6097.88,221,27.59,6151.0,37.62,3397.95,122,286972,218,2119.0,207
50,2024,44,227,6496.06,226,28.74,6539.01,31.45,3844.51,135,297529,225,2297.91,220
50,2024,45,224,6449.13,222,29.05,6547.68,53.05,3117.02,110,275168,220,2265.64,214
50,2024,46,210,6222.75,209,29.77,6256.48,4.73,3458.66,123,266391,207,2223.12,204
50,2024,47,189,5368.24,187,28.71,5409.98,16.24,3072.02,110,236811,185,1880.25,182
50,2024,48,177,5136.37,177,29.02,5161.94,6.57,2805.28,106,210409,175,1762.74,173
50,2024,49,205,5853.26,204,28.69,5892.4,4.14,3470.0,124,264504,204,2044.3,198
50,2024,50,186,5451.25,185,29.47,5518.46,34.71,2861.19,104,239978,185,1899.25,178
50,2024,51,192,5692.82,191,29.81,5751.57,10.75,3131.19,113,242782,186,1915.44,180
50,2024,52,188,5576.09,188,29.66,5616.39,12.8,2811.11,101,231608,187,1944.23,182
50,2025,1,159,4761.55,159,29.95,4795.97,16.92,2443.25,86,191940,158,1657.2,150
50,2025,2,184,5502.46,184,29.9,5519.42,12.46,2848.37,102,225508,182,1915.92,176
50,2025,3,166,4857.63,165,29.44,4870.63,0.0,2653.25,94,192659,162,1707.02,156
50,2025,4,154,4392.04,154,28.52,4450.42,31.88,2440.39,88,187420,154,1561.26,147
50,2025,5,154,4828.43,154,31.35,4832.5,0.07,2494.85,88,201874,154,1686.23,149
50,2025,6,187,5540.37,187,29.63,5593.23,46.36,3182.0,113,224580,187,1936.46,178
50,2025,7,208,6666.66,207,32.21,6678.84,3.68,3274.51,119,273451,203,2218.47,196
50,2025,8,207,6208.05,207,29.99,6244.77,31.22,3584.17,123,254456,206,2179.4,199
50,2025,9,205,5942.66,205,28.99,6031.77,21.86,3428.04,123,268276,203,2072.25,199
50,2025,10,234,6583.61,234,28.14,6606.48,10.87,4013.57,147,292301,233,2361.19,226
50,2025,11,241,7061.6,241,29.3,7087.86,4.26,4224.75,154,309302,239,2514.49,238
50,2025,12,209,5932.23,209,28.38,5960.09,12.36,3794.65,135,263373,207,2081.03,197
50,2025,13,192,5602.08,192,29.18,5635.88,10.3,2901.97,106,237783,189,1996.75,181
50,2025,14,224,6273.2,224,28.01,6335.09,35.89,3650.36,131,284206,217,2224.21,208
50,2025,15,208,5993.04,208,28.81,6034.19,30.15,3720.39,134,261523,206,2134.14,198
50,2025,16,228,6654.96,226,29.45,6678.63,0.07,3763.92,136,299913,223,2347.41,215
50,2025,17,221,6432.56,221,29.11,6558.7,11.14,4015.19,146,292840,217,2241.92,211
50,2025,18,242,6535.88,242,27.01,6591.6,16.72,3723.5,137,305129,238,2308.29,227
50,2025,19,217,6731.28,217,31.02,6831.77,75.49,4263.32,150,309618,217,2394.52,215
50,2025,20,226,6821.33,225,30.32,6875.16,30.33,4243.67,147,298940,224,2291.46,216
50,2025,21,251,7476.59,251,29.79,7528.34,34.25,4810.28,167,311164,247,2712.99,244
50,2025,22,263,7440.61,263,28.29,7484.15,25.54,5219.5,187,320253,260,2652.62,254
50,2025,23,236,6818.01,235,29.01,6837.15,0.14,4440.33,161,302754,235,2440.81,231
50,2025,24,237,7273.59,237,30.69,7341.63,41.04,4721.22,162,316352,235,2645.67,228
50,2025,25,233,6445.46,233,27.66,6495.07,31.11,4386.53,156,287624,230,2331.88,223
50,2025,26,251,7117.74,251,28.36,7170.81,0.07,4663.71,167,314618,246,2525.32,240
50,2025,27,282,8010.96,280,28.61,8047.49,25.03,5100.35,183,360232,275,2856.76,266
50,2025,28,259,7493.3,259,28.93,7529.75,23.45,5299.13,187,332699,258,2688.53,252
50,2025,29,236,7107.66,236,30.12,7133.95,10.29,4858.82,172,314900,236,2535.48,229
50,2025,30,233,6925.55,233,29.72,6955.53,12.98,4434.86,157,288992,232,2402.73,221
50,2025,31,248,7288.47,248,29.39,7306.54,7.57,4818.03,169,388649,245,2616.41,237
50,2025,32,249,6679.33,245,27.26,6747.78,44.45,4661.55,164,299926,234,2402.09,225
50,2025,33,274,7569.09,274,27.62,7616.6,29.51,5206.93,186,323128,269,2679.53,254
50,2025,34,230,6964.57,230,30.28,7001.41,24.84,4931.17,170,289661,230,2507.44,224
50,2025,35,248,7323.86,248,29.53,7358.06,29.7,4796.1,170,375903,247,2640.22,238
50,2025,36,282,7853.8,281,27.95,7878.92,20.12,5181.44,186,325200,279,2855.79,270
50,2025,37,263,7715.83,263,29.34,7727.34,5.01,5032.0,172,325728,258,2779.75,249
50,2025,38,271,8097.76,271,29.88,8102.26,0.0,5892.61,204,343139,270,2948.67,266
50,2025,39,291,8312.57,291,28.57,8340.19,21.62,5739.46,200,392237,287,3052.18,277
50,2025,40,201,6009.83,200,30.05,6030.25,19.42,4230.98,146,241694,199,2193.21,193
50,2025,41,136,4206.22,136,30.93,4221.87,11.65,2200.35,87,187202,136,1407.89,133
50,2025,42,111,3348.6,111,30.17,3353.86,2.26,1787.86,67,148154,110,1137.29,107
50,2025,43,118,3574.61,118,30.29,3595.61,9.8,1722.58,64,145337,118,1168.1,110
50,2025,44,121,3841.2,121,31.75,3850.4,4.2,1742.8,63,165883,121,1248.51,112
50,2025,45,123,3803.55,123,30.92,3809.05,0.0,1866.5,70,176829,123,1358.35,119
50,2025,46,148,4474.62,148,30.23,4477.62,0.0,2719.99,95,201642,148,1576.86,141
50,2025,47,133,4008.92,132,30.37,4022.13,10.21,1734.32,64,173456,132,1339.71,124
50,2025,48,100,2791.84,100,27.92,2802.65,5.31,1448.65,54,122703,99,995.94,98
50,2025,49,161,4802.29,161,29.83,4806.38,0.09,2638.53,100,204766,160,1619.62,155
50,2025,50,121,3620.29,121,29.92,3649.96,10.17,1835.95,67,154990,121,1292.97,117
50,2025,51,118,3803.65,118,32.23,3888.75,79.1,2132.02,64,149012,114,1159.82,111
50,2025,52,102,3142.97,101,31.12,3148.52,3.05,1285.43,48,144593,100,1135.26,99
50,2026,1,97,2914.29,97,30.04,2925.95,8.16,1372.04,55,115416,95,991.69,93
50,2026,2,119,3619.66,119,30.42,3637.28,0.0,1947.25,71,182957,115,1313.19,113
50,2026,3,124,3728.42,124,30.07,3748.21,14.79,1800.06,67,153428,124,1261.71,117
50,2026,4,109,3090.04,109,28.35,3092.61,0.07,1709.78,65,139670,109,1054.52,106
50,2026,5,118,3534.31,118,29.95,3543.66,6.85,1623.64,60,165520,118,1270.89,113
50,2026,6,161,4897.43,159,30.8,4950.45,21.02,2413.0,88,217883,155,1737.63,151
50,2026,7,138,4343.98,138,31.48,4361.36,14.38,2261.28,81,199715,137,1514.16,132
50,2026,8,120,3648.01,120,30.4,3684.2,9.44,1917.5,69,170403,120,1294.96,114
50,2026,9,97,3005.09,97,30.98,3018.26,0.07,1311.67,51,123064,94,995.06,88
50,2026,10,155,4549.5,154,29.54,4580.26,10.26,2690.55,99,211954,150,1552.61,148
50,2026,11,179,5157.46,179,28.81,5169.46,5.5,2889.01,108,222915,178,1667.36,169
50,2026,12,109,2664.88,109,24.45,2681.38,2.0,1549.54,62,131085,104,923.43,101
50,2026,13,90,2706.1,90,30.07,2746.6,37.0,1372.62,48,110884,88,896.35,80
50,2026,14,120,3390.6,119,28.49,3399.67,3.07,1467.23,59,148028,118,1104.33,109
50,2026,15,146,4012.33,146,27.48,4016.1,0.77,2437.97,94,204162,145,1378.22,140
50,2026,16,110,3145.19,110,28.59,3147.83,0.14,1891.68,70,144762,110,1106.54,110
50,2026,17,109,3214.85,109,29.49,3240.91,9.56,1666.75,61,148321,109,1085.5,100
50,2026,18,117,3226.46,116,27.81,3241.71,10.25,1665.14,64,146394,115,1056.91,107
50,2026,19,109,3297.0,109,30.25,3321.83,21.83,1829.72,65,152520,109,1112.03,103
50,2026,20,120,3463.03,120,28.86,3481.03,2.0,2099.58,77,153568,120,1179.86,113
50,2026,21,117,3275.5,117,28.0,3282.5,2.0,1499.14,60,139725,116,1051.3,110
50,2026,22,112,2976.59,111,26.82,3035.71,11.62,1532.23,61,132658,110,994.25,104
51,2024,1,139,4454.3,139,32.05,4465.9,9.1,2033.0,73,190502,135,1258.16,133
51,2024,2,156,4916.14,156,31.51,4929.39,11.25,2649.5,95,216794,153,1452.37,150
51,2024,3,162,5005.7,162,30.9,5068.5,44.05,2855.0,103,232830,160,1660.59,152
51,2024,4,145,4447.46,145,30.67,4476.1,20.14,2335.25,81,211253,140,1408.35,131
51,2024,5,174,5418.05,174,31.14,5444.22,23.67,2705.25,97,231821,168,1656.53,161
51,2024,6,172,5291.52,172,30.76,5335.0,39.48,3208.75,112,251650,170,1695.23,162
51,2024,7,179,5622.51,179,31.41,5656.82,32.31,3202.0,116,249042,177,1815.81,168
51,2024,8,189,5947.92,188,31.64,5985.09,36.17,3461.0,123,268851,186,1877.08,170
51,2024,9,202,6075.89,198,30.69,6102.59,20.7,3383.23,121,262618,191,1899.94,176
51,2024,10,181,5278.52,180,29.33,5310.43,28.91,2852.5,103,253748,175,1593.55,155
51,2024,11,227,6798.92,227,29.95,6860.96,36.54,4097.82,148,326498,217,2264.7,205
51,2024,12,222,6841.32,221,30.96,6904.75,37.43,4170.47,149,310308,220,2103.49,209
51,2024,13,203,6130.52,201,30.5,6202.78,8.76,3859.75,142,275968,201,1914.71,191
51,2024,14,222,6954.54,221,31.47,7064.01,75.47,4262.5,151,320470,219,2264.17,209
51,2024,15,201,6126.24,201,30.48,6199.81,19.57,3760.5,132,284312,196,1873.94,177
51,2024,16,217,6744.11,217,31.08,6787.98,21.87,4283.04,146,324456,215,2132.87,202
51,2024,17,197,5956.04,197,30.23,6031.98,32.44,3550.27,126,278170,193,1841.29,183
51,2024,18,208,6121.6,207,29.57,6184.76,37.91,3986.75,148,308056,205,1978.55,195
51,2024,19,199,6345.39,199,31.89,6404.24,34.1,3820.4,132,329843,197,2019.36,190
51,2024,20,212,6539.86,210,31.14,6636.53,42.67,3882.67,140,371569,207,2108.64,196
51,2024,21,195,6171.61,195,31.65,6257.02,20.66,3554.13,129,289669,192,1931.23,182
51,2024,22,195,5643.28,194,29.09,5692.38,30.6,3316.64,123,300702,191,1694.31,174
51,2024,23,182,5857.17,182,32.18,5917.21,40.04,3197.25,117,270952,180,1912.18,172
51,2024,24,165,4695.16,165,28.46,4732.92,10.76,2795.25,98,212310,160,1521.86,149
51,2024,25,168,4786.66,167,28.66,4868.15,53.49,3121.88,112,223716,165,1569.13,159
51,2024,26,194,5895.81,192,30.71,5968.14,45.33,3623.25,130,256586,189,1874.6,182
51,2024,27,200,6340.76,200,31.7,6402.32,34.06,3964.75,141,298311,199,2186.32,194
51,2024,28,193,6245.94,193,32.36,6333.76,57.32,3630.34,129,277720,191,2037.34,184
51,2024,29,191,5957.49,191,31.19,6047.51,34.02,3226.5,116,269970,190,1935.01,168
51,2024,30,170,5262.39,168,31.32,5344.33,71.94,3037.36,109,235339,167,1750.65,158
51,2024,31,185,5735.56,185,31.0,5798.71,46.65,3393.72,123,255468,184,1935.64,177
51,2024,32,181,5697.48,181,31.48,5756.07,42.09,3323.75,121,262301,181,1997.8,176
51,2024,33,178,5700.3,178,32.02,5750.58,35.03,3124.0,112,244087,178,1833.72,171
51,2024,34,196,5578.2,196,28.46,5658.14,69.44,3548.54,136,267149,196,1855.32,185
51,2024,35,201,6148.48,200,30.74,6225.5,56.77,3729.95,135,353733,197,2004.79,189
51,2024,36,203,5769.54,202,28.56,5866.36,68.82,3733.89,143,248601,200,1888.43,193
51,2024,37,233,6869.6,232,29.61,6947.75,43.65,4422.42,163,326474,231,2287.46,222
51,2024,38,241,7541.12,241,31.29,7647.57,48.95,4664.25,164,333925,241,2494.45,232
51,2024,39,203,5846.65,203,28.8,5899.39,24.24,4121.66,150,272899,201,1948.96,192
51,2024,40,226,6769.84,226,29.96,6822.18,27.34,4212.73,150,294281,225,2236.09,213
51,2024,41,229,6894.02,228,30.24,6991.75,51.98,4098.72,150,307913,228,2265.77,219
51,2024,42,192,5707.29,191,29.88,5796.88,67.59,3552.67,126,260245,189,1879.13,185
51,2024,43,232,6589.75,232,28.4,6672.28,23.53,4536.25,168,319377,232,2277.31,222
51,2024,44,220,6349.29,219,28.99,6398.83,32.54,4382.24,160,289017,218,2165.87,212
51,2024,45,180,5409.89,180,30.05,5459.5,29.11,3333.14,122,234705,179,1855.55,176
51,2024,46,237,7180.5,236,30.43,7234.72,32.72,4584.0,161,378093,233,2447.78,231
51,2024,47,234,7152.54,233,30.7,7235.12,38.58,4541.28,164,349033,233,2409.24,230
51,2024,48,184,5694.42,184,30.95,5735.77,1.85,3644.5,126,263328,182,1927.62,176
51,2024,49,214,6419.76,214,30.0,6489.65,48.39,4484.44,161,263778,214,2119.02,203
51,2024,50,169,5598.82,169,33.13,5621.34,14.02,3166.12,112,232938,168,1811.92,167
51,2024,51,199,6177.95,199,31.04,6218.17,19.72,4163.95,144,266140,198,1977.8,194
51,2024,52,153,4653.99,153,30.42,4672.64,5.65,2783.0,100,202342,151,1505.77,145
51,2025,1,138,4323.45,138,31.33,4356.95,29.5,3165.64,114,204134,138,1494.91,136
51,2025,2,154,4609.0,154,29.93,4640.61,26.61,3138.5,113,206721,154,1558.14,150
51,2025,3,169,5374.15,169,31.8,5443.06,32.51,3454.75,122,239707,167,1819.12,164
51,2025,4,166,4852.43,166,29.23,4881.34,23.91,3103.2,113,224322,165,1686.8,163
51,2025,5,170,5697.69,169,33.71,5747.55,47.86,3686.49,127,257564,169,1933.98,165
51,2025,6,218,6303.22,218,28.91,6319.54,11.32,3923.54,144,282761,215,2160.99,208
51,2025,7,182,5629.43,182,30.93,5658.93,24.0,3959.54,138,247565,181,1934.79,180
51,2025,8,225,6729.2,225,29.91,6768.64,28.44,4634.09,170,296989,225,2286.82,220
51,2025,9,230,6730.5,230,29.26,6813.24,27.24,4676.3,167,291629,229,2299.57,219
51,2025,10,240,6970.52,239,29.17,7025.07,40.55,4165.89,160,309079,236,2353.23,229
51,2025,11,229,6978.79,228,30.61,7022.58,25.29,4527.12,162,280523,228,2367.52,224
51,2025,12,249,7568.43,249,30.4,7636.35,32.67,4489.42,158,337791,247,2563.42,238
51,2025,13,222,7073.61,222,31.86,7094.31,0.19,3855.5,136,298668,222,2415.79,217
51,2025,14,217,6441.95,215,29.96,6471.5,14.55,4396.98,158,290471,213,2243.87,211
51,2025,15,250,7390.88,250,29.56,7423.52,14.14,4803.1,168,307472,248,2476.27,240
51,2025,16,236,6868.92,236,29.11,6941.51,0.09,4296.03,158,310623,233,2332.2,229
51,2025,17,249,7392.72,248,29.81,7455.96,45.24,4368.66,159,340420,246,2509.01,242
51,2025,18,211,6116.51,210,29.13,6155.97,23.46,3824.1,138,282902,207,2109.6,205
51,2025,19,246,7376.32,245,30.11,7427.37,27.55,4537.08,159,354331,245,2448.3,235
51,2025,20,247,7494.84,244,30.72,7540.78,32.94,4663.45,166,329062,243,2448.08,239
51,2025,21,233,6538.34,233,28.06,6606.51,48.67,4774.82,172,294064,228,2242.86,222
51,2025,22,217,6143.96,217,28.31,6197.54,26.08,4252.08,156,272379,215,2058.9,209
51,2025,23,264,7728.21,263,29.38,7849.38,50.37,5036.88,182,357691,260,2604.63,249
51,2025,24,225,6470.02,222,29.14,6503.1,16.58,4316.5,152,272922,219,2157.72,215
51,2025,25,201,5640.87,201,28.06,5700.04,32.67,4107.5,151,264495,199,1972.12,193
51,2025,26,227,6662.51,227,29.35,6723.95,34.94,4182.0,152,367370,225,2247.4,214
51,2025,27,240,7100.45,239,29.71,7200.73,63.28,4998.23,174,319319,235,2404.01,228
51,2025,28,237,7015.62,237,29.6,7065.56,36.94,4661.25,164,313178,234,2332.97,227
51,2025,29,258,7516.33,257,29.25,7543.39,11.06,4886.12,176,341099,253,2600.62,244
51,2025,30,245,7829.04,245,31.96,7880.47,33.93,5080.97,178,351395,244,2585.86,238
51,2025,31,230,6802.52,229,29.71,6842.42,28.4,4496.5,158,324372,225,2353.96,216
51,2025,32,236,6876.39,236,29.14,6926.17,31.78,4579.9,163,325604,232,2363.78,224
51,2025,33,246,7393.26,245,30.18,7491.8,34.04,4928.42,172,340222,243,2566.92,237
51,2025,34,192,5905.65,192,30.76,5965.22,48.57,3739.72,134,262338,190,2056.61,183
51,2025,35,227,6890.28,227,30.35,6991.76,36.73,4120.58,146,305970,226,2353.04,216
51,2025,36,241,7134.69,241,29.6,7173.13,34.94,4741.05,176,315812,239,2501.44,232
51,2025,37,245,7664.64,245,31.28,7736.34,55.45,4707.66,165,342683,244,2620.18,237
51,2025,38,229,7087.69,229,30.95,7129.01,36.82,4800.15,171,298041,225,2373.9,221
51,2025,39,232,7457.6,232,32.14,7490.82,10.22,4489.88,158,348662,231,2563.14,227
51,2025,40,231,7874.13,230,34.24,7910.07,24.44,4367.59,151,321468,229,2556.2,219
51,2025,41,161,5408.04,160,33.8,5485.86,37.82,2569.95,90,213000,158,1702.09,147
51,2025,42,145,5094.45,145,35.13,5229.96,45.96,2277.65,81,205156,145,1683.74,136
51,2025,43,108,3984.82,108,36.9,3988.32,2.0,1346.75,48,152012,106,1202.93,106
51,2025,44,114,4007.6,114,35.15,4069.82,23.72,1819.65,62,164752,112,1300.1,107
51,2025,45,166,5726.34,165,34.71,5746.05,17.21,2503.45,90,216971,162,1815.08,157
51,2025,46,118,4092.61,118,34.68,4103.03,8.92,1734.63,62,231073,117,1304.98,115
51,2025,47,155,5300.01,155,34.19,5312.95,6.94,2203.09,83,223282,155,1706.53,152
51,2025,48,94,3235.43,93,34.79,3246.28,6.85,1489.16,50,129755,93,1074.04,92
51,2025,49,138,4567.14,138,33.1,4587.82,16.18,2166.41,81,201620,137,1439.8,127
51,2025,50,125,4488.18,124,36.19,4505.13,13.45,1715.35,64,186184,124,1369.27,117
51,2025,51,113,4076.0,113,36.07,4085.15,7.15,1772.32,64,175076,112,1352.94,107
51,2025,52,89,3234.06,89,36.34,3234.56,0.0,1331.25,45,141204,88,1075.14,84
51,2026,1,91,3147.21,91,34.58,3148.21,0.0,1344.13,47,129982,90,1094.04,86
51,2026,2,121,4419.31,121,36.52,4426.49,6.68,1599.75,58,171072,121,1327.96,111
51,2026,3,137,5167.1,136,37.99,5186.87,12.77,1652.78,58,262727,136,1660.89,126
51,2026,4,93,3316.11,93,35.66,3334.84,17.73,1322.98,47,130489,93,1084.19,87
51,2026,5,123,4345.26,123,35.33,4371.32,19.06,1391.43,54,190613,123,1374.4,111
51,2026,6,156,5081.42,156,32.57,5120.52,10.6,2278.63,85,210091,155,1649.69,141
51,2026,7,124,4010.83,123,32.61,4022.74,9.91,1770.4,65,222892,123,1376.75,118
51,2026,8,133,4948.23,133,37.2,4958.47,8.74,2032.48,73,191180,132,1652.39,127
51,2026,9,139,4861.15,139,34.97,4880.6,10.95,1621.39,63,198853,139,1613.87,129
51,2026,10,146,4799.0,146,32.87,4825.86,20.36,2369.16,86,192575,145,1607.73,138
51,2026,11,152,4948.31,152,32.55,4967.2,16.89,2481.67,87,258668,152,1586.72,143
51,2026,12,139,4777.02,138,34.62,4820.41,21.89,2045.57,70,186506,136,1500.07,125
51,2026,13,117,3844.94,117,32.86,3884.94,36.5,1881.87,64,145295,116,1243.76,109
51,2026,14,131,4339.09,130,33.38,4368.57,17.98,1811.13,64,196054,129,1347.08,122
51,2026,15,130,4221.63,129,32.73,4235.66,11.53,1996.67,69,175561,129,1424.77,121
51,2026,16,154,5073.95,154,32.95,5101.38,22.43,2394.6,85,229100,152,1716.52,149
51,2026,17,144,4756.23,144,33.03,4778.69,17.96,2162.14,78,201664,143,1512.48,137
51,2026,18,149,4737.22,148,32.01,4944.65,29.93,1678.07,66,196550,143,1572.25,136
51,2026,19,169,6381.07,169,37.76,6498.81,106.99,2803.6,84,287096,169,1982.4,158
51,2026,20,126,4233.73,126,33.6,4308.03,42.8,1954.91,70,180189,125,1461.76,119
51,2026,21,141,4537.7,141,32.18,4564.09,21.89,2023.83,70,183931,140,1410.97,127
51,2026,22,115,3986.96,115,34.67,4016.18,26.22,1842.47,62,168609,114,1350.42,109
52,2024,1,70,2465.62,70,35.22,2466.62,0.0,1549.0,49,142269,70,684.53,68
52,2024,2,69,2190.5,69,31.75,2260.82,9.22,1188.25,41,171617,68,542.61,60
52,2024,3,65,1950.94,64,30.48,1995.04,5.6,1013.0,36,108369,62,512.04,58
52,2024,4,60,1862.14,60,31.04,1865.14,0.0,1196.5,40,104188,60,573.23,53
52,2024,5,82,2593.79,82,31.63,2625.12,16.58,1463.75,50,150387,81,776.25,77
52,2024,6,93,2663.18,93,28.64,2669.63,6.45,1640.25,59,152874,93,780.06,85
52,2024,7,75,2312.19,75,30.83,2321.49,6.3,1318.75,45,120238,74,736.36,71
52,2024,8,81,2337.09,80,29.21,2338.84,1.75,1591.35,56,125159,80,782.94,76
52,2024,9,95,2960.62,95,31.16,2973.96,7.84,1695.48,59,162649,94,895.81,89
52,2024,10,93,2817.29,93,30.29,2834.85,16.56,2012.75,69,165082,91,926.1,91
52,2024,11,82,2728.64,82,33.28,2740.99,4.35,1619.75,54,140501,81,851.58,76
52,2024,12,80,2506.74,80,31.33,2515.2,6.96,1347.5,48,131083,79,752.68,75
52,2024,13,77,2449.59,76,32.23,2451.71,0.12,1495.5,52,128918,76,791.01,71
52,2024,14,75,2567.28,75,34.23,2570.28,1.0,1561.5,51,130776,75,867.3,74
52,2024,15,71,2438.57,71,34.35,2444.42,4.85,1427.75,48,131031,71,816.9,70
52,2024,16,89,2978.29,89,33.46,2982.77,4.48,1623.52,56,169781,89,928.29,84
52,2024,17,80,2746.0,80,34.32,2760.76,13.76,1562.99,54,138382,79,915.06,78
52,2024,18,81,2857.22,81,35.27,2866.45,9.23,1504.63,49,151575,81,895.99,79
52,2024,19,89,2775.42,89,31.18,2810.8,26.88,1612.26,56,155990,89,880.59,87
52,2024,20,70,2373.67,70,33.91,2375.16,1.49,1479.0,51,128926,70,740.95,69
52,2024,21,85,2839.63,85,33.41,2854.15,10.52,1483.5,53,196628,85,905.74,83
52,2024,22,79,2478.35,79,31.37,2517.67,31.32,1395.99,49,134706,78,750.05,76
52,2024,23,93,3094.11,93,33.27,3101.38,4.77,1726.75,60,162605,92,969.24,90
52,2024,24,74,2340.68,74,31.63,2343.75,0.07,1556.5,50,135394,74,735.36,70
52,2024,25,80,2422.78,80,30.28,2472.04,45.76,1512.31,50,127377,80,755.93,75
52,2024,26,99,3280.3,99,33.13,3292.86,11.56,1792.5,60,167202,98,1015.14,95
52,2024,27,74,2286.81,74,30.9,2298.88,6.07,1281.1,46,117897,73,704.47,67
52,2024,28,85,2662.43,85,31.32,2670.79,4.86,1713.25,60,137787,84,856.93,80
52,2024,29,93,3101.46,93,33.35,3108.82,3.36,1520.52,53,162940,92,1039.01,89
52,2024,30,85,2642.08,85,31.08,2654.1,12.02,1578.25,53,140338,85,927.51,85
52,2024,31,77,2545.18,77,33.05,2560.23,14.05,1564.5,52,136920,77,868.27,77
52,2024,32,81,2574.39,81,31.78,2583.01,6.62,1699.38,58,145232,81,904.4,80
52,2024,33,94,2882.91,93,31.0,2892.63,5.72,1804.25,62,148789,92,957.03,90
52,2024,34,87,2955.59,87,33.97,2973.8,16.21,1665.25,56,153253,85,987.04,80
52,2024,35,102,3185.74,102,31.23,3206.09,16.35,2211.56,74,175885,102,1060.65,101
52,2024,36,81,2650.41,80,33.13,2650.55,0.14,1457.0,50,143892,80,883.49,79
52,2024,37,89,2907.61,89,32.67,2928.56,17.45,1786.88,61,153844,89,987.54,87
52,2024,38,103,3198.95,103,31.06,3233.18,30.23,2011.0,69,184211,102,1027.89,102
52,2024,39,93,2843.81,92,30.91,2847.93,4.12,1843.75,66,164990,91,971.92,91
52,2024,40,104,3392.31,103,32.94,3422.46,24.65,2248.25,74,195467,103,1128.13,101
52,2024,41,93,2980.29,93,32.05,3036.75,17.96,2026.26,69,174406,93,965.67,92
52,2024,42,91,2965.17,91,32.58,2999.4,26.23,1825.72,61,185821,91,942.08,89
52,2024,43,98,3178.25,97,32.77,3191.64,11.39,1981.75,67,184558,97,1051.04,97
52,2024,44,96,2874.09,96,29.94,2897.36,21.27,2005.92,67,169508,95,994.09,95
52,2024,45,107,3439.02,107,32.14,3441.59,0.07,2204.62,72,211362,107,1152.83,107
52,2024,46,102,3238.44,102,31.75,3247.82,6.38,2280.75,75,194834,102,1052.35,102
52,2024,47,103,3105.06,102,30.44,3115.96,10.9,2177.51,74,180069,102,1026.05,100
52,2024,48,82,2370.51,82,28.91,2374.81,0.3,1768.75,63,129613,82,856.39,81
52,2024,49,69,2146.4,69,31.11,2150.9,0.0,1194.0,42,116106,69,751.43,67
52,2024,50,76,2444.49,76,32.16,2460.99,5.0,1435.0,49,130294,76,823.21,73
52,2024,51,82,2466.81,82,30.08,2486.72,18.91,1705.08,60,134794,82,791.52,82
52,2024,52,68,1895.78,68,27.88,1902.45,6.67,1226.0,41,111174,66,644.5,65
52,2025,1,61,1782.66,61,29.22,1782.7,0.04,1029.5,37,103812,61,624.09,60
52,2025,2,74,2211.23,74,29.88,2213.28,0.05,1252.75,44,117660,74,762.65,73
52,2025,3,87,2714.11,87,31.2,2731.41,14.8,1667.66,55,146179,86,933.17,86
52,2025,4,73,2188.92,73,29.99,2198.32,5.9,1415.5,49,124361,71,777.29,71
52,2025,5,93,2705.46,93,29.09,2707.5,0.04,1981.0,69,159430,93,904.73,92
52,2025,6,84,2518.71,84,29.98,2520.85,0.14,1682.46,59,145259,84,828.3,83
52,2025,7,89,2620.34,89,29.44,2633.69,11.85,1939.04,67,155986,89,899.85,88
52,2025,8,98,2813.59,98,28.71,2839.17,0.08,1794.75,64,145739,97,992.13,96
52,2025,9,93,2586.16,93,27.81,2614.16,0.0,1880.7,66,139861,92,936.12,92
52,2025,10,105,3178.42,105,30.27,3179.99,0.07,2064.0,72,175155,105,1133.67,105
52,2025,11,115,3609.8,114,31.66,3700.07,82.77,2642.5,87,249918,113,1255.86,113
52,2025,12,93,2739.41,93,29.46,2754.91,5.0,1917.25,66,145969,93,976.92,91
52,2025,13,98,2770.74,97,28.56,2782.56,9.82,1998.42,69,150534,97,998.22,97
52,2025,14,96,2841.11,96,29.59,2844.61,0.0,1901.17,65,150239,95,1004.92,94
52,2025,15,102,2905.92,102,28.49,2912.87,3.45,1796.27,63,155308,99,995.02,98
52,2025,16,107,3094.25,106,29.19,3116.17,12.92,2131.6,74,161598,106,1079.65,104
52,2025,17,96,2851.09,96,29.7,2907.61,12.52,1587.25,57,154736,95,1005.02,94
52,2025,18,94,2752.52,94,29.28,2761.33,7.31,1767.02,62,154181,94,995.63,94
52,2025,19,106,2980.58,106,28.12,3042.27,7.19,2004.96,71,161881,105,1005.05,102
52,2025,20,86,2422.11,85,28.5,2424.32,0.21,1732.25,62,132937,85,861.58,85
52,2025,21,100,3032.46,100,30.32,3048.67,11.96,2377.25,80,164245,100,1071.23,99
52,2025,22,97,2869.64,97,29.58,2941.89,23.75,2333.04,79,155422,97,985.09,96
52,2025,23,72,2213.27,72,30.74,2228.52,12.75,1528.25,51,118100,72,806.56,71
52,2025,24,92,2832.06,91,31.12,2861.53,21.97,1993.65,67,154756,91,1026.41,91
52,2025,25,88,2578.16,88,29.3,2594.47,10.81,1833.51,62,146458,88,923.92,88
52,2025,26,87,2438.74,87,28.03,2441.28,0.04,1768.75,62,135690,87,855.0,85
52,2025,27,89,2582.28,88,29.34,2601.01,16.23,1782.08,61,168385,88,935.24,88
52,2025,28,85,2495.81,85,29.36,2521.39,4.58,1584.0,56,135920,85,893.96,85
52,2025,29,76,2283.17,76,30.04,2289.7,5.03,1539.26,53,127679,76,796.07,76
52,2025,30,85,2593.63,85,30.51,2609.44,11.81,1950.25,67,137418,85,927.98,85
52,2025,31,90,2657.39,90,29.53,2684.07,25.18,2101.55,70,148196,90,908.61,88
52,2025,32,92,2600.28,92,28.26,2616.33,13.55,1936.0,67,140187,92,913.83,88
52,2025,33,75,2219.97,75,29.6,2232.83,7.36,1730.6,59,126484,75,797.89,75
52,2025,34,89,2777.28,89,31.21,2785.78,0.0,2146.5,70,143679,88,994.84,86
52,2025,35,86,2475.36,86,28.78,2481.53,6.17,1822.75,63,131940,86,862.72,84
52,2025,36,83,2410.12,82,29.39,2412.48,2.36,1860.25,64,143836,82,867.77,81
52,2025,37,86,2609.62,86,30.34,2624.76,12.64,1778.73,63,137730,86,922.17,85
52,2025,38,79,2451.8,79,31.04,2454.93,2.63,1682.43,59,124984,79,865.24,78
52,2025,39,84,2690.93,84,32.03,2691.43,0.0,1757.68,59,134000,84,939.95,83
52,2025,40,54,1795.76,54,33.25,1797.26,0.0,793.5,28,88248,54,617.23,54
52,2025,41,61,2019.52,61,33.11,2020.16,0.14,870.19,30,103753,60,694.0,60
52,2025,42,40,1395.29,40,34.88,1412.71,16.42,714.1,24,68447,40,476.09,39
52,2025,43,45,1630.06,45,36.22,1641.23,9.17,759.7,25,75091,45,537.53,44
52,2025,44,34,1166.06,33,35.34,1177.23,10.17,506.58,16,57267,33,421.93,33
52,2025,45,43,1529.27,43,35.56,1533.27,0.0,748.4,24,79877,43,517.24,41
52,2025,46,38,1264.97,38,33.29,1264.97,0.0,621.75,22,62633,37,421.64,37
52,2025,47,40,1443.93,40,36.1,1466.8,21.37,771.5,24,74789,39,483.57,39
52,2025,48,37,1303.34,37,35.23,1303.34,0.0,576.25,20,69462,37,447.35,36
52,2025,49,52,1964.95,52,37.79,2021.92,35.97,742.39,23,91432,52,626.14,49
52,2025,50,41,1447.58,41,35.31,1454.78,6.7,567.25,19,69631,40,471.73,39
52,2025,51,43,1426.53,43,33.18,1439.31,10.78,647.84,23,75903,43,410.17,39
52,2025,52,20,692.53,20,34.63,692.53,0.0,309.0,10,35049,20,241.64,20
52,2026,1,38,1375.36,38,36.19,1375.36,0.0,457.0,16,63494,37,481.16,37
52,2026,2,46,1612.43,46,35.05,1647.42,33.99,857.98,27,81082,46,524.3,44
52,2026,3,34,1125.24,34,33.1,1134.13,8.39,579.28,21,58003,33,386.73,33
52,2026,4,30,1125.4,30,37.51,1131.08,5.68,585.0,19,54406,30,374.96,29
52,2026,5,45,1710.88,45,38.02,1713.84,2.46,585.52,20,87537,45,577.37,44
52,2026,6,53,1785.52,53,33.69,1787.52,0.0,779.0,27,90125,53,599.53,52
52,2026,7,45,1517.38,45,33.72,1531.0,12.12,725.18,24,87423,43,515.5,42
52,2026,8,45,1548.57,45,34.41,1575.75,26.18,684.72,24,72194,45,529.41,44
52,2026,9,38,1314.41,38,34.59,1314.41,0.0,446.0,15,66358,36,455.05,36
52,2026,10,38,1171.79,38,30.84,1172.36,0.07,607.0,22,62138,38,398.17,37
52,2026,11,43,1141.28,42,27.17,1153.78,3.0,742.5,29,70967,41,344.48,39
52,2026,12,36,1175.11,36,32.64,1175.13,0.02,495.25,17,51365,35,316.76,30
52,2026,13,40,1079.22,39,27.67,1079.22,0.0,504.25,18,76315,38,360.8,37
52,2026,14,40,1285.68,40,32.14,1285.68,0.0,587.75,20,65922,38,422.48,38
52,2026,15,46,1507.6,46,32.77,1540.64,25.04,895.75,29,80648,46,528.56,46
52,2026,16,47,1477.51,47,31.44,1506.77,27.26,762.11,25,77272,47,504.76,46
52,2026,17,37,1178.13,37,31.84,1178.17,0.04,680.25,22,71040,37,401.27,36
52,2026,18,38,1314.09,38,34.58,1320.13,5.54,525.0,18,67798,37,420.97,36
52,2026,19,53,1647.63,53,31.09,1653.13,5.0,655.85,22,90859,53,577.57,52
52,2026,20,36,1151.18,36,31.98,1153.87,2.69,769.75,25,60482,36,385.21,35
52,2026,21,39,1262.96,39,32.38,1269.03,5.57,756.77,25,66660,39,415.21,37
52,2026,22,22,649.44,22,29.52,666.93,12.49,384.25,13,40069,22,227.71,22
53,2024,1,265,8543.86,265,32.24,8583.96,33.1,5108.25,169,310481,265,2873.53,256
53,2024,2,243,7622.18,243,31.37,7676.6,23.92,4048.5,136,287962,241,2371.87,227
53,2024,3,263,8287.62,263,31.51,8316.95,16.58,4150.25,137,323601,261,2841.01,254
53,2024,4,355,11164.6,355,31.45,11220.94,47.34,6033.98,198,439433,351,3877.19,334
53,2024,5,344,11297.97,344,32.84,11356.22,53.25,5895.25,194,427062,342,3887.52,326
53,2024,6,380,12415.56,380,32.67,12481.17,42.11,7257.25,237,491317,380,4378.44,367
53,2024,7,365,11486.45,365,31.47,11552.11,10.16,6267.0,206,435460,364,3920.53,347
53,2024,8,386,12061.36,386,31.25,12097.05,22.19,7714.85,253,520574,385,3980.87,344
53,2024,9,425,13392.98,423,31.66,13407.07,6.01,7402.75,244,511900,420,4189.06,360
53,2024,10,375,11807.53,375,31.49,11846.29,24.26,6732.13,222,455267,374,3629.15,317
53,2024,11,448,14006.08,446,31.4,14121.0,43.42,8734.0,291,531184,446,4333.6,370
53,2024,12,435,13363.81,435,30.72,13482.35,39.54,7873.75,265,552516,431,4151.95,355
53,2024,13,427,13555.97,427,31.75,13586.77,13.3,7514.26,250,509157,425,4383.15,371
53,2024,14,405,12894.83,405,31.84,12935.28,24.45,7722.0,257,519839,405,4093.52,349
53,2024,15,345,11230.9,344,32.65,11272.85,25.45,6287.75,209,448734,344,3496.93,288
53,2024,16,396,12398.83,396,31.31,12419.23,10.4,6857.26,229,483015,394,3918.32,334
53,2024,17,393,12836.97,393,32.66,12881.04,31.07,7590.64,251,513641,393,4007.27,333
53,2024,18,375,11908.9,375,31.76,12116.85,29.95,6035.5,204,554891,371,3693.57,309
53,2024,19,336,11014.43,334,32.98,11108.3,56.87,5306.36,177,462448,333,3301.05,270
53,2024,20,340,11122.83,340,32.71,11196.88,16.05,5633.25,193,471494,340,3488.8,286
53,2024,21,363,11915.95,362,32.92,11976.25,37.97,5585.69,186,523998,362,3550.41,290
53,2024,22,336,10850.41,335,32.39,10972.23,25.32,6195.75,206,432698,333,3620.78,294
53,2024,23,295,9976.5,295,33.82,10011.2,0.7,5715.29,189,416449,294,3382.97,279
53,2024,24,323,10177.62,322,31.61,10218.51,12.14,6579.01,221,407439,317,3648.47,301
53,2024,25,330,10227.81,330,30.99,10385.76,119.95,6927.67,226,396093,329,3550.69,305
53,2024,26,302,9863.28,300,32.88,9898.55,24.27,5754.0,198,413486,300,3469.98,284
53,2024,27,419,13394.63,418,32.04,13489.11,66.98,8815.33,300,544670,416,4761.08,399
53,2024,28,390,12488.51,389,32.1,12557.01,55.0,7988.31,267,521618,388,4301.41,359
53,2024,29,415,13474.33,414,32.55,13520.06,32.23,7768.4,258,559702,413,4478.83,368
53,2024,30,409,13044.94,409,31.89,13088.05,18.11,7490.28,253,508145,403,4720.1,392
53,2024,31,462,14488.75,462,31.36,14540.11,35.36,8472.41,283,615767,459,5234.87,446
53,2024,32,421,13319.61,421,31.64,13368.48,42.37,7814.75,262,516706,416,4909.33,414
53,2024,33,455,15162.51,455,33.32,15223.24,44.73,9608.73,311,589638,454,5461.28,448
53,2024,34,452,14767.47,452,32.67,14807.62,31.65,9332.57,305,549962,449,5401.64,442
53,2024,35,426,14212.91,426,33.36,14261.76,11.85,8023.55,262,562879,425,5010.52,416
53,2024,36,461,14948.67,461,32.43,15006.37,40.7,10321.56,334,592539,459,5442.05,445
53,2024,37,510,16863.29,509,33.13,17010.99,83.7,10570.76,346,640350,505,6069.21,490
53,2024,38,429,14131.67,429,32.94,14223.07,32.4,8488.88,281,544197,426,5079.09,417
53,2024,39,461,14877.05,461,32.27,15006.57,57.52,9839.18,319,591025,457,5435.02,447
53,2024,40,519,16725.23,518,32.29,16835.5,8.77,10805.0,355,658525,518,6106.14,505
53,2024,41,527,17081.78,527,32.41,17183.1,38.82,10074.64,336,652232,517,6063.39,499
53,2024,42,448,14317.66,448,31.96,14410.09,45.43,8544.01,287,547676,447,5072.13,435
53,2024,43,437,14339.23,437,32.81,14440.09,48.86,8872.09,295,544255,435,5162.06,427
53,2024,44,481,14863.34,480,30.97,14995.54,50.2,9130.06,309,577361,477,5288.74,467
53,2024,45,406,13052.58,406,32.15,13120.13,12.05,6889.94,238,511182,403,4686.18,400
53,2024,46,428,13505.17,428,31.55,13560.94,30.77,7172.04,241,529155,426,4916.54,418
53,2024,47,392,12592.96,392,32.12,12707.14,57.18,6632.13,225,517959,392,4564.44,389
53,2024,48,340,11145.74,340,32.78,11195.38,32.64,5921.3,201,410313,336,4048.96,333
53,2024,49,318,10505.37,318,33.04,10554.27,28.4,6333.56,212,416892,315,3798.89,312
53,2024,50,340,10597.53,338,31.35,10616.37,0.84,6170.49,214,415570,338,3741.61,328
53,2024,51,352,11434.73,351,32.58,11598.66,16.93,6208.59,214,441687,351,4061.36,344
53,2024,52,308,9819.43,308,31.88,9859.45,15.52,5661.5,193,370744,306,3574.27,296
53,2025,1,266,8345.38,265,31.49,8370.19,11.81,5016.65,169,300769,263,3026.48,254
53,2025,2,312,10006.92,311,32.18,10033.15,16.23,5427.65,180,401275,309,3648.68,302
53,2025,3,342,11123.84,341,32.62,11182.77,11.43,6197.88,211,423296,340,3971.02,334
53,2025,4,352,11439.04,352,32.5,11447.72,0.18,6104.98,204,421673,349,4156.58,345
53,2025,5,402,12989.74,402,32.31,13069.59,32.85,7387.03,249,503492,401,4710.38,394
53,2025,6,448,14133.42,448,31.55,14173.88,9.96,7747.09,261,550506,443,5046.01,430
53,2025,7,384,12417.6,383,32.42,12423.67,0.07,6987.85,234,484043,380,4482.23,379
53,2025,8,446,14176.62,446,31.79,14203.38,17.76,8276.82,277,525647,445,5150.76,441
53,2025,9,477,15188.28,477,31.84,15273.42,42.14,7998.65,273,592725,474,5481.83,468
53,2025,10,492,15214.58,489,31.11,15309.71,35.63,8446.21,288,596816,481,5533.39,475
53,2025,11,487,15463.52,487,31.75,15617.15,63.63,8719.98,297,608209,484,5547.39,475
53,2025,12,467,14480.78,467,31.01,14596.48,9.7,8214.32,287,571397,464,5273.02,457
53,2025,13,418,13032.66,417,31.25,13085.34,22.18,7849.75,273,470259,413,4686.99,404
53,2025,14,460,14577.32,460,31.69,14688.55,50.73,8599.53,293,578329,459,5375.69,454
53,2025,15,466,14888.38,466,31.95,15010.02,44.14,8566.73,285,575245,463,5507.95,460
53,2025,16,478,15018.58,478,31.42,15139.93,12.85,8207.55,277,583697,476,5499.01,466
53,2025,17,486,15128.25,486,31.13,15388.82,42.07,8721.14,300,589355,484,5562.2,473
53,2025,18,470,14649.15,470,31.17,14719.05,46.9,8945.5,303,602324,468,5323.24,454
53,2025,19,442,14241.8,442,32.22,14320.98,56.43,8361.48,284,598071,441,5154.46,434
53,2025,20,441,14094.68,441,31.96,14139.16,29.48,9364.1,318,576836,441,5160.03,433
53,2025,21,433,13405.56,433,30.96,13477.37,53.81,9322.13,312,547155,432,4955.59,430
53,2025,22,455,13872.53,455,30.49,13929.72,19.19,9391.31,323,560362,455,5142.15,447
53,2025,23,461,14323.68,461,31.07,14396.96,19.78,8873.94,307,591194,460,5286.86,454
53,2025,24,512,16213.61,511,31.73,16330.22,38.61,10272.92,345,637942,510,5996.61,501
53,2025,25,443,13488.86,441,30.59,13532.24,5.38,8809.64,304,525187,437,5060.31,428
53,2025,26,456,14210.2,456,31.16,14299.04,18.84,8385.25,287,551997,455,5268.32,444
53,2025,27,461,14888.32,461,32.3,14993.87,62.55,9291.07,319,573794,460,5454.69,453
53,2025,28,438,14091.08,438,32.17,14197.51,70.93,8600.0,294,536473,437,5094.52,431
53,2025,29,452,14471.64,452,32.02,14547.11,52.97,8362.75,282,557682,451,5302.71,444
53,2025,30,438,14207.18,438,32.44,14284.42,48.24,8279.66,280,563068,437,5234.35,428
53,2025,31,495,15645.7,495,31.61,15705.73,38.03,9531.8,324,607607,493,5693.26,483
53,2025,32,475,14922.31,474,31.48,15144.43,60.82,9102.5,313,586479,473,5487.72,460
53,2025,33,459,14591.33,459,31.79,14666.3,25.97,8546.82,293,592886,456,5426.32,448
53,2025,34,456,14442.38,455,31.74,14519.27,55.39,8885.18,303,596585,449,5290.62,443
53,2025,35,466,15348.1,464,33.08,15421.13,51.53,8740.05,300,626880,458,5633.95,451
53,2025,36,456,14290.11,455,31.41,14336.17,43.56,9091.15,306,569116,453,5331.92,449
53,2025,37,466,15198.3,466,32.61,15338.66,90.36,9152.23,307,629565,462,5497.47,454
53,2025,38,513,16758.9,513,32.67,16847.17,63.52,9746.39,331,648317,509,5979.02,491
53,2025,39,555,18223.33,555,32.83,18320.74,77.91,10245.82,355,707386,551,6596.21,543
53,2025,40,441,14350.44,440,32.61,14414.17,36.23,8298.31,282,571040,436,5286.28,431
53,2025,41,263,9461.76,263,35.98,9478.79,13.03,4183.52,144,384371,260,3318.55,251
53,2025,42,183,7093.68,183,38.76,7123.11,20.93,2698.31,94,287740,182,2510.15,176
53,2025,43,204,7592.29,204,37.22,7619.23,18.44,2242.16,83,305332,197,2644.13,189
53,2025,44,176,6537.06,176,37.14,6549.55,5.49,2285.93,83,271077,176,2298.91,173
53,2025,45,233,8420.88,233,36.14,8431.58,7.7,3587.0,123,346148,233,2969.75,226
53,2025,46,242,8917.39,242,36.85,8957.31,11.17,3942.81,135,355681,242,3148.46,236
53,2025,47,237,8852.67,237,37.35,8889.33,29.66,3216.35,115,356286,237,3121.78,230
53,2025,48,189,6907.75,189,36.55,6942.93,11.68,2664.06,93,272736,188,2445.26,184
53,2025,49,247,9428.86,247,38.17,9475.04,25.93,3685.65,123,443096,247,3170.66,231
53,2025,50,239,9126.01,239,38.18,9156.0,5.99,3390.74,113,354945,238,3149.48,229
53,2025,51,219,8173.88,219,37.32,8183.22,0.84,2896.41,103,325598,219,2787.28,206
53,2025,52,157,5997.76,157,38.2,6116.79,33.53,2204.0,76,213852,155,2184.09,152
53,2026,1,163,6001.2,163,36.82,6010.15,4.95,2506.58,86,224662,163,2157.29,159
53,2026,2,212,8045.48,212,37.95,8113.52,14.54,3122.0,107,303326,211,2876.9,206
53,2026,3,214,7807.62,214,36.48,7815.74,5.62,3272.79,108,307331,212,2663.74,206
53,2026,4,188,7059.78,188,37.55,7113.36,11.08,2702.54,92,255838,185,2317.77,174
53,2026,5,221,8144.66,220,37.02,8162.25,12.59,3235.67,113,324377,217,2802.55,209
53,2026,6,258,9622.94,258,37.3,9645.17,14.48,3889.49,129,368381,256,3372.95,247
53,2026,7,232,8603.42,232,37.08,8618.13,10.71,3328.25,111,319215,230,3024.61,223
53,2026,8,228,8573.58,228,37.6,8589.51,5.93,3119.31,107,331614,228,2966.76,219
53,2026,9,214,7586.91,208,36.48,7621.33,6.42,3026.86,103,309048,207,2673.44,202
53,2026,10,242,7957.18,242,32.88,7977.57,15.89,3871.82,131,320353,237,2759.79,229
53,2026,11,234,7840.26,234,33.51,7982.48,5.47,3355.98,115,295126,232,2520.98,216
53,2026,12,218,7288.7,217,33.59,7423.57,5.37,3230.0,107,282168,212,2462.84,202
53,2026,13,160,5607.63,160,35.05,5613.14,0.51,2775.81,92,201960,160,1985.32,158
53,2026,14,203,7072.99,203,34.84,7095.45,10.21,3377.86,114,298228,200,2508.78,194
53,2026,15,200,7152.67,200,35.76,7169.37,13.2,3177.09,99,280133,199,2530.19,194
53,2026,16,228,8120.41,228,35.62,8141.08,9.67,3803.97,124,321795,227,2769.41,219
53,2026,17,207,7361.48,207,35.56,7392.03,14.36,3290.25,106,316796,204,2386.52,189
53,2026,18,201,6897.75,199,34.66,6923.92,0.17,3686.7,117,275206,197,2385.49,186
53,2026,19,267,9504.41,267,35.6,9561.11,21.2,3802.91,128,376249,265,3254.66,250
53,2026,20,255,8659.77,255,33.96,8725.72,1.95,3809.37,132,335274,253,2983.92,240
53,2026,21,220,7651.96,219,34.94,7737.94,21.48,3274.44,107,289241,215,2557.72,205
53,2026,22,184,7127.43,184,38.74,7167.07,6.89,2551.51,86,287468,184,2497.8,175
54,2024,1,113,3401.16,113,30.1,3409.23,6.07,2498.25,82,140129,112,1188.84,112
54,2024,2,69,2115.05,69,30.65,2117.12,0.07,1553.5,51,89501,69,749.26,67
54,2024,3,82,2632.79,82,32.11,2636.29,0.0,1784.5,58,106226,82,864.66,81
54,2024,4,90,2832.29,90,31.47,2837.8,5.51,2045.0,67,113859,90,951.47,88
54,2024,5,85,2696.49,85,31.72,2696.49,0.0,1812.5,58,113400,85,899.37,83
54,2024,6,112,3334.57,111,30.04,3351.2,12.63,2498.25,83,132051,110,1179.59,107
54,2024,7,111,3357.82,111,30.25,3360.83,0.01,2495.5,83,140510,110,1101.25,104
54,2024,8,115,3312.08,112,29.57,3326.15,0.07,2631.25,88,136945,112,1144.41,106
54,2024,9,128,3775.43,128,29.5,3782.27,4.84,2934.5,99,163565,128,1294.03,123
54,2024,10,117,3577.01,117,30.57,3586.85,7.84,2797.5,91,155353,117,1288.67,114
54,2024,11,137,4050.04,136,29.78,4056.04,0.0,3047.5,103,171987,136,1423.83,133
54,2024,12,140,3962.7,139,28.51,3988.6,13.4,2847.0,97,148488,137,1326.1,135
54,2024,13,107,3223.95,107,30.13,3250.09,15.64,2113.75,71,128957,107,1003.69,102
54,2024,14,96,2886.09,96,30.06,2912.35,18.26,2160.5,73,121636,95,1050.42,95
54,2024,15,93,2801.74,93,30.13,2836.6,27.36,2015.0,66,108933,91,929.39,86
54,2024,16,123,4022.84,123,32.71,4070.07,13.73,2896.5,94,197079,123,1439.27,120
54,2024,17,125,3829.75,125,30.64,3862.69,18.44,2918.28,99,158316,125,1346.53,121
54,2024,18,119,3647.42,119,30.65,3695.65,33.73,2925.86,98,159833,119,1317.67,118
54,2024,19,109,3430.38,109,31.47,3454.78,11.9,2469.0,83,147792,109,1249.17,108
54,2024,20,104,3023.6,104,29.07,3042.23,7.63,2437.5,84,125305,104,1077.28,101
54,2024,21,119,3541.04,119,29.76,3562.78,13.24,2687.88,93,163942,119,1194.19,112
54,2024,22,109,3292.91,108,30.49,3311.78,8.37,2357.74,80,145340,108,1158.67,105
54,2024,23,117,3675.83,116,31.69,3697.34,6.51,2412.92,82,162695,116,1270.3,113
54,2024,24,121,3806.4,121,31.46,3850.42,33.02,2557.25,87,167757,120,1290.09,118
54,2024,25,126,3711.35,126,29.46,3755.65,30.3,3185.56,106,154302,124,1327.31,121
54,2024,26,126,3711.55,125,29.69,3744.11,14.56,2600.93,89,165283,120,1300.76,120
54,2024,27,141,4378.03,141,31.05,4405.65,12.12,2986.25,102,170681,141,1501.56,137
54,2024,28,138,4264.55,138,30.9,4288.45,4.4,2898.79,101,186111,138,1515.2,135
54,2024,29,143,4141.07,143,28.96,4178.06,14.99,2935.76,102,182431,141,1395.9,133
54,2024,30,152,4590.71,151,30.4,4651.75,37.04,3139.5,106,194236,148,1688.03,144
54,2024,31,115,3534.72,115,30.74,3589.46,33.24,2498.17,86,145464,114,1223.61,111
54,2024,32,136,4159.69,135,30.81,4219.0,35.81,2697.5,91,181403,135,1484.89,133
54,2024,33,128,4017.82,127,31.64,4083.63,48.81,2693.0,90,162651,127,1444.75,127
54,2024,34,155,4632.99,154,30.08,4695.99,36.0,3505.71,118,187010,153,1657.88,149
54,2024,35,150,4641.94,150,30.95,4684.86,20.92,3267.21,111,198548,148,1633.98,145
54,2024,36,121,3763.53,121,31.1,3840.09,55.06,2527.83,84,169019,120,1334.99,117
54,2024,37,163,5269.72,163,32.33,5336.66,44.94,3446.27,116,224032,161,1848.35,159
54,2024,38,151,4963.47,151,32.87,5011.63,28.66,3263.01,107,209609,151,1841.14,150
54,2024,39,168,5346.22,168,31.82,5392.88,21.16,3849.5,128,225961,167,1942.57,166
54,2024,40,169,5356.02,168,31.88,5411.99,16.97,3913.25,129,224412,168,1933.64,167
54,2024,41,147,4509.14,147,30.67,4573.02,43.38,3476.63,116,189052,144,1616.65,142
54,2024,42,149,4624.66,149,31.04,4651.61,13.45,3459.0,117,202743,149,1733.8,147
54,2024,43,158,4951.99,158,31.34,4989.07,23.08,3646.04,124,211614,157,1863.48,155
54,2024,44,138,4131.31,136,30.38,4176.61,22.3,3179.5,108,173243,136,1553.12,134
54,2024,45,147,4606.98,147,31.34,4634.45,11.97,3161.5,108,198434,147,1723.63,147
54,2024,46,131,4134.69,131,31.56,4156.42,10.73,2699.93,91,166295,131,1482.3,131
54,2024,47,151,4782.26,151,31.67,4842.65,37.89,3005.35,103,218272,150,1779.43,148
54,2024,48,130,3969.06,129,30.77,4006.71,19.65,2961.5,99,164803,129,1494.3,129
54,2024,49,130,4139.44,130,31.84,4169.63,7.19,2773.0,94,169706,130,1509.48,129
54,2024,50,152,4808.9,152,31.64,4834.4,0.0,2956.0,101,197579,152,1767.04,150
54,2024,51,126,3761.39,126,29.85,3781.89,0.0,2811.0,96,152642,124,1325.74,123
54,2024,52,136,4186.64,136,30.78,4199.59,4.95,2662.25,90,163623,134,1551.91,132
54,2025,1,118,3632.45,116,31.31,3645.45,8.0,2666.25,89,142348,116,1377.13,116
54,2025,2,140,4564.92,139,32.84,4594.18,22.26,2790.3,95,177868,139,1685.04,139
54,2025,3,150,4711.97,150,31.41,4728.02,7.05,3193.5,109,192027,148,1744.09,147
54,2025,4,157,4984.95,157,31.75,5000.12,9.67,3548.5,120,178710,157,1866.3,157
54,2025,5,154,4721.17,154,30.66,4731.74,0.07,3341.25,113,197496,154,1757.65,152
54,2025,6,146,4497.64,146,30.81,4508.35,3.21,2651.0,90,184818,146,1667.17,145
54,2025,7,167,5198.77,167,31.13,5209.79,2.02,3666.25,127,200787,167,1838.87,165
54,2025,8,144,4541.69,143,31.76,4551.0,6.31,2673.59,92,174584,143,1673.99,142
54,2025,9,153,4659.17,152,30.65,4770.02,29.35,3207.32,110,191750,152,1703.21,149
54,2025,10,157,4755.41,157,30.29,4773.75,13.84,3244.21,111,201645,155,1724.64,154
54,2025,11,172,5121.97,170,30.13,5132.02,9.05,3451.75,117,215670,169,1905.95,167
54,2025,12,154,4563.35,154,29.63,4572.5,6.15,3075.25,108,187101,152,1670.12,151
54,2025,13,166,5020.08,166,30.24,5021.65,0.07,3395.25,117,199792,166,1789.49,163
54,2025,14,144,4486.81,144,31.16,4509.96,18.15,3061.25,105,186392,143,1627.78,140
54,2025,15,174,5185.82,173,29.98,5202.17,10.35,3483.0,120,209433,172,1895.17,169
54,2025,16,158,4818.37,158,30.5,4851.12,27.25,3052.69,103,255783,158,1758.79,157
54,2025,17,133,4327.58,133,32.54,4352.45,13.37,2570.75,88,181543,133,1622.1,131
54,2025,18,134,4138.95,133,31.12,4163.12,18.17,2479.5,84,168563,133,1491.58,132
54,2025,19,153,4791.32,153,31.32,4836.32,44.0,3020.75,102,203873,153,1776.42,150
54,2025,20,144,4423.19,144,30.72,4461.44,32.25,3198.25,108,179532,144,1610.31,142
54,2025,21,141,4105.45,141,29.12,4111.69,4.24,3048.5,103,171552,139,1528.42,137
54,2025,22,145,4330.58,145,29.87,4351.66,16.58,2993.25,102,189922,145,1607.54,144
54,2025,23,134,4051.26,134,30.23,4064.46,8.7,2929.23,100,168273,133,1504.13,133
54,2025,24,143,4198.55,143,29.36,4209.76,8.71,2896.97,100,171931,143,1544.76,140
54,2025,25,133,4011.21,133,30.16,4025.28,11.07,2908.0,99,160898,133,1523.8,131
54,2025,26,156,4762.87,156,30.53,4777.35,12.48,3296.5,112,197133,156,1770.22,153
54,2025,27,153,4761.89,153,31.12,4794.12,28.23,3320.25,111,194375,152,1753.49,152
54,2025,28,131,4160.83,131,31.76,4172.68,6.85,2563.75,87,168178,131,1480.3,128
54,2025,29,158,4766.41,158,30.17,4813.36,42.95,3720.0,124,193744,158,1776.02,157
54,2025,30,121,3801.8,121,31.42,3812.98,11.18,2736.25,91,165720,121,1408.02,121
54,2025,31,110,3442.97,110,31.3,3449.06,4.09,2610.75,87,146530,110,1291.77,110
54,2025,32,135,4094.61,135,30.33,4132.85,38.24,3089.5,103,164500,134,1521.52,132
54,2025,33,144,4407.08,144,30.6,4446.98,29.4,3130.38,105,182456,142,1627.49,141
54,2025,34,139,4276.1,139,30.76,4291.3,12.2,2988.09,103,177546,139,1579.34,137
54,2025,35,166,4999.77,165,30.3,5036.12,33.35,3842.5,128,213596,164,1881.24,163
54,2025,36,165,5101.29,165,30.92,5109.84,5.05,3701.03,124,208169,165,1862.59,164
54,2025,37,171,5130.38,171,30.0,5141.01,10.63,3838.25,128,213876,169,1908.81,168
54,2025,38,169,5213.03,169,30.85,5225.01,4.48,3828.5,127,205943,169,1979.83,167
54,2025,39,164,4919.25,164,30.0,4949.88,28.63,3665.5,122,199601,164,1871.8,160
54,2025,40,97,3097.07,97,31.93,3104.34,7.27,1925.5,64,125821,97,1139.27,97
54,2025,41,77,2768.01,77,35.95,2771.51,0.0,1353.6,44,111232,75,982.26,74
54,2025,42,68,2382.33,68,35.03,2387.64,4.31,1254.75,41,102401,68,866.6,66
54,2025,43,55,1988.3,55,36.15,1996.85,6.55,838.82,27,87085,55,740.53,55
54,2025,44,46,1706.43,46,37.1,1706.97,0.04,670.67,23,74756,46,606.5,44
54,2025,45,70,2364.52,70,33.78,2364.52,0.0,968.75,32,99488,69,845.26,68
54,2025,46,70,2364.61,70,33.78,2366.25,0.14,1313.01,44,94578,70,854.56,69
54,2025,47,81,2782.12,81,34.35,2782.19,0.07,1424.5,47,110887,81,1016.41,79
54,2025,48,64,2159.67,64,33.74,2161.74,0.07,1204.43,41,92247,64,818.6,63
54,2025,49,78,2795.17,78,35.84,2807.25,8.58,1386.92,45,116635,78,995.41,76
54,2025,50,85,3030.16,85,35.65,3048.25,11.59,1425.41,47,131029,85,1106.96,83
54,2025,51,75,2624.28,75,34.99,2626.92,0.14,1066.88,33,102565,72,954.98,70
54,2025,52,62,2090.15,62,33.71,2103.6,10.95,1045.67,34,82857,62,792.75,61
54,2026,1,39,1340.37,39,34.37,1345.79,5.42,783.75,25,52555,39,509.35,39
54,2026,2,69,2419.6,69,35.07,2433.19,10.09,984.0,34,93711,68,888.87,68
54,2026,3,60,2220.13,60,37.0,2222.13,0.0,943.75,31,87135,60,825.41,60
54,2026,4,52,1713.86,52,32.96,1717.86,0.0,755.62,25,69110,52,597.35,50
54,2026,5,44,1592.63,44,36.2,1595.63,0.0,565.75,19,64249,44,589.02,44
54,2026,6,67,2223.33,67,33.18,2241.16,4.83,1303.25,44,92785,67,841.73,65
54,2026,7,71,2413.77,71,34.0,2424.34,5.57,1170.25,38,106671,71,890.26,69
54,2026,8,69,2328.79,69,33.75,2342.62,8.83,1010.97,36,93131,69,823.33,67
54,2026,9,50,1812.69,50,36.25,1813.69,0.0,701.0,24,74375,50,622.39,47
54,2026,10,62,2018.08,62,32.55,2018.08,0.0,1329.75,43,88103,62,738.06,62
54,2026,11,83,2618.72,83,31.55,2619.72,0.0,1776.68,58,114682,83,946.28,81
54,2026,12,62,2062.57,62,33.27,2074.84,0.77,1408.13,44,80603,62,744.73,61
54,2026,13,62,2009.39,62,32.41,2016.3,6.41,1370.0,43,82561,62,725.69,60
54,2026,14,69,2181.22,69,31.61,2181.26,0.04,1432.75,48,96676,69,765.91,67
54,2026,15,51,1631.91,51,32.0,1632.75,0.84,1176.75,37,62529,51,585.24,50
54,2026,16,73,2547.53,73,34.9,2548.03,0.0,1129.35,37,89899,73,826.96,69
54,2026,17,68,2278.66,68,33.51,2295.55,11.39,1189.5,39,90387,68,771.71,66
54,2026,18,68,2284.71,68,33.6,2293.9,7.69,1319.25,43,96621,68,826.34,67
54,2026,19,72,2311.33,72,32.1,2311.92,0.09,1465.14,49,94995,71,807.94,70
54,2026,20,55,1834.25,55,33.35,1836.67,1.92,1296.11,40,83158,55,679.63,54
54,2026,21,60,1993.63,60,33.23,1997.87,4.24,1188.0,38,85098,59,732.87,58
54,2026,22,56,1867.34,56,33.35,1867.34,0.0,1073.75,36,82375,56,675.59,55
55,2024,1,41,1480.35,41,36.11,1480.42,0.07,688.25,23,53596,41,385.79,41
55,2024,2,34,1313.77,34,38.64,1324.02,10.25,511.0,17,53639,34,379.6,34
55,2024,3,39,1555.14,39,39.88,1555.14,0.0,699.25,22,55082,39,490.71,39
55,2024,4,30,1061.95,30,35.4,1061.95,0.0,501.25,18,44125,30,333.73,30
55,2024,5,30,1108.33,30,36.94,1108.33,0.0,526.5,19,41391,30,336.71,30
55,2024,6,42,1596.0,42,38.0,1596.0,0.0,882.5,29,59608,42,501.05,42
55,2024,7,43,1581.89,43,36.79,1589.99,6.1,790.0,26,65210,42,499.91,41
55,2024,8,43,1485.66,43,34.55,1485.7,0.04,958.75,32,68260,43,506.3,43
55,2024,9,61,2094.32,61,34.33,2105.22,10.9,1171.98,38,87488,59,645.45,57
55,2024,10,55,2000.25,55,36.37,2000.25,0.0,1018.25,34,84885,54,659.14,54
55,2024,11,37,1378.03,37,37.24,1378.03,0.0,652.0,22,58403,37,443.3,37
55,2024,12,67,2342.91,67,34.97,2358.66,13.75,1471.75,48,101506,66,808.06,66
55,2024,13,53,1973.34,53,37.23,1973.84,0.0,920.81,31,82981,53,681.22,53
55,2024,14,63,2108.74,63,33.47,2109.74,0.0,1203.75,41,92673,63,739.83,63
55,2024,15,43,1497.38,42,35.65,1497.52,0.14,763.25,26,58468,40,489.68,40
55,2024,16,56,2159.64,56,38.57,2178.76,19.12,1176.0,39,89900,56,738.58,56
55,2024,17,48,1829.34,48,38.11,1835.54,6.2,921.75,30,77854,47,597.85,48
55,2024,18,39,1257.16,39,32.23,1287.66,0.0,794.0,27,60535,39,429.66,38
55,2024,19,55,1856.83,55,33.76,1864.06,6.23,1175.25,39,86448,55,632.53,54
55,2024,20,55,1769.9,54,32.78,1783.6,12.7,1033.5,36,80244,54,616.88,53
55,2024,21,54,1583.31,54,29.32,1583.31,0.0,1171.5,41,76644,54,511.6,52
55,2024,22,67,2428.85,67,36.25,2435.0,6.15,1249.5,42,107421,67,793.74,66
55,2024,23,77,2519.76,76,33.15,2548.92,26.66,1798.0,61,111996,76,865.25,74
55,2024,24,56,1812.91,56,32.37,1812.91,0.0,1279.25,43,74040,56,642.22,56
55,2024,25,75,2541.33,75,33.88,2564.17,22.84,1787.79,57,103780,75,928.87,75
55,2024,26,66,2191.25,66,33.2,2212.87,21.62,1474.25,50,89197,66,798.71,66
55,2024,27,92,3059.77,92,33.26,3060.47,0.7,2038.5,69,128681,92,1087.58,90
55,2024,28,81,2740.07,81,33.83,2740.14,0.07,1799.5,61,118755,81,975.23,80
55,2024,29,85,2911.45,84,34.66,2933.49,22.04,1877.81,62,135231,84,1023.74,83
55,2024,30,82,2455.13,82,29.94,2471.77,15.64,2143.5,73,102533,82,862.93,80
55,2024,31,78,2446.47,78,31.36,2458.35,9.88,1828.85,64,95933,78,888.67,78
55,2024,32,86,2695.46,86,31.34,2720.48,1.77,2060.49,69,103963,85,920.38,83
55,2024,33,84,2949.65,84,35.11,2949.65,0.0,2019.5,68,118979,84,1076.94,84
55,2024,34,72,2331.35,72,32.38,2341.73,9.38,1717.5,58,89141,72,831.59,70
55,2024,35,76,2335.72,76,30.73,2339.69,3.47,1698.44,60,102725,75,740.24,74
55,2024,36,97,3273.52,97,33.75,3286.92,12.9,2334.25,78,124140,96,1158.9,95
55,2024,37,87,2927.01,87,33.64,2934.45,7.44,2056.89,70,126041,87,1023.76,87
55,2024,38,99,3351.16,99,33.85,3355.96,4.8,2167.75,74,139083,99,1173.43,99
55,2024,39,78,2513.26,78,32.22,2521.32,7.56,1824.5,62,109010,78,879.0,78
55,2024,40,92,3041.46,92,33.06,3048.72,7.26,2023.55,68,125331,92,1072.63,92
55,2024,41,90,2908.34,90,32.31,2926.16,17.82,2047.65,71,123432,90,1040.02,89
55,2024,42,88,2902.6,88,32.98,2910.25,6.65,1910.25,62,123223,86,1023.31,86
55,2024,43,105,3430.68,105,32.67,3435.18,4.5,2276.75,77,144032,105,1237.59,105
55,2024,44,118,3876.88,118,32.85,3937.72,25.34,2578.75,89,161373,118,1399.52,115
55,2024,45,109,3544.7,109,32.52,3549.54,4.84,2579.25,89,140745,108,1250.64,108
55,2024,46,113,3701.31,113,32.75,3709.5,8.19,2442.25,82,158576,113,1341.55,113
55,2024,47,106,3491.07,106,32.93,3519.18,24.11,2652.0,88,149306,105,1287.33,106
55,2024,48,96,3246.16,96,33.81,3250.73,0.07,2468.25,82,111129,96,1144.17,95
55,2024,49,90,2820.73,90,31.34,2835.13,10.9,2259.0,76,116758,90,1060.3,89
55,2024,50,90,2989.89,90,33.22,2996.11,6.22,2146.25,72,117483,89,1100.3,89
55,2024,51,93,2962.06,93,31.85,2965.2,0.14,2254.65,78,116156,93,1026.61,93
55,2024,52,64,2107.73,64,32.93,2109.87,0.14,1599.25,54,77233,64,797.45,64
55,2025,1,69,2046.66,68,30.1,2049.66,0.0,1411.25,50,77547,68,753.22,67
55,2025,2,79,2646.54,79,33.5,2739.18,0.14,1858.25,62,100767,79,957.51,78
55,2025,3,84,2764.62,84,32.91,3018.53,10.41,1724.25,60,110066,84,990.49,83
55,2025,4,92,2861.41,92,31.1,3367.18,0.77,2274.0,77,113812,92,1049.87,90
55,2025,5,80,2721.82,80,34.02,2734.74,9.92,1894.75,63,113121,80,992.4,80
55,2025,6,61,1922.78,61,31.52,1923.86,0.08,1338.5,45,81117,60,716.62,60
55,2025,7,102,3107.98,102,30.47,3135.93,25.95,2478.0,83,133878,100,1150.0,98
55,2025,8,119,3729.79,119,31.34,3730.87,0.08,2900.0,98,150510,119,1373.79,119
55,2025,9,114,3485.71,114,30.58,3487.71,0.0,2667.99,92,146182,113,1309.83,113
55,2025,10,115,3595.73,114,31.54,3609.21,10.98,2711.5,92,150730,113,1318.43,112
55,2025,11,103,3245.44,103,31.51,3245.44,0.0,2587.0,88,136410,103,1203.29,103
55,2025,12,114,3849.71,114,33.77,3863.22,10.01,2626.43,89,159802,113,1438.97,112
55,2025,13,114,3572.99,114,31.34,3574.06,0.07,2587.25,87,147811,113,1279.21,111
55,2025,14,98,3176.82,97,32.75,3274.39,0.07,2346.0,81,124715,97,1185.04,96
55,2025,15,137,4405.87,137,32.16,4407.94,0.07,3441.0,116,189673,136,1629.22,136
55,2025,16,119,3621.94,119,30.44,3646.94,0.0,2885.0,98,157680,117,1329.45,117
55,2025,17,124,3782.48,124,30.5,3783.48,0.0,3008.75,102,163256,124,1420.46,123
55,2025,18,142,4525.63,142,31.87,4538.77,12.64,3508.5,116,195575,142,1667.88,141
55,2025,19,174,5354.85,174,30.78,5356.85,0.0,4108.75,136,222352,174,1948.27,172
55,2025,20,161,5029.64,161,31.24,5038.85,4.21,3894.57,135,219992,160,1836.26,160
55,2025,21,142,4230.14,142,29.79,4243.54,12.4,3536.02,119,167869,142,1568.68,141
55,2025,22,114,3508.13,112,31.32,3515.77,6.64,2695.75,91,145086,112,1320.5,112
55,2025,23,116,3853.29,116,33.22,3859.46,6.17,2725.75,90,156556,114,1401.36,113
55,2025,24,136,4331.67,136,31.85,4350.77,18.6,2918.0,98,174910,136,1550.22,133
55,2025,25,139,4329.31,138,31.37,4330.31,0.0,3438.0,112,173032,138,1600.76,137
55,2025,26,128,3872.95,128,30.26,3881.2,8.25,3396.75,114,160379,126,1413.02,125
55,2025,27,166,5064.3,166,30.51,5064.94,0.14,4251.75,142,197353,165,1840.15,160
55,2025,28,168,5277.16,168,31.41,5286.38,9.22,4163.0,139,221718,168,1959.69,166
55,2025,29,170,5325.07,169,31.51,5329.79,4.72,4135.75,139,208739,169,1973.49,168
55,2025,30,177,5606.17,177,31.67,5606.17,0.0,4408.75,146,230761,176,2101.17,176
55,2025,31,164,5166.39,164,31.5,5166.46,0.07,3980.75,134,208229,164,1924.51,164
55,2025,32,189,5999.06,189,31.74,6004.7,5.64,4849.25,162,247416,189,2276.95,189
55,2025,33,194,5931.36,194,30.57,5952.07,9.71,5029.25,167,277524,194,2242.29,193
55,2025,34,169,5285.08,169,31.27,5285.12,0.04,4264.5,145,221767,169,1946.0,169
55,2025,35,192,5941.15,192,30.94,5952.5,10.35,4607.5,153,267216,191,2194.13,191
55,2025,36,187,5684.59,187,30.4,5688.88,3.79,4877.25,164,239049,187,2125.18,186
55,2025,37,199,6439.14,199,32.36,6439.28,0.14,4968.5,165,267044,198,2381.57,195
55,2025,38,219,6722.42,219,30.7,6740.7,16.78,5470.5,182,293300,218,2454.06,214
55,2025,39,190,5827.08,190,30.67,5833.2,5.62,5081.77,169,241246,190,2219.77,190
55,2025,40,128,4137.48,128,32.32,4158.06,8.08,3125.55,104,173459,128,1539.44,127
55,2025,41,69,2462.21,69,35.68,2468.2,5.49,1314.25,44,105470,69,876.65,67
55,2025,42,52,1856.84,52,35.71,1856.84,0.0,872.5,29,77489,50,684.95,50
55,2025,43,37,1464.64,37,39.58,1478.06,12.92,642.46,22,66817,37,535.84,37
55,2025,44,36,1474.41,36,40.96,1474.91,0.0,662.75,22,62966,36,561.2,36
55,2025,45,57,2154.44,57,37.8,2160.64,6.2,953.0,31,91652,57,778.93,57
55,2025,46,57,2015.98,57,35.37,2029.48,0.0,1260.5,44,82874,57,716.56,56
55,2025,47,46,1798.75,44,40.88,1805.35,6.6,782.25,25,71251,43,632.78,43
55,2025,48,50,1881.04,50,37.62,1887.04,0.0,1031.19,34,73592,50,715.96,48
55,2025,49,57,2001.0,56,35.73,2001.5,0.0,1205.99,40,86445,56,717.8,56
55,2025,50,61,2168.69,61,35.55,2168.85,0.16,1257.0,43,93362,61,804.7,61
55,2025,51,44,1550.6,44,35.24,1550.6,0.0,749.5,25,61188,44,514.41,43
55,2025,52,31,1374.48,31,44.34,1379.5,3.02,498.83,16,47782,31,477.35,30
55,2026,1,26,1224.73,26,47.1,1224.73,0.0,353.0,11,40872,26,391.92,25
55,2026,2,40,1584.48,40,39.61,1584.52,0.04,674.0,22,62933,40,586.09,39
55,2026,3,36,1171.33,36,32.54,1171.83,0.0,851.34,28,51848,35,439.38,36
55,2026,4,48,1704.77,48,35.52,1704.84,0.07,1046.5,35,70655,48,638.75,48
55,2026,5,41,1477.38,40,36.93,1484.93,6.55,672.75,23,62439,40,540.34,39
55,2026,6,57,2105.15,57,36.93,2112.99,7.84,1073.5,36,83724,57,701.19,57
55,2026,7,39,1435.75,39,36.81,1443.95,6.2,691.0,23,58642,39,507.04,38
55,2026,8,53,1906.77,53,35.98,1906.77,0.0,1097.0,38,80562,53,695.82,53
55,2026,9,57,2101.76,57,36.87,2101.76,0.0,1052.25,35,83161,56,760.97,56
55,2026,10,48,1634.93,48,34.06,1634.93,0.0,1040.25,34,71455,48,602.1,47
55,2026,11,48,1799.65,48,37.49,1799.65,0.0,1039.0,35,70230,48,652.53,48
55,2026,12,48,1540.07,48,32.08,1549.58,4.76,1025.39,34,59357,46,524.36,45
55,2026,13,43,1293.73,43,30.09,1293.8,0.07,917.0,31,47510,43,466.57,43
55,2026,14,37,1186.29,37,32.06,1190.79,4.0,773.75,26,56172,37,445.01,36
55,2026,15,46,1606.12,46,34.92,1609.25,3.13,1001.5,34,68655,46,594.69,46
55,2026,16,45,1393.06,45,30.96,1406.63,13.07,868.25,30,61126,44,505.22,43
55,2026,17,44,1406.39,44,31.96,1406.48,0.09,999.25,34,61652,44,520.67,43
55,2026,18,50,1846.58,50,36.93,1846.58,0.0,944.0,33,76441,50,655.64,49
55,2026,19,58,1957.73,58,33.75,1957.73,0.0,1236.0,42,88756,58,701.93,57
55,2026,20,50,1763.57,50,35.27,1763.57,0.0,1012.5,33,81659,50,654.43,50
55,2026,21,47,1578.22,47,33.58,1578.79,0.07,973.25,33,81700,47,547.86,46
55,2026,22,48,1565.1,48,32.61,1575.37,0.77,1011.75,35,73040,48,588.04,47
56,2024,1,3228,109252.44,3213,34.0,143930.79,16211.11,80013.3,2236,4966357,3152,35863.86,2969
56,2024,2,2613,89844.66,2594,34.64,119285.0,13896.49,65701.62,1856,4287592,2564,29308.04,2389
56,2024,3,3541,119228.78,3521,33.86,158731.93,20070.04,93994.3,2693,5614696,3464,38356.28,3266
56,2024,4,3161,108249.88,3143,34.44,143679.17,17649.72,83375.44,2348,5514382,3087,33801.58,2807
56,2024,5,2916,97741.59,2900,33.7,129625.16,15698.08,74905.1,2145,4857502,2860,30828.11,2651
56,2024,6,2692,88268.83,2676,32.99,117350.43,14580.56,68208.25,1975,4314848,2631,28638.64,2438
56,2024,7,3113,104021.65,3090,33.66,142295.49,16559.83,79292.62,2277,5000017,3032,33396.08,2818
56,2024,8,3660,121956.58,3640,33.5,162535.59,20613.03,97912.1,2804,6051284,3581,39280.99,3345
56,2024,9,3366,112763.77,3341,33.75,149561.67,18135.96,87145.52,2462,5639595,3259,37234.18,3072
56,2024,10,3664,122646.07,3639,33.7,163996.87,20205.04,96262.62,2733,6165317,3568,39657.31,3315
56,2024,11,4681,157324.59,4652,33.82,210264.3,26175.07,124978.14,3513,8003477,4568,51050.74,4262
56,2024,12,4468,149437.61,4441,33.65,198542.41,24618.15,117218.1,3333,7350455,4349,47722.04,4023
56,2024,13,4107,139167.94,4077,34.13,184874.79,21933.76,104244.87,2895,6939297,3974,45704.81,3712
56,2024,14,4658,154293.03,4628,33.34,206405.69,25055.46,118308.3,3379,7833029,4531,50741.65,4223
56,2024,15,4503,153956.9,4471,34.43,206408.09,25703.71,122472.57,3419,7872507,4382,50330.48,4061
56,2024,16,4841,164237.81,4810,34.15,220209.84,27957.95,130690.41,3663,8520447,4700,53583.11,4355
56,2024,17,4506,151687.55,4480,33.86,202544.87,24878.28,116932.59,3304,8030076,4388,49788.82,4064
56,2024,18,4938,166347.55,4904,33.92,220830.16,27462.1,129902.89,3668,8899396,4796,52917.32,4420
56,2024,19,5182,178460.73,5156,34.61,238940.19,29872.81,141684.25,3926,9844816,5042,56763.15,4656
56,2024,20,5956,202793.28,5924,34.23,271853.15,35096.09,164570.75,4609,11376985,5817,65140.59,5379
56,2024,21,4836,165177.3,4802,34.4,221813.03,27152.75,129035.43,3611,8669221,4691,52388.97,4276
56,2024,22,4968,168944.92,4947,34.15,225774.41,27904.75,134309.72,3784,9199750,4848,54928.33,4447
56,2024,23,5408,189362.44,5377,35.22,252924.04,32424.27,153324.22,4214,10186842,5269,60377.42,4841
56,2024,24,5490,189872.64,5447,34.86,254976.81,31401.51,150434.55,4174,9852218,5334,60031.73,4857
56,2024,25,5694,195297.85,5660,34.5,262358.06,32859.54,156077.02,4362,10200266,5557,63160.04,5114
56,2024,26,5158,181030.73,5116,35.39,241246.39,29036.57,140183.96,3806,9079764,5028,56722.08,4535
56,2024,27,3090,104869.4,3054,34.34,137920.14,15196.21,77090.23,2116,5718704,3002,33256.27,2707
56,2024,28,4524,154634.99,4482,34.5,206088.35,24836.88,119636.66,3315,8087673,4394,49940.39,3992
56,2024,29,5287,185408.08,5230,35.45,248206.95,29522.41,145823.54,3976,9504283,5134,59066.66,4668
56,2024,30,4747,162084.18,4701,34.48,216845.36,26308.39,128451.84,3562,8164583,4608,51942.61,4222
56,2024,31,4729,166069.54,4700,35.33,221774.12,27084.12,130249.05,3557,8994891,4632,53773.68,4280
56,2024,32,4679,164630.07,4645,35.44,220375.69,27426.16,129900.69,3552,8501613,4587,53043.4,4213
56,2024,33,4238,145965.45,4210,34.67,195502.12,24256.9,116746.11,3199,7563588,4147,46900.96,3776
56,2024,34,4150,143431.09,4119,34.82,190033.51,23075.97,112387.9,3067,7254178,4045,46092.94,3727
56,2024,35,4169,145329.11,4139,35.11,192994.09,23493.3,113209.34,3068,7616057,4059,45884.16,3685
56,2024,36,4400,152120.92,4373,34.79,201287.09,24078.8,117230.97,3195,8287412,4275,48240.82,3894
56,2024,37,4816,168252.57,4773,35.25,223045.07,27855.58,134731.15,3631,8690686,4688,51033.85,4204
56,2024,38,5183,178712.34,5145,34.74,237913.01,30223.5,143843.34,3954,9263496,5048,55242.23,4542
56,2024,39,5087,177416.51,5040,35.2,238399.98,30655.38,144214.68,3953,9039168,4954,55570.98,4477
56,2024,40,4248,145349.15,4213,34.5,193376.67,23847.46,114062.22,3160,7950502,4128,46967.52,3820
56,2024,41,4345,150177.27,4305,34.88,200160.69,25093.48,120785.24,3289,7680055,4222,47745.27,3819
56,2024,42,4753,164616.05,4718,34.89,219459.43,28043.37,133176.5,3658,8205374,4645,52530.06,4236
56,2024,43,4739,164848.42,4712,34.98,220528.16,28039.38,132613.74,3651,8302059,4652,52343.28,4232
56,2024,44,4212,143729.48,4181,34.38,191416.13,23768.96,114657.11,3212,7298365,4107,47404.08,3819
56,2024,45,4364,147223.49,4335,33.96,196034.37,24620.91,117276.48,3284,7424269,4255,46639.93,3875
56,2024,46,4699,161375.4,4673,34.53,216439.31,27788.37,130735.61,3652,8135794,4599,52961.57,4243
56,2024,47,3730,130484.6,3708,35.19,173283.45,21660.64,104787.36,2838,6759813,3643,41823.57,3306
56,2024,48,3477,119676.85,3445,34.74,157285.53,18943.14,92576.08,2548,6003600,3403,41457.67,3197
56,2024,49,4402,152722.25,4377,34.89,205165.67,26151.12,123121.52,3367,7665685,4307,51601.61,4033
56,2024,50,3456,117448.42,3420,34.34,156875.03,19743.95,93159.15,2588,6186345,3366,39612.91,3137
56,2024,51,2648,89129.46,2624,33.97,118504.37,14052.29,67901.88,1888,4683811,2571,30233.25,2377
56,2024,52,2466,85809.04,2458,34.91,110337.92,11464.56,57929.03,1591,4256384,2431,30817.94,2305
56,2025,1,2714,95270.83,2701,35.27,124729.59,13250.88,67062.9,1823,4546815,2669,33952.31,2528
56,2025,2,2392,81151.2,2372,34.21,106513.05,11875.31,58910.15,1643,4182988,2336,28451.5,2184
56,2025,3,2332,78262.6,2304,33.97,104261.76,12567.84,60503.55,1684,4066591,2272,27496.25,2155
56,2025,4,2750,92440.54,2723,33.95,122932.59,15179.78,73124.01,2046,4407187,2680,32493.32,2517
56,2025,5,2593,86702.51,2572,33.71,114837.91,14171.68,67653.3,1914,4536705,2535,30070.55,2375
56,2025,6,2530,83940.73,2506,33.5,110769.91,13627.39,66883.13,1872,4364085,2460,28394.2,2282
56,2025,7,2770,93720.22,2744,34.15,124632.21,14909.94,73234.06,2028,4824425,2707,32639.54,2544
56,2025,8,3459,116225.09,3440,33.79,155090.06,18883.13,90499.68,2547,5826617,3389,40297.6,3182
56,2025,9,3390,113425.18,3364,33.72,151078.64,18451.88,89073.35,2511,5729186,3303,39544.01,3136
56,2025,10,3411,116995.66,3388,34.53,156473.17,19139.49,92667.89,2594,5897832,3330,40560.74,3165
56,2025,11,3638,125986.89,3616,34.84,167283.3,20615.05,101117.49,2788,6600065,3557,42810.9,3350
56,2025,12,3542,123671.37,3523,35.1,165250.89,20385.12,99568.65,2714,6559962,3467,40484.49,3198
56,2025,13,3730,130903.42,3709,35.29,174668.1,21657.12,105366.0,2890,6809977,3665,44677.4,3449
56,2025,14,4191,153047.41,4181,36.61,203204.82,25245.87,125686.96,3306,7790175,4117,51069.92,3868
56,2025,15,3684,129460.54,3664,35.33,172763.06,21095.84,102122.97,2783,6571141,3596,43982.23,3358
56,2025,16,3369,117062.42,3354,34.9,154845.7,19115.8,92459.83,2562,5900678,3299,38571.06,3053
56,2025,17,4235,149834.17,4214,35.56,198876.91,24509.41,120715.21,3288,7667075,4139,49889.0,3848
56,2025,18,4078,142434.9,4053,35.14,189841.12,23801.37,113892.38,3126,7132595,3982,47003.27,3677
56,2025,19,4206,147922.02,4171,35.46,195630.96,24283.86,118669.0,3221,7386874,4097,48236.35,3765
56,2025,20,4903,172880.44,4883,35.4,230761.14,29612.56,141595.87,3865,9054966,4814,56238.21,4447
56,2025,21,3990,139550.49,3966,35.19,186041.94,22872.74,111240.51,3031,7111174,3901,44570.92,3582
56,2025,22,3705,128461.82,3665,35.05,169311.44,21190.01,103514.53,2847,6774654,3602,42045.23,3344
56,2025,23,4329,152566.93,4313,35.37,203392.4,25987.39,124436.48,3370,8167392,4258,48023.17,3897
56,2025,24,4543,162329.0,4516,35.95,214534.41,26685.53,129384.83,3476,8277810,4453,51411.24,4066
56,2025,25,4234,147162.24,4202,35.02,195556.93,23526.67,117477.67,3198,7099859,4123,46712.27,3741
56,2025,26,3871,135887.11,3849,35.3,179461.31,21661.88,105027.52,2865,6990942,3785,43580.06,3460
56,2025,27,2728,96156.05,2712,35.46,125432.81,13894.67,71881.3,1917,5042781,2657,31014.74,2412
56,2025,28,3875,135025.96,3858,35.0,177164.26,20974.32,103830.52,2865,6982765,3777,43051.34,3448
56,2025,29,4459,158595.85,4429,35.81,210612.02,25564.67,126663.84,3400,8065543,4356,50729.59,3976
56,2025,30,3810,134253.41,3780,35.52,177844.59,21660.22,107419.87,2922,7045364,3715,42053.59,3328
56,2025,31,3917,138172.22,3879,35.62,183522.22,21901.58,107614.08,2916,7284771,3802,43004.54,3398
56,2025,32,3610,127342.96,3576,35.61,169185.38,20907.77,102072.02,2755,6426568,3513,40053.36,3160
56,2025,33,4097,144463.06,4062,35.56,190963.13,23190.95,115095.2,3124,7369457,4009,45345.7,3636
56,2025,34,3549,126013.36,3522,35.78,166415.07,19574.29,99888.27,2676,6614591,3467,40331.03,3145
56,2025,35,3515,121581.15,3494,34.8,159992.87,19232.9,96532.03,2633,6549657,3419,37612.35,3056
56,2025,36,3702,127197.53,3673,34.63,167007.97,20108.17,100598.18,2740,6273183,3590,40051.71,3210
56,2025,37,4169,147520.34,4129,35.73,195781.73,24451.52,117326.79,3150,7286955,4044,44656.92,3586
56,2025,38,4335,154035.04,4300,35.82,204729.18,25559.61,125141.15,3375,7869223,4241,47730.37,3834
56,2025,39,4075,142337.16,4049,35.15,189014.53,24032.33,117138.3,3213,7276725,3976,45114.02,3629
56,2025,40,3664,128925.12,3641,35.41,171970.03,21314.17,102533.67,2801,6306473,3573,40154.56,3220
56,2025,41,3580,126553.05,3547,35.68,168525.09,20967.22,102118.2,2737,6213063,3473,39210.38,3101
56,2025,42,4027,141581.83,4008,35.32,190859.67,24434.1,115362.49,3133,6828971,3940,43453.52,3494
56,2025,43,3487,121175.03,3460,35.02,162931.05,20753.65,97739.94,2682,5761347,3395,38927.47,3092
56,2025,44,3288,114277.93,3252,35.14,153409.73,19497.46,93497.08,2531,5458527,3188,36400.06,2879
56,2025,45,3161,112129.79,3137,35.74,150859.38,19187.8,90345.21,2420,5517550,3078,35073.96,2743
56,2025,46,2752,96526.7,2731,35.34,129215.08,16520.3,78073.93,2117,5041746,2692,31283.0,2462
56,2025,47,2609,90726.46,2579,35.18,121889.21,15878.79,73579.41,1994,4714905,2520,28192.44,2250
56,2025,48,2478,87084.86,2456,35.46,115995.74,14140.39,67083.32,1801,4398262,2424,29815.67,2254
56,2025,49,3530,124907.43,3508,35.61,166602.46,20627.95,98208.62,2668,6380663,3447,40373.98,3165
56,2025,50,2655,92122.24,2637,34.93,123451.02,15604.59,72752.45,2003,4820102,2573,30126.69,2363
56,2025,51,2088,71949.97,2068,34.79,96203.43,11367.12,54095.24,1495,3805879,2006,23366.22,1813
56,2025,52,1739,60075.63,1728,34.77,78879.4,8433.66,40988.69,1112,3173021,1693,20635.71,1579
56,2026,1,1985,70446.72,1972,35.72,92435.14,10000.73,49268.75,1317,3531699,1934,25014.5,1829
56,2026,2,1843,62199.91,1825,34.08,81987.16,9803.68,47658.52,1308,3337154,1788,20918.98,1646
56,2026,3,1831,61436.44,1811,33.92,82165.79,10041.75,47882.86,1336,3261136,1766,21397.66,1635
56,2026,4,1888,65615.66,1875,35.0,88822.02,11064.77,51377.87,1424,3497828,1841,22810.51,1708
56,2026,5,1911,65366.23,1889,34.6,87432.66,10723.25,51425.99,1404,3555591,1847,22289.78,1714
56,2026,6,1788,60605.61,1775,34.14,81051.75,10286.08,47855.61,1332,3119302,1736,20349.92,1601
56,2026,7,1892,66009.64,1881,35.09,88150.37,10864.47,51203.97,1413,3513118,1840,22071.57,1694
56,2026,8,2620,90085.99,2598,34.68,120706.26,15338.77,71485.54,1983,4485095,2561,30108.28,2357
56,2026,9,2223,76140.62,2207,34.5,102364.45,12977.9,60950.56,1691,3862899,2178,24915.91,1978
56,2026,10,2489,91212.17,2475,36.85,122029.34,15223.64,71662.98,1910,4597222,2438,29250.53,2189
56,2026,11,2951,104392.52,2926,35.68,140277.15,17461.94,82480.41,2218,5222909,2868,32951.27,2582
56,2026,12,2921,105360.62,2898,36.36,141851.81,17414.01,81764.25,2182,5108107,2843,35000.32,2581
56,2026,13,2899,101106.28,2886,35.03,135760.2,17118.65,80637.71,2172,5033887,2829,33210.99,2576
56,2026,14,2501,89684.16,2485,36.09,120249.34,14533.15,69666.11,1850,4620730,2440,28391.46,2201
56,2026,15,2618,91931.35,2602,35.33,122445.42,15198.3,73430.53,1996,4721595,2539,29716.06,2322
56,2026,16,3120,109672.83,3104,35.33,147454.55,19472.33,91333.97,2467,5544535,3051,35379.53,2793
56,2026,17,3091,110903.4,3074,36.08,149509.27,19254.33,90946.5,2420,5635335,3016,33338.12,2655
56,2026,18,3168,109891.87,3135,35.05,147636.16,19062.54,89769.96,2439,5661588,3086,35444.81,2823
56,2026,19,3279,117383.58,3249,36.13,157951.47,20202.65,93530.33,2497,6063500,3188,35277.64,2821
56,2026,20,3591,128399.36,3559,36.08,171485.28,21456.63,101994.01,2746,6807885,3517,39657.7,3174
56,2026,21,3044,111127.13,3015,36.86,148051.74,18078.82,86905.0,2248,5572528,2960,33004.67,2607
56,2026,22,2909,102320.5,2880,35.53,135724.44,16774.97,81987.62,2207,5397584,2826,32265.21,2579
57,2024,1,26,751.0,26,28.88,766.15,7.65,345.5,13,29927,25,232.02,23
57,2024,2,20,546.25,20,27.31,552.75,0.0,165.0,6,23793,19,98.26,13
57,2024,3,33,674.15,33,20.43,678.65,0.0,311.0,10,31861,26,442.92,21
57,2024,4,38,960.75,38,25.28,976.69,3.94,471.0,16,51965,33,264.17,29
57,2024,5,33,889.0,32,27.78,896.12,7.12,555.25,18,49657,32,245.51,30
57,2024,6,23,610.11,23,26.53,610.11,0.0,367.5,12,33894,23,183.34,18
57,2024,7,38,866.24,36,24.06,887.81,5.57,467.24,15,43561,35,244.61,30
57,2024,8,29,852.06,27,31.56,871.31,6.75,384.0,14,43763,27,251.3,23
57,2024,9,35,1033.52,35,29.53,1061.35,17.33,640.11,22,51181,34,322.71,31
57,2024,10,33,879.22,32,27.48,892.37,8.15,394.0,12,45999,31,279.8,28
57,2024,11,41,1173.61,41,28.62,1192.65,14.04,814.92,26,61580,39,402.87,36
57,2024,12,48,1432.01,48,29.83,1443.88,11.87,619.95,21,78772,47,366.53,40
57,2024,13,32,883.64,32,27.61,911.24,8.1,374.0,14,43883,31,277.77,28
57,2024,14,38,1018.48,38,26.8,1092.88,21.4,591.0,19,58405,38,273.13,33
57,2024,15,31,777.11,30,25.9,862.12,19.51,465.68,18,41450,30,237.38,26
57,2024,16,38,1059.87,38,27.89,1063.87,0.0,564.24,19,59082,38,327.07,33
57,2024,17,33,906.86,33,27.48,932.36,15.5,541.61,20,47380,33,281.68,29
57,2024,18,43,937.5,41,22.87,959.05,16.05,658.5,22,49108,33,276.45,31
57,2024,19,33,633.97,32,19.81,677.68,22.21,350.22,12,41334,24,132.14,13
57,2024,20,38,1024.48,38,26.96,1181.53,39.55,671.8,24,49210,35,273.94,32
57,2024,21,27,743.99,27,27.56,774.49,5.0,475.77,16,39967,26,230.04,22
57,2024,22,29,892.13,29,30.76,921.25,20.62,460.63,15,50379,28,263.63,24
57,2024,23,36,878.99,35,25.11,964.24,39.25,557.91,18,45247,31,239.25,26
57,2024,24,37,999.32,33,30.28,1112.77,37.95,517.64,16,43301,32,309.53,29
57,2024,25,24,613.39,24,25.56,684.94,26.05,415.39,14,30838,21,172.66,17
57,2024,26,25,637.51,25,25.5,665.59,22.58,404.26,14,33588,22,164.68,18
57,2024,27,42,1097.18,42,26.12,1153.1,26.42,425.18,14,51963,40,258.32,27
57,2024,28,32,971.97,32,30.37,1047.53,42.06,629.47,19,41092,32,282.9,28
57,2024,29,33,954.64,33,28.93,1013.44,20.55,454.89,16,43774,32,315.45,28
57,2024,30,32,764.82,32,23.9,818.24,13.42,446.31,18,36660,30,262.48,26
57,2024,31,21,525.65,20,26.28,591.55,8.9,326.52,12,31426,20,173.38,19
57,2024,32,30,814.93,30,27.16,836.98,15.55,429.43,14,37505,28,249.49,26
57,2024,33,33,979.5,33,29.68,995.9,6.4,665.75,20,48586,32,321.02,31
57,2024,34,40,1164.26,40,29.11,1239.58,39.32,856.51,28,56250,40,370.02,37
57,2024,35,36,1046.49,36,29.07,1066.02,11.03,861.49,27,53639,34,344.81,32
57,2024,36,35,1419.25,35,40.55,1479.51,44.76,614.17,19,62886,35,503.61,33
57,2024,37,38,1139.44,38,29.99,1182.06,32.62,801.78,24,52528,38,350.41,36
57,2024,38,46,1319.28,46,28.68,1390.94,50.16,935.75,29,71575,46,430.11,41
57,2024,39,29,773.76,29,26.68,795.01,9.25,548.01,18,43147,27,265.65,26
57,2024,40,35,1142.54,35,32.64,1263.62,87.08,826.29,24,70255,35,406.89,35
57,2024,41,38,1250.09,38,32.9,1430.51,92.42,911.12,25,73180,37,399.93,35
57,2024,42,38,1208.97,37,32.67,1314.06,72.09,968.5,28,62648,37,405.83,33
57,2024,43,45,1436.75,45,31.93,1490.79,42.04,939.75,28,76888,45,497.39,43
57,2024,44,34,1051.75,34,30.93,1119.4,34.65,698.75,21,42839,32,340.3,30
57,2024,45,33,949.55,33,28.77,981.7,28.65,659.5,20,44691,33,299.77,29
57,2024,46,41,1212.98,41,29.58,1281.59,34.11,750.76,27,61339,41,418.4,40
57,2024,47,32,1051.75,32,32.87,1136.25,50.0,663.5,20,49901,31,360.88,29
57,2024,48,39,1062.75,39,27.25,1115.8,49.05,685.75,21,50725,36,354.19,35
57,2024,49,35,900.8,35,25.74,907.8,1.0,460.25,16,51018,34,306.49,33
57,2024,50,26,835.67,26,32.14,845.67,8.0,370.25,12,30652,25,306.89,25
57,2024,51,40,1067.25,39,27.37,1080.75,0.0,436.5,15,44372,33,376.17,32
57,2024,52,20,573.3,20,28.66,576.8,0.0,333.25,11,25521,20,205.99,20
57,2025,1,30,820.6,30,27.35,828.6,0.0,224.6,8,41035,30,279.7,28
57,2025,2,28,717.5,27,26.57,729.25,7.75,342.5,12,33339,26,253.15,23
57,2025,3,37,1027.75,37,27.78,1027.75,0.0,576.5,18,47437,36,326.37,34
57,2025,4,31,865.25,29,29.84,888.85,19.1,389.0,12,33057,29,258.78,26
57,2025,5,31,923.0,31,29.77,1029.98,45.48,601.25,19,46233,31,316.91,27
57,2025,6,28,701.34,27,25.98,734.44,13.6,434.8,16,32942,27,257.79,26
57,2025,7,28,921.29,28,32.9,949.79,19.5,597.0,18,40523,26,284.11,26
57,2025,8,30,819.5,30,27.32,821.0,0.0,503.25,17,37588,28,299.12,28
57,2025,9,38,1045.61,38,27.52,1070.52,13.41,692.25,22,54030,38,368.42,36
57,2025,10,36,973.85,36,27.05,985.21,7.86,606.58,22,46756,36,353.26,35
57,2025,11,30,893.75,30,29.79,924.57,28.32,495.5,17,36922,29,277.27,27
57,2025,12,38,1079.26,38,28.4,1095.56,8.3,676.01,23,51816,38,390.67,38
57,2025,13,40,966.29,40,24.16,988.87,19.08,451.54,15,41938,39,328.18,34
57,2025,14,38,1060.0,38,27.89,1086.9,16.9,791.25,25,47991,37,341.59,33
57,2025,15,41,1165.75,41,28.43,1166.75,0.0,669.75,22,47932,40,408.58,40
57,2025,16,42,1195.25,42,28.46,1231.14,18.89,730.5,25,52428,41,409.01,40
57,2025,17,44,1232.25,43,28.66,1271.45,15.2,734.0,27,55890,42,437.19,40
57,2025,18,38,1062.75,38,27.97,1062.75,0.0,828.75,28,57219,38,375.81,37
57,2025,19,40,1117.06,40,27.93,1121.56,0.0,840.81,29,55462,38,370.47,37
57,2025,20,66,1806.61,65,27.79,1851.4,35.79,1430.76,48,78865,62,607.53,59
57,2025,21,36,942.3,36,26.17,965.3,5.0,619.76,23,46822,35,330.4,33
57,2025,22,39,1084.69,39,27.81,1086.19,0.0,672.4,23,54318,38,403.81,37
57,2025,23,32,833.09,32,26.03,870.24,30.15,469.59,17,37709,32,265.39,29
57,2025,24,34,1013.17,34,29.8,1044.9,30.23,641.84,20,49784,34,319.48,31
57,2025,25,37,917.77,36,25.49,918.77,0.0,608.25,21,39635,32,337.1,32
57,2025,26,35,908.05,35,25.94,925.05,5.0,521.5,18,49118,35,319.26,32
57,2025,27,28,719.85,28,25.71,724.31,4.46,405.5,15,35294,26,251.11,24
57,2025,28,27,694.76,27,25.73,702.09,6.33,359.01,12,28055,24,250.18,24
57,2025,29,38,1171.01,37,31.65,1262.97,53.96,915.25,26,55392,37,358.24,31
57,2025,30,33,849.45,33,25.74,863.92,12.47,564.6,21,42106,33,299.65,32
57,2025,31,43,1223.25,43,28.45,1291.95,39.7,760.5,27,51075,43,359.36,37
57,2025,32,32,905.18,31,29.2,918.03,10.85,509.5,18,33763,31,320.06,30
57,2025,33,36,959.22,36,26.64,979.79,0.07,684.25,23,96923,35,303.2,33
57,2025,34,46,1255.26,46,27.29,1297.16,25.4,950.26,33,58683,46,392.74,42
57,2025,35,45,1170.92,44,26.61,1197.28,23.36,827.67,27,51337,43,388.38,38
57,2025,36,35,802.61,34,23.61,817.61,9.0,555.02,20,32417,33,273.05,30
57,2025,37,34,960.31,34,28.24,1028.53,42.72,681.06,23,40789,33,292.16,30
57,2025,38,43,1065.85,42,25.38,1126.95,12.1,647.13,24,45628,40,353.14,37
57,2025,39,35,962.55,35,27.5,981.9,7.85,501.75,19,44643,35,328.64,33
57,2025,40,35,912.05,35,26.06,945.63,21.58,602.8,19,41393,33,294.23,28
57,2025,41,22,552.5,21,26.31,687.02,8.52,334.75,11,28007,20,158.58,16
57,2025,42,18,506.64,18,28.15,533.27,15.38,289.46,9,27748,18,169.51,17
57,2025,43,16,516.22,15,34.41,559.52,42.3,342.0,9,15671,14,90.64,10
57,2025,44,16,438.52,15,29.23,482.27,21.9,262.27,8,18780,14,122.58,14
57,2025,45,17,483.88,17,28.46,505.25,13.37,352.88,12,21623,17,152.87,16
57,2025,46,23,617.12,23,26.83,641.22,15.1,373.37,14,21992,21,162.15,20
57,2025,47,13,349.82,13,26.91,363.58,13.26,236.71,7,18302,13,93.46,10
57,2025,48,18,580.81,18,32.27,595.61,8.8,277.06,10,27435,17,200.31,16
57,2025,49,33,844.72,33,25.6,969.85,18.31,674.22,23,45990,32,300.58,30
57,2025,50,25,754.37,25,30.17,770.17,7.3,583.93,19,31951,25,258.55,23
57,2025,51,22,676.54,22,30.75,700.64,10.1,449.79,14,36538,22,201.17,18
57,2025,52,21,556.94,21,26.52,559.94,0.0,214.5,7,24017,18,165.03,18
57,2026,1,23,640.5,23,27.85,667.55,15.05,400.5,12,37149,22,211.07,20
57,2026,2,20,550.01,20,27.5,565.56,10.55,276.0,10,23800,19,171.66,16
57,2026,3,21,567.97,21,27.05,593.87,25.4,349.11,11,23949,21,172.1,18
57,2026,4,32,927.22,30,30.91,996.07,25.35,703.75,23,39879,30,260.96,25
57,2026,5,28,692.4,28,24.73,793.5,7.1,560.44,20,32424,28,248.38,26
57,2026,6,15,443.95,14,31.71,445.45,0.0,315.52,10,18637,13,157.05,13
57,2026,7,29,807.39,29,27.84,840.56,7.17,639.75,22,41369,29,288.36,28
57,2026,8,24,631.38,24,26.31,633.88,0.0,428.0,15,24441,24,227.14,23
57,2026,9,30,898.29,30,29.94,931.69,27.4,690.5,21,37894,30,285.64,29
57,2026,10,34,1086.76,34,31.96,1105.01,13.75,903.75,28,45791,34,371.77,32
57,2026,11,28,874.27,28,31.22,892.35,16.08,684.11,21,30847,28,274.52,26
57,2026,12,21,601.63,20,30.08,634.72,23.59,512.38,16,26231,20,204.04,19
57,2026,13,25,758.75,25,30.35,854.85,21.1,404.75,13,30279,25,275.69,24
57,2026,14,24,608.52,24,25.36,632.72,21.2,411.77,14,25768,23,206.39,23
57,2026,15,23,788.17,22,35.83,810.54,18.37,621.42,18,27813,22,234.49,19
57,2026,16,31,907.37,31,29.27,941.57,24.45,775.31,26,43628,31,318.32,30
57,2026,17,31,979.82,31,31.61,1082.17,31.85,872.01,26,51804,31,324.61,29
57,2026,18,33,860.43,32,26.89,890.2,8.27,438.16,14,38445,31,266.9,29
57,2026,19,41,1235.79,39,31.69,1271.57,30.78,1051.46,32,58069,38,381.1,36
57,2026,20,35,1449.99,35,41.43,1697.5,39.51,795.6,25,56506,34,493.9,31
57,2026,21,29,848.7,28,30.31,980.95,27.2,666.3,19,44191,27,254.03,25
57,2026,22,15,380.86,15,25.39,397.08,13.72,288.25,9,17330,15,117.2,14
58,2024,1,40,1198.73,38,31.55,1250.73,39.5,856.0,27,79138,36,357.37,35
58,2024,2,53,1200.83,50,24.02,1206.83,2.0,768.25,28,70702,48,355.88,49
58,2024,3,49,1123.46,45,24.97,1145.34,19.88,803.47,28,57181,42,362.53,41
58,2024,4,55,1085.7,51,21.29,1129.27,12.57,610.0,24,61077,49,323.18,42
58,2024,5,61,1220.44,56,21.79,1251.5,10.81,773.5,32,65784,54,401.96,53
58,2024,6,55,1363.62,50,27.27,1391.06,25.44,1003.9,34,71393,49,430.25,48
58,2024,7,64,1055.29,56,18.84,1080.57,6.28,694.55,31,58189,49,283.21,43
58,2024,8,56,1249.73,50,24.99,1254.45,3.72,703.5,27,84652,48,394.77,47
58,2024,9,60,1284.16,56,22.93,1284.8,0.14,744.5,30,74930,50,385.1,44
58,2024,10,59,1067.68,55,19.41,1083.94,10.26,767.5,31,60583,53,328.94,50
58,2024,11,63,1260.78,56,22.51,1278.89,0.61,953.25,37,86053,53,408.89,50
58,2024,12,66,1366.75,62,22.04,1379.29,5.54,911.0,38,112181,61,444.18,59
58,2024,13,60,1435.89,56,25.64,1459.7,10.81,850.17,35,78014,56,483.75,55
58,2024,14,62,1407.21,59,23.85,1428.78,5.07,923.5,34,75272,56,423.31,51
58,2024,15,62,1335.56,58,23.03,1373.33,17.77,914.75,34,73368,57,427.35,56
58,2024,16,65,1397.38,61,22.91,1495.68,26.3,1202.91,45,79538,56,459.62,52
58,2024,17,51,1173.81,50,23.48,1183.31,0.0,712.86,29,82158,50,351.24,46
58,2024,18,57,1142.8,51,22.41,1171.2,5.9,947.58,38,72820,50,372.71,44
58,2024,19,53,1516.71,50,30.33,1561.92,32.71,857.48,32,85080,48,516.55,43
58,2024,20,64,1289.88,59,21.86,1321.02,22.64,874.16,33,76526,57,393.73,51
58,2024,21,73,1546.11,67,23.08,1608.04,36.43,861.97,32,92112,61,447.86,55
58,2024,22,55,1451.63,52,27.92,1560.01,49.88,1087.89,34,93815,47,463.18,44
58,2024,23,76,1820.23,68,26.77,2088.61,77.88,1312.9,43,103957,64,607.67,62
58,2024,24,77,1970.76,75,26.28,2178.83,63.07,1199.06,44,114900,73,629.73,68
58,2024,25,62,1470.97,61,24.11,1816.16,74.19,1119.99,44,87896,59,490.65,56
58,2024,26,64,1519.59,64,23.74,1576.08,22.99,1140.32,45,86176,62,524.92,58
58,2024,27,62,1529.6,62,24.67,1617.12,41.52,1124.88,41,91295,61,513.9,54
58,2024,28,58,1414.91,57,24.82,1463.06,39.15,916.59,33,76049,52,482.15,46
58,2024,29,60,1639.56,60,27.33,1712.16,53.6,1199.4,44,87985,58,540.01,54
58,2024,30,64,1706.78,64,26.67,1778.29,66.01,1241.33,46,93349,64,573.48,60
58,2024,31,57,1238.63,57,21.73,1303.85,31.72,962.65,39,70956,57,419.7,54
58,2024,32,59,1650.58,59,27.98,1706.1,32.02,1377.21,47,98553,59,562.13,56
58,2024,33,41,1057.25,41,25.79,1133.25,3.0,589.71,24,65335,41,350.75,36
58,2024,34,54,1194.45,53,22.54,1205.56,10.11,895.57,40,75457,53,407.29,52
58,2024,35,66,1861.65,66,28.21,2052.15,115.25,1389.03,51,129904,66,630.05,63
58,2024,36,57,1578.36,57,27.69,1644.05,54.69,1105.36,39,99940,57,480.43,52
58,2024,37,54,1501.26,54,27.8,1567.12,42.86,1228.21,43,90314,54,534.78,52
58,2024,38,45,1147.83,45,25.51,1201.64,34.81,920.77,33,71822,43,380.95,37
58,2024,39,57,1480.35,56,26.43,1550.07,59.72,1171.97,42,93887,55,430.99,51
58,2024,40,61,1530.68,61,25.09,1560.71,10.03,874.0,36,112883,60,485.61,57
58,2024,41,53,1398.3,53,26.38,1429.0,24.2,1053.14,37,87226,53,458.94,49
58,2024,42,53,1423.89,53,26.87,1480.27,17.88,788.25,34,79085,51,480.94,51
58,2024,43,60,1367.98,59,23.19,1396.13,20.65,1052.75,42,94203,59,444.98,55
58,2024,44,57,1406.32,57,24.67,1427.89,6.07,779.75,30,86483,55,470.99,51
58,2024,45,56,1418.72,56,25.33,1497.35,52.63,1021.62,39,82728,56,437.21,52
58,2024,46,57,1422.04,57,24.95,1492.56,49.52,1094.08,43,65912,57,462.07,52
58,2024,47,52,1106.32,52,21.28,1111.0,4.68,912.75,40,69122,52,365.6,48
58,2024,48,46,999.96,46,21.74,1008.27,6.31,756.0,31,48362,45,336.59,42
58,2024,49,62,1220.74,61,20.01,1245.39,13.15,902.5,38,71607,60,386.46,53
58,2024,50,47,1137.51,46,24.73,1180.96,0.95,805.27,34,70384,45,381.97,45
58,2024,51,62,1502.13,61,24.63,1505.61,1.48,994.91,34,83842,61,448.82,54
58,2024,52,39,956.93,38,25.18,1005.26,13.83,836.93,31,51217,38,340.17,36
58,2025,1,41,1169.67,41,28.53,1188.25,12.08,663.01,24,54724,39,292.96,32
58,2025,2,50,1127.53,49,23.01,1139.14,10.61,967.31,39,61877,49,392.38,47
58,2025,3,56,1080.94,56,19.3,1128.03,4.59,786.69,33,69465,54,338.92,51
58,2025,4,56,1147.71,55,20.87,1303.7,21.99,756.24,34,57163,50,384.82,44
58,2025,5,52,1106.17,52,21.27,1119.38,3.21,842.67,33,78340,51,370.07,48
58,2025,6,52,1142.65,52,21.97,1181.72,12.07,931.9,37,61083,48,385.46,45
58,2025,7,60,1369.93,60,22.83,1414.31,27.38,1217.43,49,74038,58,426.31,57
58,2025,8,53,1253.42,53,23.65,1278.72,23.8,873.24,33,65625,52,392.12,48
58,2025,9,65,1191.15,65,18.33,1237.69,30.04,832.45,38,67572,63,334.23,60
58,2025,10,63,1276.69,63,20.26,1296.97,15.28,895.89,42,82155,63,401.68,60
58,2025,11,68,1508.99,66,22.86,1528.62,15.13,1005.24,36,75775,66,396.55,57
58,2025,12,72,1456.0,72,20.22,1470.28,0.28,1017.88,39,91316,70,453.59,65
58,2025,13,55,1052.68,55,19.14,1075.97,18.79,814.11,32,55095,52,355.9,47
58,2025,14,65,1281.45,65,19.71,1324.31,21.36,946.7,45,82521,65,374.13,60
58,2025,15,66,1390.62,66,21.07,1422.97,13.35,917.37,38,82994,65,447.12,63
58,2025,16,67,1270.23,66,19.25,1304.05,22.82,941.98,40,75224,64,396.76,62
58,2025,17,45,1051.95,45,23.38,1062.49,9.54,712.75,27,65409,44,344.46,43
58,2025,18,65,1433.39,65,22.05,1441.17,0.28,775.38,32,85133,64,451.01,59
58,2025,19,69,1669.83,69,24.2,1706.89,34.56,1200.18,51,88437,67,523.06,63
58,2025,20,67,1805.37,67,26.95,1853.05,39.18,1378.4,48,85939,65,551.53,62
58,2025,21,76,1757.94,76,23.13,1823.19,34.25,1353.79,51,107218,74,549.12,70
58,2025,22,79,1830.01,79,23.16,1843.08,6.07,1462.04,58,97579,79,618.84,73
58,2025,23,61,1496.59,61,24.53,1516.57,14.98,1033.85,43,81068,61,485.35,55
58,2025,24,48,1126.06,48,23.46,1142.72,13.16,861.34,33,60761,47,376.53,46
58,2025,25,64,1436.63,64,22.45,1466.25,21.62,1151.42,47,67617,63,453.89,57
58,2025,26,79,1629.83,77,21.17,1671.36,9.03,1367.12,61,84942,76,529.41,72
58,2025,27,57,1156.86,56,20.66,1179.05,13.69,909.11,41,60934,56,376.86,52
58,2025,28,74,1530.98,74,20.69,1608.08,10.6,1152.5,53,75260,73,461.0,66
58,2025,29,56,1213.7,56,21.67,1269.59,21.39,994.23,41,68855,56,401.43,52
58,2025,30,50,955.2,50,19.1,973.25,12.05,654.48,31,53802,50,308.24,44
58,2025,31,66,1642.69,65,25.27,1667.38,9.19,1012.72,40,82649,65,507.11,57
58,2025,32,51,1196.28,49,24.41,1265.83,26.55,942.28,38,75647,47,361.89,43
58,2025,33,56,1275.06,55,23.18,1377.82,39.26,911.94,33,77477,54,415.72,52
58,2025,34,58,1430.09,58,24.66,1505.03,17.44,1021.45,38,73663,56,427.4,53
58,2025,35,67,1629.68,67,24.32,1716.85,40.17,1199.96,42,87176,64,473.8,54
58,2025,36,74,1743.44,73,23.88,1807.04,19.1,1285.39,51,83709,70,545.61,63
58,2025,37,74,1969.8,74,26.62,2013.64,38.84,1396.33,48,105178,74,606.53,69
58,2025,38,86,1939.37,86,22.55,2030.44,38.07,1490.35,57,120721,84,617.47,78
58,2025,39,71,1616.95,71,22.77,1625.45,5.0,1231.98,46,92417,71,508.14,64
58,2025,40,56,1288.97,56,23.02,1308.47,11.0,927.83,37,73606,53,433.46,52
58,2025,41,48,1074.18,48,22.38,1150.77,23.09,775.46,29,53562,48,330.07,43
58,2025,42,43,772.96,43,17.98,838.15,13.19,537.73,27,61312,41,249.86,40
58,2025,43,58,1091.15,58,18.81,1145.88,19.43,635.88,36,54801,56,338.27,52
58,2025,44,57,950.03,57,16.67,1013.2,33.92,688.29,36,48990,54,262.01,48
58,2025,45,38,769.25,38,20.24,777.06,6.31,512.27,23,39308,38,233.44,33
58,2025,46,40,797.36,40,19.93,828.36,2.75,492.41,22,40949,39,257.55,36
58,2025,47,40,859.23,40,21.48,863.14,0.91,532.96,25,46340,40,290.7,39
58,2025,48,52,1180.6,51,23.15,1231.06,12.01,890.4,33,50136,51,299.69,43
58,2025,49,57,1326.12,57,23.27,1368.9,28.78,909.68,40,89042,57,411.93,49
58,2025,50,49,1222.48,49,24.95,1342.26,37.53,829.66,33,68045,49,424.73,44
58,2025,51,41,1122.48,40,28.06,1160.48,16.0,509.5,18,70026,38,396.85,38
58,2025,52,35,611.29,35,17.47,622.18,1.89,396.12,23,27079,34,176.67,31
58,2026,1,33,554.05,33,16.79,557.25,0.7,372.51,23,30694,33,172.31,32
58,2026,2,35,817.22,35,23.35,888.35,25.63,562.75,21,40706,34,250.36,28
58,2026,3,39,827.26,39,21.21,838.49,6.23,558.62,24,48532,39,264.4,37
58,2026,4,35,784.85,35,22.42,821.52,20.17,581.63,25,35774,35,228.0,32
58,2026,5,49,1090.9,49,22.26,1098.68,2.28,690.43,30,65110,49,340.76,44
58,2026,6,52,1029.22,52,19.79,1032.14,2.42,673.12,33,60631,52,331.76,49
58,2026,7,38,837.89,38,22.05,841.3,2.91,511.19,23,40860,38,272.61,35
58,2026,8,41,984.25,41,24.01,1004.38,18.13,750.52,29,43916,41,325.42,38
58,2026,9,42,956.14,42,22.77,987.32,16.64,476.8,22,55185,41,275.66,36
58,2026,10,53,1311.89,53,24.75,1324.02,10.63,818.23,33,69563,53,424.42,50
58,2026,11,50,998.25,50,19.97,1088.15,57.9,718.57,31,49276,48,280.6,44
58,2026,12,59,1161.42,59,19.69,1209.32,0.32,790.97,34,59862,56,354.46,51
58,2026,13,45,985.41,45,21.9,988.75,1.84,612.5,31,45018,43,311.98,43
58,2026,14,55,1149.58,55,20.9,1193.65,33.57,597.97,27,75877,55,336.18,50
58,2026,15,47,1113.63,47,23.69,1136.63,19.0,643.5,21,59658,46,316.83,45
58,2026,16,58,1126.03,57,19.75,1150.04,18.01,767.38,34,57783,57,307.18,51
58,2026,17,41,970.25,41,23.66,975.32,2.07,668.77,29,66913,41,282.55,37
58,2026,18,52,1250.86,52,24.06,1322.83,39.97,816.87,29,89661,52,403.88,52
58,2026,19,47,1228.11,47,26.13,1254.11,23.0,927.16,31,59807,44,390.45,42
58,2026,20,48,1100.53,48,22.93,1109.03,3.0,705.98,25,64515,48,351.85,48
58,2026,21,54,1413.24,54,26.17,1466.77,3.53,940.78,36,92630,53,455.92,51
58,2026,22,50,1072.72,50,21.45,1140.98,54.26,779.35,31,53839,48,323.18,45
59,2024,1,89,1411.63,89,15.86,1458.8,13.11,594.88,32,62937,81,390.31,63
59,2024,2,221,2535.51,221,11.47,2706.75,56.52,699.34,62,118032,188,598.21,119
59,2024,3,166,2006.74,165,12.16,2121.89,63.15,785.5,42,115701,144,567.22,98
59,2024,4,225,1980.66,222,8.92,2174.97,62.31,703.66,54,86063,175,339.74,98
59,2024,5,287,2726.28,286,9.53,2832.8,34.52,800.17,59,147179,246,681.09,140
59,2024,6,291,2456.44,290,8.47,2647.64,86.2,754.19,90,104704,244,474.35,145
59,2024,7,303,2693.38,298,9.04,2815.4,34.86,866.13,70,129897,239,434.2,115
59,2024,8,277,2527.24,276,9.16,2652.67,50.91,705.6,68,126327,230,305.04,111
59,2024,9,359,2991.47,359,8.33,3201.96,102.99,927.64,106,136429,315,431.97,163
59,2024,10,288,2630.48,282,9.33,2780.71,36.73,1142.41,79,145712,242,613.02,136
59,2024,11,356,3425.65,350,9.79,3582.9,73.74,1073.26,96,202941,290,643.76,178
59,2024,12,344,3158.71,340,9.29,3287.55,40.34,1055.75,78,161218,298,606.97,142
59,2024,13,356,3236.09,355,9.12,3421.05,49.96,1130.84,96,231972,295,571.42,155
59,2024,14,354,2958.65,351,8.43,3167.98,83.33,1144.4,103,119714,280,466.61,151
59,2024,15,265,2067.11,257,8.04,2178.19,47.07,700.61,56,90397,208,312.52,106
59,2024,16,331,2794.13,326,8.57,2985.97,92.34,1176.39,101,118782,264,434.35,138
59,2024,17,303,2628.27,299,8.79,2802.21,88.43,990.77,79,125733,255,414.46,133
59,2024,18,367,3181.28,364,8.74,3595.74,103.46,1186.28,110,141771,299,590.02,163
59,2024,19,314,2696.16,311,8.67,2886.3,85.54,1199.15,103,143020,272,442.49,150
59,2024,20,281,1756.9,280,6.27,1984.51,77.86,777.15,84,78520,245,264.1,124
59,2024,21,259,2321.06,255,9.1,2449.71,54.15,1106.81,75,118505,223,385.64,119
59,2024,22,291,2498.05,287,8.7,2771.06,104.61,939.55,87,188868,247,411.3,129
59,2024,23,327,2823.41,323,8.74,3032.09,120.93,961.16,90,123997,265,390.12,129
59,2024,24,290,2807.11,284,9.88,3066.65,130.04,1213.0,100,127140,231,510.32,138
59,2024,25,227,2282.24,222,10.28,2400.36,57.62,739.05,66,102538,186,360.67,90
59,2024,26,326,2996.17,324,9.25,3206.28,87.61,1145.42,100,122193,255,463.5,127
59,2024,27,220,2534.0,212,11.95,2710.49,106.49,1189.75,75,105938,189,511.38,100
59,2024,28,260,2468.84,256,9.64,2691.74,78.65,925.67,76,105738,194,487.88,119
59,2024,29,298,2776.65,292,9.51,3004.2,112.33,1197.15,90,145268,237,517.83,146
59,2024,30,259,2433.32,259,9.4,2586.74,65.85,679.32,55,133116,223,541.22,137
59,2024,31,276,2526.11,276,9.15,2636.71,32.1,992.36,90,121873,243,512.91,155
59,2024,32,274,2950.44,273,10.81,3130.38,92.44,1096.64,82,199373,238,700.62,163
59,2024,33,222,2103.93,221,9.52,2319.0,141.07,1168.43,90,103175,200,494.1,131
59,2024,34,265,2184.78,263,8.31,2357.4,128.12,1081.72,86,135929,232,482.74,144
59,2024,35,265,2453.3,263,9.33,2652.66,108.86,919.3,83,107022,226,517.07,141
59,2024,36,238,2384.76,236,10.1,2537.32,91.06,895.63,71,118426,197,513.4,125
59,2024,37,320,3271.05,318,10.29,3564.56,164.51,1233.67,103,139514,281,690.33,180
59,2024,38,264,2107.75,262,8.04,2389.45,78.7,818.79,75,86710,236,408.52,139
59,2024,39,306,2618.37,305,8.58,2829.43,102.89,998.27,101,109152,262,578.22,176
59,2024,40,287,2642.25,286,9.24,2804.7,81.95,883.49,79,123757,254,603.91,159
59,2024,41,294,2970.66,293,10.14,3179.74,91.49,1327.16,101,136713,253,682.04,177
59,2024,42,265,2708.53,264,10.26,2844.23,64.2,1050.12,80,142557,234,668.1,149
59,2024,43,283,2609.49,282,9.25,2808.33,116.73,996.5,97,105877,249,586.2,168
59,2024,44,262,2824.62,261,10.82,3031.96,79.24,1412.25,98,281877,236,720.95,160
59,2024,45,287,2818.75,284,9.93,2944.96,60.66,1146.25,88,142906,253,705.02,160
59,2024,46,240,2476.24,237,10.45,2650.82,91.93,1107.99,74,151872,227,608.34,138
59,2024,47,285,2319.87,284,8.17,2485.2,57.33,1226.85,105,118121,246,545.77,156
59,2024,48,235,2473.11,235,10.52,2570.2,53.09,896.25,68,119507,212,612.16,139
59,2024,49,236,2561.61,236,10.85,2693.1,109.41,1235.85,90,120555,209,650.08,153
59,2024,50,290,2584.23,288,8.97,2723.34,76.11,1076.73,92,124784,257,576.2,160
59,2024,51,371,2830.91,371,7.63,3097.55,90.64,1063.91,125,124151,328,592.22,200
59,2024,52,227,2302.5,225,10.23,2645.21,42.71,722.5,51,85777,188,557.41,130
59,2025,1,181,2223.24,181,12.28,2341.61,76.87,978.99,70,107554,154,602.91,104
59,2025,2,167,2157.75,166,13.0,2256.02,69.77,823.0,55,105119,142,570.99,123
59,2025,3,224,2412.57,224,10.77,2506.32,48.25,961.5,61,110015,198,609.27,130
59,2025,4,189,1741.02,187,9.31,1848.06,49.54,692.52,54,75256,164,400.48,106
59,2025,5,225,2095.97,223,9.4,2235.66,36.69,1136.32,85,117845,203,535.51,127
59,2025,6,240,2263.06,237,9.55,2393.53,57.47,1074.0,86,108848,224,564.7,145
59,2025,7,232,2636.78,231,11.41,2738.82,33.54,1164.53,76,118382,210,657.17,151
59,2025,8,250,2416.6,249,9.71,2504.2,38.6,997.1,75,114824,225,578.19,145
59,2025,9,324,2558.13,322,7.94,2688.74,62.61,975.38,93,116199,298,546.39,176
59,2025,10,286,2844.69,281,10.12,2990.21,52.52,1165.19,94,128898,261,723.41,168
59,2025,11,311,2892.47,308,9.39,3016.2,51.73,1210.47,94,142918,284,685.42,175
59,2025,12,360,3495.95,358,9.77,3607.45,52.75,1389.45,87,155174,319,850.53,204
59,2025,13,285,2433.59,282,8.63,2563.16,49.57,664.0,69,168501,246,523.84,155
59,2025,14,311,2743.61,310,8.85,2889.88,57.27,1259.35,107,132509,281,637.07,164
59,2025,15,341,3214.45,338,9.51,3547.86,125.16,1608.95,109,164786,308,780.97,202
59,2025,16,339,3419.48,336,10.18,3546.24,67.76,1255.52,96,177702,296,857.25,193
59,2025,17,337,3040.58,337,9.02,3252.26,104.68,1295.83,123,135186,318,714.4,203
59,2025,18,323,3044.06,320,9.51,3212.72,82.16,1139.81,98,217444,293,652.57,188
59,2025,19,334,3502.58,331,10.58,3610.38,48.8,1307.07,97,214369,305,913.61,200
59,2025,20,271,2194.83,270,8.13,2492.87,101.54,1289.19,101,98283,247,488.42,155
59,2025,21,286,2633.73,282,9.34,2736.68,47.45,906.06,70,133192,261,692.63,170
59,2025,22,260,2306.33,258,8.94,2433.22,65.89,969.58,85,110086,236,577.96,162
59,2025,23,287,2845.91,287,9.92,3048.79,105.79,1291.91,103,124907,259,697.24,166
59,2025,24,298,2472.48,294,8.41,2628.44,73.96,1074.22,85,129241,268,605.81,174
59,2025,25,218,2111.58,215,9.82,2215.84,68.26,961.83,67,111608,194,536.27,135
59,2025,26,282,2602.46,275,9.46,2700.29,23.33,942.67,83,111698,250,658.1,164
59,2025,27,244,2596.5,241,10.77,2724.95,85.95,1117.5,70,120979,217,682.18,151
59,2025,28,247,2046.35,246,8.32,2130.62,64.27,732.75,68,84922,224,520.19,126
59,2025,29,245,1803.24,243,7.42,1975.49,134.25,1001.24,86,85337,223,363.38,133
59,2025,30,257,2355.77,252,9.35,2556.0,119.23,727.27,72,105063,228,602.79,150
59,2025,31,229,2174.53,229,9.5,2345.95,84.42,598.02,64,131319,207,549.82,135
59,2025,32,263,2338.48,262,8.93,2504.94,68.96,877.7,68,147978,247,574.02,144
59,2025,33,262,2456.07,262,9.37,2585.03,90.01,905.63,78,196652,248,643.45,142
59,2025,34,258,2513.58,258,9.74,2600.36,48.71,903.78,57,111468,237,597.26,146
59,2025,35,313,3291.64,309,10.65,3331.69,12.05,989.75,32,173053,290,852.49,195
59,2025,36,217,2398.48,216,11.1,2451.06,27.58,778.96,34,127406,196,680.65,145
59,2025,37,282,2784.42,282,9.87,2893.92,30.42,882.92,33,174367,262,689.82,156
59,2025,38,292,2939.91,290,10.14,3006.8,15.07,988.66,36,157184,262,722.3,164
59,2025,39,271,2434.49,267,9.12,2566.46,16.47,1188.25,44,146578,242,628.47,154
59,2025,40,298,2759.34,292,9.45,2838.81,48.47,1124.61,65,128604,262,682.84,170
59,2025,41,263,2614.67,260,10.06,2868.52,112.85,1087.71,75,123235,232,627.56,162
59,2025,42,269,2329.65,267,8.73,2507.75,133.1,893.18,80,97732,241,535.9,145
59,2025,43,239,2119.57,239,8.87,2240.44,89.37,639.56,60,112544,218,560.73,138
59,2025,44,256,1872.72,255,7.34,2004.01,84.8,530.0,55,96646,229,411.45,136
59,2025,45,254,2072.91,253,8.19,2196.66,84.75,614.91,75,113508,230,507.31,145
59,2025,46,216,1973.22,214,9.22,2088.58,64.36,741.47,59,88291,191,469.79,128
59,2025,47,290,1910.56,290,6.59,2153.44,130.63,749.37,90,87177,257,361.83,149
59,2025,48,185,1489.02,184,8.09,1601.29,61.84,554.05,50,72338,172,297.69,108
59,2025,49,248,2208.19,247,8.94,2327.67,72.98,818.84,72,100123,229,556.51,143
59,2025,50,295,2300.55,293,7.85,2464.68,110.13,846.8,80,105838,273,465.7,158
59,2025,51,295,2212.56,295,7.5,2381.19,112.63,725.56,72,103411,264,496.38,147
59,2025,52,189,1721.97,188,9.16,1885.44,54.47,405.22,36,71638,160,458.37,103
59,2026,1,162,1133.15,161,7.04,1278.35,77.7,430.18,50,43958,144,216.1,77
59,2026,2,93,1062.63,92,11.55,1111.69,23.56,503.85,35,49239,85,266.54,58
59,2026,3,202,2181.62,201,10.85,2268.13,71.01,712.45,43,105472,178,567.43,120
59,2026,4,167,1589.16,167,9.52,1628.18,30.52,382.31,44,69341,149,430.02,104
59,2026,5,226,1956.1,226,8.66,2151.07,53.97,471.1,44,109776,208,486.17,138
59,2026,6,216,1674.28,216,7.75,1779.38,81.09,593.16,69,71310,200,361.65,129
59,2026,7,189,1731.88,189,9.16,1794.65,43.27,443.56,40,87719,175,449.53,111
59,2026,8,225,2217.02,223,9.94,2292.65,60.13,605.96,64,101269,202,559.88,139
59,2026,9,254,2172.75,253,8.59,2491.88,69.63,556.0,56,116386,230,540.94,147
59,2026,10,291,2334.61,287,8.13,2525.7,110.09,744.09,83,89854,246,518.02,150
59,2026,11,299,2893.19,296,9.77,3114.54,122.34,1011.53,77,241681,272,727.03,174
59,2026,12,244,1985.95,241,8.24,2090.66,57.21,640.94,48,177782,213,482.71,134
59,2026,13,262,1667.88,257,6.49,1822.9,113.02,758.88,77,79417,241,322.79,130
59,2026,14,332,2416.69,330,7.32,2555.02,86.33,657.96,74,126669,297,459.57,159
59,2026,15,295,2611.16,295,8.85,2696.93,40.77,674.47,48,229307,266,667.61,187
59,2026,16,312,2900.58,309,9.39,3005.51,55.52,833.27,69,212142,282,692.3,176
59,2026,17,259,2092.63,259,8.08,2265.76,114.63,632.52,76,168445,241,475.2,140
59,2026,18,317,2216.27,313,7.08,2323.24,62.47,626.02,74,161648,273,414.79,166
59,2026,19,260,2078.79,257,8.09,2333.66,75.29,695.27,59,95350,233,403.46,116
59,2026,20,299,2582.6,296,8.73,2839.62,161.42,1026.47,95,121649,268,582.56,174
59,2026,21,291,2757.98,289,9.54,2918.77,98.79,1059.8,88,138625,260,722.5,176
59,2026,22,242,2381.27,240,9.92,2657.7,111.88,882.58,69,110502,213,562.7,139
6,2024,1,2591,41510.7,2581,16.08,47073.88,4208.98,27387.59,1570,2318002,2533,10257.76,2252
6,2024,2,2868,48245.3,2861,16.86,54593.87,5480.83,35682.78,1982,2805558,2816,12584.14,2528
6,2024,3,3080,50847.59,3067,16.58,57956.97,6137.32,38471.94,2187,3169203,3025,13318.94,2675
6,2024,4,3312,55577.43,3306,16.81,63369.23,6704.54,40845.95,2288,3533018,3250,15017.61,2921
6,2024,5,2959,48806.21,2953,16.53,55431.25,5344.95,34868.98,1974,2946175,2906,12843.36,2587
6,2024,6,3033,50630.2,3024,16.74,57082.41,5378.34,36235.17,2017,2907795,2984,13370.73,2682
6,2024,7,3295,54945.46,3282,16.74,62660.16,6397.01,39987.01,2232,3254690,3235,14358.43,2891
6,2024,8,3342,54442.1,3327,16.36,62143.21,6459.63,40291.78,2345,3364022,3268,14368.39,2927
6,2024,9,3267,55947.21,3242,17.26,63635.55,6381.16,40472.02,2196,3375518,3187,14726.57,2872
6,2024,10,3543,57921.18,3507,16.52,65986.22,6705.66,43251.98,2464,3526242,3453,15364.63,3117
6,2024,11,4263,70406.74,4237,16.62,84574.52,8867.64,53073.09,3103,4617935,4174,18718.94,3729
6,2024,12,3947,64536.26,3911,16.5,74473.28,8226.85,49585.46,2814,3816242,3845,17144.83,3437
6,2024,13,3375,53370.13,3343,15.96,61295.47,6352.69,38728.34,2291,3192909,3290,14111.83,2943
6,2024,14,4648,78339.56,4600,17.03,91132.91,9810.52,57514.13,3182,4995237,4515,19540.16,4059
6,2024,15,3342,56441.06,3301,17.1,65218.39,7187.58,42944.31,2393,3357090,3248,15342.52,2932
6,2024,16,4631,80049.49,4587,17.45,92344.75,9674.22,60965.78,3362,5022204,4513,21101.05,4110
6,2024,17,4526,77323.69,4490,17.22,88774.55,9130.93,60021.31,3303,4628509,4418,20195.52,3976
6,2024,18,4676,82258.11,4635,17.75,94042.01,9332.89,62279.95,3347,5206030,4561,21189.14,4118
6,2024,19,4469,77333.49,4429,17.46,89189.47,9688.18,59528.69,3238,4862443,4372,20222.2,3915
6,2024,20,4851,86749.89,4803,18.06,101242.7,11450.39,67074.01,3529,5337982,4722,22055.37,4228
6,2024,21,4914,90674.52,4869,18.62,105446.53,11916.82,71042.74,3634,5743396,4793,22898.57,4274
6,2024,22,4480,77501.02,4433,17.48,92002.92,9036.41,59665.18,3254,4909458,4387,19446.72,3873
6,2024,23,4831,85150.11,4799,17.74,98820.53,10737.51,66753.31,3573,5273077,4748,21953.04,4191
6,2024,24,4578,81299.03,4541,17.9,94895.82,10629.98,62163.0,3282,5152344,4485,20234.82,3945
6,2024,25,5328,97346.21,5276,18.45,114631.36,13533.93,76316.3,3876,5773277,5214,23219.23,4582
6,2024,26,4106,70856.05,4065,17.43,81277.9,8558.11,54678.75,2965,4505864,4027,19020.43,3579
6,2024,27,3942,70218.58,3900,18.0,81048.51,8065.28,51323.57,2685,4051756,3849,16444.74,3358
6,2024,28,3444,55689.95,3406,16.35,63597.01,6426.23,41359.79,2384,3631223,3369,15200.8,2993
6,2024,29,4392,78776.51,4356,18.08,91824.42,9679.87,58411.87,3074,4712001,4290,19734.67,3763
6,2024,30,3907,69467.43,3876,17.92,80761.51,8970.12,52669.74,2742,4011025,3826,17504.23,3371
6,2024,31,4056,74412.99,4031,18.46,86267.1,8857.47,55496.3,2834,4272718,4001,18100.81,3509
6,2024,32,4211,75159.15,4182,17.97,87633.11,9246.76,57270.64,2984,4490788,4128,18546.99,3647
6,2024,33,4110,74690.41,4075,18.33,86419.87,8909.71,55756.19,2865,4237678,4041,18780.0,3561
6,2024,34,3843,68849.04,3815,18.05,79237.18,7714.9,50277.18,2654,4106245,3772,17919.68,3337
6,2024,35,4367,79172.32,4336,18.26,91032.19,9475.96,59657.08,3067,4672245,4292,20386.84,3827
6,2024,36,4382,78493.29,4361,18.0,91285.1,9461.16,58081.89,3032,4578562,4307,19625.77,3829
6,2024,37,3589,60840.56,3564,17.07,69321.34,6757.83,45255.77,2506,3909381,3523,17261.58,3170
6,2024,38,4802,93506.34,4774,19.59,108459.84,11829.8,72441.7,3444,5738494,4721,22312.9,4175
6,2024,39,3940,71205.57,3911,18.21,81492.58,8378.37,54920.52,2802,4591702,3882,18299.55,3454
6,2024,40,3395,59223.41,3379,17.53,67490.28,6380.36,43464.2,2312,3697636,3349,15647.39,2956
6,2024,41,3642,64312.52,3613,17.8,73827.82,7466.61,49691.04,2576,4012557,3587,16997.06,3170
6,2024,42,3829,66996.85,3797,17.64,76209.79,7650.93,51741.49,2778,4008019,3757,17881.65,3331
6,2024,43,3626,64702.26,3588,18.03,73494.84,7407.9,50513.72,2619,3960058,3546,17321.22,3165
6,2024,44,3483,58606.33,3443,17.02,66261.41,6354.58,43565.62,2364,3603547,3412,15233.42,3083
6,2024,45,3413,58352.8,3378,17.27,65577.52,6022.33,43728.8,2334,3587520,3345,15217.14,2947
6,2024,46,3854,69200.99,3829,18.07,78253.69,7455.96,52676.44,2782,4222839,3805,18077.63,3442
6,2024,47,4208,76079.81,4175,18.22,85998.94,8296.54,61455.06,3194,4710563,4133,20153.9,3778
6,2024,48,2728,46861.95,2702,17.34,53324.38,5151.35,34968.57,1848,2664154,2678,12384.5,2410
6,2024,49,3874,68900.7,3838,17.95,77437.81,7173.86,54062.06,2858,4170080,3801,18277.07,3474
6,2024,50,4756,80221.58,4720,17.0,90227.27,8287.59,64802.86,3616,4938684,4692,20965.92,4294
6,2024,51,4301,75345.51,4269,17.65,84545.46,8022.95,59237.08,3149,4497504,4231,20580.54,3889
6,2024,52,2373,41139.98,2351,17.5,46135.65,4026.42,28724.29,1520,2292352,2329,11573.69,2116
6,2025,1,3206,54585.46,3193,17.1,62482.21,5891.74,39686.5,2190,2808149,3167,12839.7,2842
6,2025,2,3086,51403.41,3072,16.73,57105.22,4765.56,38669.43,2184,3041744,3050,14018.37,2816
6,2025,3,3243,54992.99,3222,17.07,62320.87,5695.11,43271.68,2382,3328887,3203,15199.88,2957
6,2025,4,3182,52456.07,3169,16.55,59747.27,5434.88,40611.36,2355,3130523,3153,14590.02,2902
6,2025,5,3180,53317.48,3167,16.84,60383.41,5223.48,41487.36,2358,3220241,3146,14681.35,2918
6,2025,6,3433,58523.17,3412,17.15,65645.54,5447.1,44978.35,2470,3529520,3398,15880.19,3132
6,2025,7,3890,66176.43,3873,17.09,74575.22,6205.0,53619.39,3039,3891779,3853,18476.68,3668
6,2025,8,3716,62737.28,3700,16.96,70579.2,5680.45,50774.57,2850,3606645,3664,17554.23,3469
6,2025,9,3710,63718.6,3693,17.25,71753.75,5872.25,50231.16,2750,3961373,3670,17983.01,3471
6,2025,10,3678,61469.69,3647,16.85,68887.1,5580.41,47834.79,2708,3911688,3630,17360.64,3421
6,2025,11,4958,84095.05,4946,17.0,94787.21,7419.96,69319.65,3932,5157398,4912,22492.86,4669
6,2025,12,4613,79982.1,4592,17.42,90428.76,7589.1,66031.81,3611,4837367,4564,22359.29,4346
6,2025,13,3429,59514.64,3409,17.46,66733.46,5612.07,45008.65,2483,3408074,3386,16356.47,3204
6,2025,14,4624,84174.27,4609,18.26,95386.76,7919.53,65389.9,3425,5063687,4578,22004.52,4294
6,2025,15,4364,78292.15,4347,18.01,87309.65,6759.34,61927.0,3271,4535399,4321,21435.48,4068
6,2025,16,4467,78299.91,4445,17.62,87671.08,6604.18,61387.13,3313,4571584,4406,20594.16,4136
6,2025,17,5133,94457.45,5113,18.47,107530.66,8944.63,75118.35,3921,5406609,5076,23868.34,4729
6,2025,18,4256,74989.12,4240,17.69,83625.61,6317.94,59831.89,3227,4361621,4209,20524.09,3976
6,2025,19,4961,93920.4,4944,19.0,105839.18,8464.07,77811.73,3921,5324722,4903,24346.69,4620
6,2025,20,6093,118673.22,6064,19.57,134352.08,11047.61,99383.06,4856,6926758,6019,29629.41,5648
6,2025,21,5088,94402.78,5070,18.62,105341.92,7898.88,77427.23,4015,5428375,5031,24562.93,4778
6,2025,22,5157,97100.17,5140,18.89,109034.81,8816.87,79994.5,4081,5827631,5106,24277.41,4783
6,2025,23,5256,95153.6,5236,18.17,105609.24,7394.34,81596.59,4340,5923475,5190,25658.6,4966
6,2025,24,6192,119172.86,6176,19.3,134273.92,10704.96,100261.41,5037,7020982,6136,29351.52,5789
6,2025,25,6114,118355.58,6082,19.46,133637.04,10706.71,98911.02,4916,6806953,6033,28032.18,5667
6,2025,26,4900,87798.66,4883,17.98,98286.69,7627.58,73031.24,3899,5295651,4848,23309.44,4613
6,2025,27,4343,83495.0,4310,19.37,94868.75,8302.45,64321.59,3128,4685245,4262,19208.2,3901
6,2025,28,3744,64153.05,3722,17.24,72131.22,5628.58,51232.68,2812,3928598,3697,17076.94,3477
6,2025,29,4772,90850.69,4747,19.14,102398.35,8407.76,74166.54,3721,5232492,4699,22605.24,4446
6,2025,30,4724,91518.34,4697,19.48,103603.15,8600.41,74138.0,3665,5004339,4664,22290.74,4357
6,2025,31,4637,88516.22,4617,19.17,100142.31,8275.48,72739.89,3623,5134866,4576,21208.83,4227
6,2025,32,4706,85147.14,4682,18.19,96869.43,7962.15,67894.57,3605,4670745,4639,21239.68,4347
6,2025,33,4957,91153.21,4934,18.47,101961.39,7851.17,75156.9,3880,5957209,4897,22403.1,4593
6,2025,34,4968,93023.48,4943,18.82,106368.55,9143.23,74934.79,3807,5426553,4899,23512.47,4628
6,2025,35,4489,81631.47,4467,18.27,90798.69,6421.7,67138.66,3520,4865726,4431,21380.95,4216
6,2025,36,4619,84886.31,4590,18.49,96338.63,7718.92,66450.25,3444,4732191,4535,20688.3,4213
6,2025,37,4881,91810.62,4861,18.89,102736.19,8012.15,74526.19,3782,5356734,4823,23585.86,4521
6,2025,38,5133,94320.52,5117,18.43,104270.75,7146.95,79089.56,4132,5664877,5080,25009.53,4818
6,2025,39,6009,117018.26,5981,19.56,132359.7,10801.26,97875.65,4764,6734251,5935,28007.66,5565
6,2025,40,5237,96069.98,5216,18.42,107958.73,7744.85,79929.19,4175,5585054,5158,23946.73,4844
6,2025,41,5023,94977.74,5000,19.0,107244.43,8274.59,79294.77,4006,5409524,4951,23377.64,4634
6,2025,42,4781,85457.78,4765,17.93,95288.56,6782.52,73188.28,3907,5104534,4722,22505.68,4514
6,2025,43,4445,78670.27,4419,17.8,87057.26,5957.49,66796.99,3572,4535513,4390,20436.77,4163
6,2025,44,4882,87260.38,4863,17.94,96584.23,6468.14,73693.41,3987,4993796,4828,22776.07,4599
6,2025,45,4097,72359.76,4076,17.75,80461.45,5821.68,59737.4,3184,4195016,4046,19083.04,3822
6,2025,46,4339,76683.57,4325,17.73,85791.77,6439.44,64801.66,3492,4712018,4300,19912.81,4079
6,2025,47,4451,78655.1,4431,17.75,87770.78,6641.52,65224.95,3538,4748308,4405,20271.61,4204
6,2025,48,3199,54938.5,3187,17.24,62591.51,5425.81,44270.27,2463,3081001,3168,14843.87,3002
6,2025,49,5712,98812.69,5689,17.37,109991.69,7737.05,85069.44,4756,6060505,5662,25540.6,5420
6,2025,50,5687,95208.35,5663,16.81,105659.33,7353.01,83581.41,4804,5833972,5635,24290.62,5382
6,2025,51,5364,91283.04,5345,17.08,101336.96,7299.45,77920.64,4418,5611322,5308,23846.94,5080
6,2025,52,2541,42812.37,2530,16.92,48764.67,4620.6,34401.97,1928,2375283,2517,12129.64,2408
6,2026,1,2428,37712.27,2423,15.56,42921.43,3688.01,29112.48,1783,1996188,2404,9493.77,2231
6,2026,2,3554,55449.16,3544,15.65,61577.95,4360.52,44608.69,2773,3242891,3519,14193.62,3347
6,2026,3,4552,71677.97,4537,15.8,79595.33,5396.75,61152.33,3779,4305035,4512,18141.59,4341
6,2026,4,4215,63714.21,4200,15.17,70747.69,4841.32,53800.86,3506,3863233,4179,16222.69,4017
6,2026,5,4641,71745.6,4630,15.5,79647.34,5398.52,60961.85,3860,4436947,4607,18139.09,4425
6,2026,6,4276,69198.82,4261,16.24,76047.24,5050.7,58084.8,3512,4143197,4228,17809.64,4093
6,2026,7,3791,62879.4,3779,16.64,69763.51,4940.14,51658.14,3005,3872986,3757,16305.85,3602
6,2026,8,3567,59594.74,3546,16.81,66658.22,4959.73,48324.53,2806,3336648,3515,15545.37,3382
6,2026,9,3934,64606.58,3919,16.49,71832.41,5180.26,52428.35,3101,3765493,3877,16821.11,3726
6,2026,10,4120,67808.56,4099,16.54,75767.22,5600.73,56130.23,3252,4060585,4069,17356.17,3863
6,2026,11,5967,101641.51,5945,17.1,112589.33,7144.5,89140.42,5090,5769181,5895,24766.84,5643
6,2026,12,5916,97850.63,5892,16.61,107789.14,6568.49,86933.44,5106,5437006,5849,24907.44,5653
6,2026,13,4787,80459.02,4761,16.9,90460.06,6889.03,68072.15,3900,4304044,4716,19052.1,4454
6,2026,14,4812,80126.82,4804,16.68,88685.63,5853.56,67558.49,3947,4523573,4764,19703.62,4552
6,2026,15,5216,88295.08,5201,16.98,98201.85,6434.01,76350.93,4324,5086968,5167,21602.15,4930
6,2026,16,5396,94686.45,5379,17.6,105006.66,6930.49,81188.94,4488,5554853,5336,22569.22,5087
6,2026,17,5824,102362.72,5802,17.64,114102.65,7605.26,88273.38,4868,5703230,5762,24219.22,5463
6,2026,18,5642,95950.86,5625,17.06,106530.9,7304.57,83383.68,4709,5637357,5589,22977.77,5377
6,2026,19,6533,118949.16,6488,18.33,132853.69,9207.17,103289.75,5452,6737293,6423,28104.77,6156
6,2026,20,6299,112028.92,6278,17.84,123089.15,7245.2,101399.98,5497,6475722,6232,28233.59,6009
6,2026,21,7459,137317.88,7424,18.5,153453.16,10348.71,121288.59,6394,7459375,7376,31713.34,7057
6,2026,22,5952,99058.77,5941,16.67,108483.17,5900.44,88413.72,5152,5707935,5902,24586.95,5707
6,2026,23,1,14.79,1,14.79,18.25,2.96,14.79,1,837,1,3.46,1
60,2024,1,54,1404.95,54,26.02,1475.97,60.02,604.95,27,68995,52,331.31,45
60,2024,2,71,1606.54,71,22.63,1671.59,34.3,598.12,26,81408,67,367.91,60
60,2024,3,75,1554.9,75,20.73,1659.01,101.61,824.65,33,90019,65,384.06,59
60,2024,4,92,1885.55,89,21.19,2087.93,124.63,1050.1,45,118752,81,460.33,73
60,2024,5,80,1921.12,80,24.01,2093.48,113.86,954.95,40,101033,77,560.08,68
60,2024,6,77,1866.08,77,24.23,2022.29,123.21,867.51,35,111751,74,451.73,59
60,2024,7,79,1779.4,78,22.81,1877.27,77.87,733.65,31,99123,74,482.22,63
60,2024,8,85,1980.86,85,23.3,2140.6,126.99,1236.86,47,111656,80,520.68,70
60,2024,9,98,2238.65,98,22.84,2393.22,98.07,1099.32,46,125156,85,545.04,68
60,2024,10,96,2026.95,95,21.34,2211.66,140.11,918.6,40,184143,89,506.38,78
60,2024,11,90,2036.49,90,22.63,2210.55,156.56,871.15,33,118747,84,451.48,72
60,2024,12,114,2457.06,114,21.55,2674.29,163.23,1412.2,57,125631,104,655.48,91
60,2024,13,83,1743.52,83,21.01,1962.96,117.94,1063.29,47,83526,80,496.02,66
60,2024,14,95,2233.42,94,23.76,2389.44,104.52,1092.18,48,123419,92,529.23,73
60,2024,15,92,2202.93,88,25.03,2380.44,145.51,1366.55,50,109892,84,506.19,66
60,2024,16,117,2537.98,114,22.26,2751.9,158.42,1112.76,48,181842,109,652.93,93
60,2024,17,96,2232.21,95,23.5,2423.43,171.22,1472.22,61,131816,90,675.37,82
60,2024,18,106,2480.15,106,23.4,2816.53,217.11,1549.28,60,153358,99,649.96,84
60,2024,19,98,2429.79,97,25.05,2706.83,207.03,1427.27,54,149588,96,644.06,77
60,2024,20,100,2390.3,100,23.9,2896.1,237.55,1651.03,60,119020,95,593.15,77
60,2024,21,107,2437.35,105,23.21,2772.98,190.63,1781.25,68,138694,101,613.64,86
60,2024,22,112,2355.85,110,21.42,2423.04,60.69,1491.51,61,131168,104,646.47,82
60,2024,23,114,2448.98,114,21.48,2721.47,124.99,1539.52,63,189241,109,611.61,81
60,2024,24,110,2458.89,108,22.77,2631.34,149.45,1280.34,51,134366,103,616.34,80
60,2024,25,84,1725.19,82,21.04,1958.71,101.52,987.88,42,84945,81,397.45,64
60,2024,26,87,2016.87,85,23.73,2206.81,143.94,1182.2,42,138012,82,513.97,68
60,2024,27,110,2531.65,110,23.02,2722.73,118.08,1526.7,60,133316,110,669.79,80
60,2024,28,103,2032.92,103,19.74,2191.68,133.76,1193.07,53,118564,99,534.69,83
60,2024,29,100,2329.54,95,24.52,2827.44,167.9,1404.79,53,103383,93,516.43,65
60,2024,30,73,1335.74,71,18.81,1516.49,125.25,986.85,47,76469,69,365.91,61
60,2024,31,90,1996.42,89,22.43,2144.63,84.71,1235.93,47,101878,86,616.75,71
60,2024,32,107,2386.43,107,22.3,2604.03,103.6,1182.13,50,124581,105,690.7,89
60,2024,33,83,1934.59,83,23.31,2008.91,53.32,925.0,30,114786,82,544.61,72
60,2024,34,139,3453.72,136,25.39,4055.36,380.64,2344.75,86,121399,132,716.54,101
60,2024,35,98,2103.17,95,22.14,2358.93,55.76,1093.75,44,120936,92,611.24,79
60,2024,36,74,1712.9,73,23.46,1766.27,40.87,1156.79,47,93746,73,538.32,64
60,2024,37,129,2891.49,129,22.41,3050.98,116.99,1966.86,75,161871,128,866.09,105
60,2024,38,104,2412.28,104,23.19,2749.17,129.64,1344.63,54,136401,100,639.83,82
60,2024,39,93,2250.34,93,24.2,2404.37,139.03,1510.26,50,160052,90,643.75,80
60,2024,40,94,2050.39,92,22.29,2344.52,85.13,1438.19,59,96916,87,531.6,76
60,2024,41,85,2351.91,85,27.67,2484.14,106.23,1287.63,46,113760,81,693.02,74
60,2024,42,103,2337.11,103,22.69,2542.95,109.34,1345.58,57,122035,98,598.08,85
60,2024,43,93,2278.65,90,25.32,2567.38,69.68,1125.34,38,116334,86,577.15,74
60,2024,44,94,2181.92,92,23.72,2346.57,88.65,1165.8,43,186760,92,599.23,76
60,2024,45,119,2523.23,116,21.75,2750.14,169.66,1511.98,61,136854,114,668.36,92
60,2024,46,105,2353.63,105,22.42,2455.55,89.92,1458.24,58,132113,105,701.63,88
60,2024,47,86,1766.77,85,20.79,1976.51,57.99,1022.04,48,108783,83,518.84,73
60,2024,48,69,1269.07,69,18.39,1450.46,49.14,722.22,33,74780,68,363.63,58
60,2024,49,94,2011.35,93,21.63,2100.19,61.34,1188.79,44,108562,87,524.85,74
60,2024,50,100,2095.01,99,21.16,2159.67,52.16,1348.2,55,108302,94,600.19,82
60,2024,51,74,1643.04,73,22.51,1697.8,42.76,1024.79,41,85528,68,483.68,62
60,2024,52,86,1788.74,86,20.8,1873.85,62.61,1008.24,41,82482,82,520.01,68
60,2025,1,73,1595.78,72,22.16,1668.64,36.86,997.63,38,71743,69,504.9,59
60,2025,2,76,1629.33,75,21.72,1709.93,64.6,1060.09,44,77949,73,476.28,63
60,2025,3,78,1758.39,77,22.84,1864.82,92.43,1075.9,45,99974,75,535.47,68
60,2025,4,63,1397.78,63,22.19,1493.18,68.9,956.17,39,64298,62,433.21,54
60,2025,5,78,1522.83,78,19.52,1645.98,57.15,838.88,41,87410,76,482.54,65
60,2025,6,90,1893.78,90,21.04,2085.61,123.33,1153.78,42,100884,88,530.26,73
60,2025,7,99,2359.01,99,23.83,2441.4,67.89,1592.01,59,120322,98,686.77,82
60,2025,8,83,1796.18,83,21.64,1975.1,104.92,1169.95,45,112553,82,583.77,71
60,2025,9,84,1824.98,84,21.73,1886.28,53.8,1221.47,51,109296,83,617.54,79
60,2025,10,81,1601.4,80,20.02,1747.12,72.22,1089.23,48,98463,77,475.29,69
60,2025,11,119,2636.51,119,22.16,2875.41,144.4,1708.34,74,139633,115,741.36,101
60,2025,12,126,2810.08,125,22.48,2964.34,107.26,2029.1,79,156875,125,786.17,108
60,2025,13,102,2068.58,101,20.48,2191.55,95.22,1247.14,54,102938,99,571.5,82
60,2025,14,123,2676.53,122,21.94,2830.45,125.42,1711.45,67,163249,121,692.97,97
60,2025,15,93,1959.06,93,21.07,2079.3,67.74,1105.86,47,94128,91,546.09,78
60,2025,16,119,2237.3,116,19.29,2378.34,68.04,1345.07,69,216542,114,674.44,104
60,2025,17,104,2275.82,104,21.88,2397.59,83.77,1433.34,64,130794,102,608.92,89
60,2025,18,110,2500.76,110,22.73,2794.89,184.63,1722.39,65,121627,105,602.98,87
60,2025,19,117,2556.94,117,21.85,2687.82,100.38,1726.07,69,156349,117,724.91,105
60,2025,20,129,2656.57,126,21.08,2816.14,128.07,1832.11,83,142187,123,682.28,108
60,2025,21,130,2976.78,129,23.08,3247.5,142.97,2119.35,84,150746,128,777.9,109
60,2025,22,124,2266.61,123,18.43,2417.4,112.29,1545.26,64,117482,121,626.81,93
60,2025,23,139,3153.99,136,23.19,3375.85,123.35,1849.95,83,187354,134,912.93,121
60,2025,24,120,2766.06,120,23.05,3005.47,110.16,1846.05,77,150519,120,765.59,105
60,2025,25,122,2742.94,122,22.48,3060.66,148.72,1697.3,72,143324,121,748.61,104
60,2025,26,95,2029.73,95,21.37,2165.42,104.19,1480.36,63,108871,94,553.83,81
60,2025,27,96,2046.94,95,21.55,2148.67,46.73,1212.93,51,119148,94,641.54,80
60,2025,28,103,2200.05,102,21.57,2330.79,111.24,1333.5,57,124201,101,613.77,88
60,2025,29,79,1988.16,77,25.82,2109.12,68.96,1404.41,47,96567,77,508.62,64
60,2025,30,104,2201.41,104,21.17,2334.42,95.51,1526.65,66,123078,100,587.62,90
60,2025,31,116,2737.85,115,23.81,2931.41,121.06,1974.88,77,138215,112,887.32,99
60,2025,32,104,2046.84,104,19.68,2240.33,110.49,1248.83,60,107896,102,476.15,81
60,2025,33,116,2525.69,115,21.96,2692.78,129.59,1931.08,81,140834,113,720.75,103
60,2025,34,108,2173.98,108,20.13,2328.48,88.0,1659.48,78,116208,106,598.08,96
60,2025,35,144,3366.0,144,23.38,3551.06,130.06,2171.84,94,174641,143,908.62,122
60,2025,36,116,2529.22,114,22.19,2652.94,84.22,1854.86,75,121766,111,730.22,98
60,2025,37,115,2284.46,115,19.86,2449.34,94.39,1532.21,71,124048,112,554.17,98
60,2025,38,164,3511.83,164,21.41,3731.86,105.03,2389.33,114,219332,162,927.71,141
60,2025,39,151,2936.43,149,19.71,3071.26,64.33,2214.65,103,163718,148,760.79,133
60,2025,40,156,2877.13,155,18.56,3084.09,150.46,2214.08,107,147824,152,766.94,140
60,2025,41,141,2595.65,141,18.41,2848.36,134.87,1876.54,93,141252,140,630.5,115
60,2025,42,113,2338.2,113,20.69,2496.65,101.95,1647.58,67,101967,112,501.63,94
60,2025,43,95,1737.92,94,18.49,1861.65,103.23,1110.47,49,138904,94,405.28,79
60,2025,44,118,2425.0,118,20.55,2570.12,96.62,1710.01,75,112209,116,629.49,104
60,2025,45,105,1699.22,103,16.5,1840.41,85.19,1244.66,68,91804,102,436.92,87
60,2025,46,101,1823.81,100,18.24,1903.83,60.02,1080.92,53,92482,96,422.92,78
60,2025,47,97,1816.15,97,18.72,2034.1,79.45,1199.09,63,95974,94,466.98,83
60,2025,48,87,1720.56,87,19.78,1923.74,102.18,1325.99,58,80851,85,481.37,74
60,2025,49,147,2689.08,146,18.42,2870.96,107.88,2137.52,105,133505,142,659.5,126
60,2025,50,88,1802.5,88,20.48,1935.05,107.05,1447.9,66,79754,86,402.4,74
60,2025,51,102,1894.12,102,18.57,2087.19,101.57,1196.64,59,99766,100,469.68,82
60,2025,52,78,1380.23,76,18.16,1446.24,51.51,896.86,45,80709,75,409.54,63
60,2026,1,64,1166.93,64,18.23,1217.92,37.49,648.83,31,57645,62,285.99,52
60,2026,2,99,1946.78,99,19.66,2063.9,61.12,1066.29,56,100693,99,472.27,86
60,2026,3,117,1967.41,116,16.96,2047.3,58.89,1161.08,66,98958,114,499.25,100
60,2026,4,89,1560.32,87,17.93,1745.46,73.14,1078.28,58,121337,84,394.73,77
60,2026,5,129,2272.93,129,17.62,2664.22,119.74,1642.34,88,118164,125,589.72,112
60,2026,6,111,1790.36,110,16.28,1972.19,77.08,1061.79,60,99598,106,493.3,95
60,2026,7,91,1600.7,90,17.79,1685.96,24.26,1084.58,62,151545,90,414.85,84
60,2026,8,90,1641.89,89,18.45,1820.71,97.32,1013.35,54,85181,88,460.96,81
60,2026,9,105,1786.55,105,17.01,1918.6,81.8,1007.3,58,102076,104,453.13,87
60,2026,10,115,2119.32,115,18.43,2248.19,82.37,1538.67,78,111511,113,567.15,103
60,2026,11,116,2238.33,114,19.63,2411.07,95.74,1682.8,85,112575,111,514.5,100
60,2026,12,155,3056.85,153,19.98,3221.6,123.75,2120.8,105,165407,149,822.33,141
60,2026,13,120,2428.32,118,20.58,2568.93,86.11,1292.39,69,127782,117,575.52,105
60,2026,14,124,2869.61,124,23.14,3061.13,90.02,2113.71,87,143366,120,661.99,109
60,2026,15,152,2704.83,151,17.91,2865.74,90.91,1840.8,100,168068,142,693.43,131
60,2026,16,177,3208.39,176,18.23,3439.03,98.89,2372.13,133,184137,174,811.25,159
60,2026,17,181,3364.12,179,18.79,3563.93,110.56,2648.84,137,315037,179,923.41,166
60,2026,18,176,3385.61,176,19.24,3551.74,116.63,2599.33,130,186953,172,833.91,157
60,2026,19,214,4062.28,213,19.07,4269.3,111.02,3118.51,158,233884,209,954.61,199
60,2026,20,212,4274.25,212,20.16,4670.14,170.94,3423.83,163,197981,206,903.95,184
60,2026,21,200,3857.28,199,19.38,4173.1,124.82,2895.09,144,194463,192,914.92,176
60,2026,22,156,3115.76,153,20.36,3335.76,92.29,2549.46,121,239349,150,770.22,140
61,2024,1,102,2232.27,102,21.89,2242.37,8.1,1240.75,55,131529,99,657.59,93
61,2024,2,96,2177.08,96,22.68,2229.43,23.6,1159.5,52,120539,95,582.87,83
61,2024,3,83,2003.86,83,24.14,2073.87,12.51,1113.44,45,99801,81,588.42,72
61,2024,4,107,2731.89,107,25.53,2770.08,31.69,1527.75,60,154413,103,836.64,96
61,2024,5,122,2997.42,122,24.57,3008.99,0.07,1558.03,66,162581,120,891.39,114
61,2024,6,124,2873.18,124,23.17,2928.47,18.29,1460.38,64,157717,119,843.38,110
61,2024,7,131,3133.64,131,23.92,3165.34,22.7,1540.91,61,166333,128,867.99,113
61,2024,8,84,2142.74,84,25.51,2164.69,19.95,994.5,39,118127,81,581.15,69
61,2024,9,145,3348.76,144,23.26,3384.51,32.75,1969.27,82,205338,142,1028.79,133
61,2024,10,116,2903.13,116,25.03,3044.95,90.32,1508.25,62,172509,115,822.06,103
61,2024,11,117,2804.96,117,23.97,2836.52,24.56,1315.48,52,168115,111,769.46,101
61,2024,12,91,2208.83,89,24.82,2229.73,19.9,845.8,36,119361,87,604.5,74
61,2024,13,121,2731.32,118,23.15,2802.83,19.51,1257.85,51,163349,116,743.53,105
61,2024,14,119,2832.0,118,24.0,2862.79,24.29,1565.56,64,170448,113,832.01,101
61,2024,15,92,2149.13,89,24.15,2186.07,30.44,1063.48,43,127863,87,581.43,78
61,2024,16,131,3071.53,128,24.0,3167.24,64.21,1644.42,65,236759,126,883.94,112
61,2024,17,111,2853.28,110,25.94,2949.42,81.14,1595.74,58,161945,106,774.86,88
61,2024,18,137,3063.63,135,22.69,3088.93,17.8,1774.81,74,189424,132,884.3,115
61,2024,19,126,2385.16,125,19.08,2484.21,57.55,1388.21,65,154515,124,672.84,84
61,2024,20,115,2841.43,114,24.92,2975.21,44.28,1604.1,62,189994,109,831.41,93
61,2024,21,85,2194.91,85,25.82,2290.9,56.49,1303.89,48,137212,83,625.62,68
61,2024,22,133,3452.33,133,25.96,3530.58,53.25,1630.69,65,205598,129,999.86,108
61,2024,23,121,2820.6,118,23.9,2935.82,21.97,1470.31,63,175369,118,796.22,99
61,2024,24,118,2926.92,113,25.9,3148.45,108.53,1685.16,60,190636,112,893.88,104
61,2024,25,125,3373.77,124,27.21,3562.74,97.47,1873.32,71,211070,121,1062.9,110
61,2024,26,99,2376.53,99,24.01,2464.38,35.35,1109.59,49,160873,96,769.46,84
61,2024,27,152,3784.01,151,25.06,3879.42,20.91,1910.29,80,325929,151,1105.86,127
61,2024,28,142,3429.39,141,24.32,3539.85,41.46,2003.45,82,236534,137,1005.16,125
61,2024,29,127,3062.99,126,24.31,3210.85,62.36,1795.85,74,216639,124,986.96,114
61,2024,30,123,3097.6,123,25.18,3274.15,71.55,1849.3,72,211439,122,956.28,114
61,2024,31,132,2991.06,132,22.66,3075.54,61.48,1660.43,69,200047,131,895.17,118
61,2024,32,129,3300.78,129,25.59,3397.53,63.75,2056.13,79,192352,129,978.27,117
61,2024,33,118,2930.05,118,24.83,3060.1,78.05,1719.27,66,193108,118,791.34,103
61,2024,34,132,3550.5,132,26.9,3689.94,52.94,1932.02,78,204192,131,1154.26,125
61,2024,35,142,3233.68,142,22.77,3270.03,25.85,1974.44,80,204710,140,993.91,124
61,2024,36,135,3142.79,132,23.81,3186.18,23.39,1720.2,67,191417,131,924.88,120
61,2024,37,159,3607.73,158,22.83,3691.79,55.56,1975.44,82,271394,155,1045.04,140
61,2024,38,128,3197.56,128,24.98,3414.63,85.07,2001.57,80,190903,127,958.98,115
61,2024,39,98,2475.51,97,25.52,2506.82,14.31,1391.23,58,159622,97,701.08,94
61,2024,40,157,3517.76,154,22.84,3621.44,42.68,2049.99,86,245217,154,1049.27,141
61,2024,41,139,3200.52,139,23.03,3356.73,78.46,2044.08,84,204298,136,1003.75,128
61,2024,42,132,3240.78,130,24.93,3350.8,75.52,1960.27,77,206534,129,1003.21,121
61,2024,43,121,3136.6,121,25.92,3281.57,72.97,1814.0,69,210759,118,1004.5,107
61,2024,44,135,3025.54,134,22.58,3121.86,51.82,1981.31,82,192239,133,950.21,120
61,2024,45,105,2547.21,104,24.49,2647.36,56.15,1641.25,65,163480,103,771.8,93
61,2024,46,109,2503.81,109,22.97,2601.56,66.75,1888.89,76,160068,109,805.45,102
61,2024,47,123,3012.69,123,24.49,3101.04,54.85,1966.95,79,191342,122,966.59,116
61,2024,48,83,2021.62,83,24.36,2063.54,20.92,1303.08,53,114817,82,657.37,79
61,2024,49,101,2567.59,100,25.68,2654.35,37.76,1547.25,60,172636,99,776.98,93
61,2024,50,132,3114.86,132,23.6,3306.32,69.46,1975.73,77,198780,131,963.61,115
61,2024,51,136,3114.59,135,23.07,3196.57,56.48,1869.53,78,199127,134,953.32,119
61,2024,52,120,2746.83,120,22.89,2794.27,13.44,1251.77,56,150395,118,806.64,107
61,2025,1,122,2694.97,121,22.27,2773.69,26.22,1753.14,78,165886,119,825.91,110
61,2025,2,107,2425.89,107,22.67,2461.56,23.17,1356.74,59,161857,107,765.99,99
61,2025,3,111,2575.3,111,23.2,2608.55,6.75,1650.5,65,163065,110,824.37,97
61,2025,4,96,2143.49,96,22.33,2152.56,5.07,1193.75,50,126307,96,697.49,84
61,2025,5,126,2542.89,126,20.18,2627.88,35.99,1595.5,72,166029,126,751.67,114
61,2025,6,114,2405.28,114,21.1,2431.82,20.54,1599.18,71,147669,114,770.74,102
61,2025,7,101,2298.49,100,22.98,2384.66,53.67,1695.92,71,143997,99,744.44,95
61,2025,8,99,2244.52,99,22.67,2260.89,9.37,1422.36,62,141097,99,717.6,92
61,2025,9,120,2495.77,119,20.97,2560.27,36.95,1671.98,75,158476,119,793.43,110
61,2025,10,131,2921.64,131,22.3,3056.94,34.55,1680.15,77,177776,130,924.3,122
61,2025,11,136,2975.66,136,21.88,3056.38,46.22,1907.02,87,182832,134,861.99,120
61,2025,12,134,2894.87,133,21.77,2946.05,33.18,1652.25,66,226422,130,949.21,120
61,2025,13,117,2702.3,116,23.3,2748.65,29.35,1703.28,70,158371,114,862.76,108
61,2025,14,140,3080.33,139,22.16,3115.58,21.75,2137.73,90,183600,138,988.34,129
61,2025,15,148,3300.61,146,22.61,3346.56,32.95,1812.17,79,205979,145,996.75,137
61,2025,16,143,3140.69,142,22.12,3157.88,3.69,1791.79,75,183773,140,928.02,126
61,2025,17,120,3235.33,120,26.96,3269.02,28.69,1907.49,81,172503,120,870.11,110
61,2025,18,155,3294.38,155,21.25,3341.78,32.4,2002.73,83,198986,152,982.26,135
61,2025,19,177,3624.42,176,20.59,3661.56,23.64,2379.79,102,222230,175,1102.58,153
61,2025,20,114,2583.38,113,22.86,2611.87,21.99,1734.63,73,172613,111,810.44,104
61,2025,21,147,3362.8,146,23.03,3504.09,45.79,2141.01,92,193211,145,1038.07,136
61,2025,22,129,2935.65,128,22.93,3013.76,33.61,1648.84,71,180699,127,941.21,118
61,2025,23,122,2921.46,122,23.95,3016.62,41.16,1937.35,78,191400,122,944.48,115
61,2025,24,156,3062.5,155,19.76,3108.67,23.67,1791.63,82,204755,151,859.18,133
61,2025,25,115,2719.46,115,23.65,2872.77,47.81,2011.43,85,169959,115,897.48,109
61,2025,26,107,2587.01,107,24.18,2621.49,12.98,1711.86,71,153843,106,844.83,100
61,2025,27,159,3629.72,159,22.83,3714.35,12.63,2227.44,100,231752,156,1062.81,142
61,2025,28,127,2876.2,127,22.65,2916.64,28.94,1826.12,78,162268,124,902.09,113
61,2025,29,114,2624.88,114,23.03,2658.66,21.28,1672.56,67,169328,114,869.67,109
61,2025,30,113,2655.16,113,23.5,2729.82,39.16,1796.08,73,149968,112,814.26,103
61,2025,31,135,3016.46,134,22.51,3086.9,33.94,1830.02,79,188845,131,953.89,122
61,2025,32,143,2992.72,143,20.93,3034.57,31.85,1973.52,85,183204,143,988.8,129
61,2025,33,146,3409.38,146,23.35,3518.36,53.48,2265.29,94,201827,146,1068.94,131
61,2025,34,142,3281.17,142,23.11,3370.03,66.86,2014.64,80,189237,139,1054.59,120
61,2025,35,156,3488.74,156,22.36,3515.44,20.7,2098.43,84,220311,153,1055.25,130
61,2025,36,163,3522.24,162,21.74,3551.67,20.43,2096.43,92,212400,162,1119.13,143
61,2025,37,179,4158.07,177,23.49,4206.29,37.22,2414.59,101,246292,177,1275.93,156
61,2025,38,159,3726.84,159,23.44,3801.88,61.54,2340.79,93,238007,159,1165.37,138
61,2025,39,150,3369.02,150,22.46,3422.17,38.65,2079.24,89,226621,149,1087.66,129
61,2025,40,144,3209.7,143,22.45,3231.47,11.77,1925.42,86,209142,143,1012.51,131
61,2025,41,113,2367.86,112,21.14,2440.49,28.63,1484.62,67,157563,112,700.38,95
61,2025,42,103,2375.13,103,23.06,2460.27,56.64,1425.83,63,151473,102,673.97,86
61,2025,43,88,1966.2,88,22.34,2028.12,36.42,1055.14,45,147969,86,635.37,73
61,2025,44,103,2230.9,102,21.87,2274.02,22.12,1082.01,55,144947,100,673.48,91
61,2025,45,115,2476.42,115,21.53,2538.21,36.79,1267.56,54,168685,115,763.18,100
61,2025,46,119,2771.82,119,23.29,2831.86,28.54,1593.02,65,193061,119,814.46,106
61,2025,47,138,2880.06,137,21.02,2944.34,34.28,1423.74,68,196642,136,845.09,120
61,2025,48,89,2002.13,89,22.5,2036.75,18.62,1124.72,46,122417,86,641.33,78
61,2025,49,128,2822.71,128,22.05,2856.91,12.7,1735.5,79,178000,127,848.71,117
61,2025,50,130,3271.84,130,25.17,3358.38,55.04,2038.02,81,196618,128,983.34,119
61,2025,51,122,3221.73,122,26.41,3288.01,44.28,1338.03,62,177388,121,938.02,112
61,2025,52,93,2008.67,92,21.83,2098.38,45.64,888.62,42,132213,90,609.53,79
61,2026,1,76,1690.25,76,22.24,1712.45,5.7,589.14,27,112590,76,477.0,63
61,2026,2,114,2578.72,113,22.82,2616.18,18.96,1115.37,53,185726,111,790.05,96
61,2026,3,104,2518.1,103,24.45,2586.86,27.14,1208.93,58,192313,101,752.74,96
61,2026,4,67,1601.44,66,24.26,1643.78,23.84,641.27,28,94680,62,474.07,56
61,2026,5,112,2919.52,112,26.07,3028.67,30.15,1552.99,60,189937,112,892.53,99
61,2026,6,119,3005.77,119,25.26,3074.72,44.45,1344.16,59,196743,119,898.8,108
61,2026,7,136,3192.54,134,23.82,3321.62,54.58,1524.74,70,201739,129,912.07,110
61,2026,8,98,2231.09,98,22.77,2279.43,32.84,1090.06,55,140764,97,683.16,88
61,2026,9,115,3010.1,115,26.17,3073.29,35.69,1173.87,57,211091,114,914.4,107
61,2026,10,144,3299.63,144,22.91,3354.68,24.05,1441.38,65,208267,142,968.87,122
61,2026,11,128,3172.52,127,24.98,3205.42,19.9,1303.38,57,189312,127,977.66,112
61,2026,12,118,2978.86,117,25.46,3134.35,99.49,1377.29,59,193994,116,875.77,108
61,2026,13,97,2672.59,97,27.55,2715.15,19.06,975.61,41,256336,97,787.19,87
61,2026,14,131,2980.84,130,22.93,3012.95,9.11,1447.56,67,183542,128,914.34,117
61,2026,15,124,2673.92,124,21.56,2697.12,7.7,1383.63,67,165088,123,817.27,112
61,2026,16,108,2609.63,106,24.62,2677.5,40.87,1338.67,60,175538,106,741.19,99
61,2026,17,96,2366.85,96,24.65,2419.0,12.15,1008.85,46,166141,94,662.96,84
61,2026,18,135,3075.95,135,22.78,3174.46,63.01,1617.46,73,203556,132,845.5,121
61,2026,19,126,2902.59,126,23.04,2978.93,50.84,1644.07,70,187448,125,843.17,112
61,2026,20,124,3075.35,124,24.8,3174.54,15.19,1375.17,65,193342,123,836.6,108
61,2026,21,121,2974.61,121,24.58,3020.2,34.59,1380.04,58,187788,120,859.62,111
61,2026,22,95,2321.98,95,24.44,2373.37,12.89,986.87,48,142488,95,661.57,84
62,2024,1,37,1059.04,37,28.62,1205.04,72.5,541.0,16,59944,36,313.13,33
62,2024,2,26,734.39,26,28.25,834.99,48.6,352.14,11,44931,26,193.48,24
62,2024,3,41,1108.56,41,27.04,1289.92,83.86,494.31,18,63692,41,276.36,40
62,2024,4,33,747.26,32,23.35,815.11,43.35,310.5,10,52571,31,156.41,29
62,2024,5,35,915.13,34,26.92,959.22,26.09,396.19,15,54906,34,250.98,34
62,2024,6,37,1039.72,36,28.88,1120.61,65.39,553.61,18,55996,35,291.4,35
62,2024,7,46,1224.48,44,27.83,1329.22,57.74,554.55,19,76371,42,365.23,43
62,2024,8,43,1135.06,43,26.4,1246.27,33.71,322.13,11,60813,40,263.5,37
62,2024,9,43,994.19,42,23.67,1275.59,34.9,510.19,18,52426,37,302.34,37
62,2024,10,39,998.23,38,26.27,1049.72,31.49,409.25,11,65394,36,270.28,32
62,2024,11,32,972.48,31,31.37,1113.18,86.2,560.0,16,56421,30,317.02,29
62,2024,12,32,902.75,32,28.21,1026.5,54.25,455.75,15,53523,32,270.32,29
62,2024,13,38,921.77,37,24.91,1009.07,21.05,455.02,17,52480,36,277.63,33
62,2024,14,32,777.43,31,25.08,850.95,44.02,537.83,17,49486,28,250.8,27
62,2024,15,18,523.55,18,29.09,699.92,95.62,428.8,12,30943,17,170.89,16
62,2024,16,29,719.23,28,25.69,812.59,31.86,411.98,17,42933,27,227.44,25
62,2024,17,36,960.07,36,26.67,1050.81,47.24,470.82,16,55034,34,242.77,28
62,2024,18,36,995.86,36,27.66,1063.59,49.23,522.6,15,60823,34,315.73,34
62,2024,19,30,964.93,30,32.16,1032.18,52.25,551.68,16,46373,30,303.8,29
62,2024,20,48,1424.52,47,30.31,1545.39,70.87,736.99,25,82789,46,423.27,42
62,2024,21,42,1121.21,41,27.35,1300.76,98.05,698.96,25,62079,39,347.11,33
62,2024,22,35,985.53,35,28.16,1056.89,52.86,550.03,19,60193,35,307.05,31
62,2024,23,41,1297.64,40,32.44,1372.81,46.17,754.95,23,73986,39,412.52,37
62,2024,24,51,1459.82,48,30.41,1636.66,109.84,852.9,26,84116,48,493.18,44
62,2024,25,42,1379.55,42,32.85,1550.16,99.61,743.05,21,87292,41,494.84,40
62,2024,26,44,1389.7,42,33.09,1587.36,89.66,942.7,25,78330,39,466.6,37
62,2024,27,46,1370.81,46,29.8,1433.69,30.38,679.03,22,74134,44,415.55,40
62,2024,28,41,1197.62,41,29.21,1305.06,60.44,539.19,16,126590,38,372.81,35
62,2024,29,39,1072.73,39,27.51,1158.32,54.59,492.42,14,61863,37,346.51,32
62,2024,30,44,1124.24,44,25.55,1212.18,61.44,540.71,18,61873,42,398.5,38
62,2024,31,33,964.77,33,29.24,1017.3,43.53,444.27,15,52720,32,346.86,31
62,2024,32,41,1309.14,41,31.93,1460.24,108.1,778.91,24,74351,41,433.49,39
62,2024,33,53,1593.67,52,30.65,1707.42,71.25,770.42,24,85113,51,489.1,48
62,2024,34,51,1419.55,51,27.83,1496.49,57.94,690.26,24,81081,51,410.22,45
62,2024,35,46,1309.22,46,28.46,1407.2,61.98,489.31,16,82461,46,457.74,44
62,2024,36,37,1198.2,37,32.38,1261.11,38.91,588.91,18,65174,37,366.12,34
62,2024,37,43,1129.68,43,26.27,1236.77,52.59,610.18,20,72386,43,384.54,38
62,2024,38,34,842.49,34,24.78,940.03,68.54,415.74,15,45452,32,278.96,28
62,2024,39,52,1503.78,52,28.92,1667.08,107.8,749.72,24,89242,50,468.31,46
62,2024,40,46,1380.43,46,30.01,1536.19,33.26,532.25,18,85807,45,454.11,45
62,2024,41,33,1195.24,33,36.22,1376.42,117.93,705.06,18,63843,32,367.47,29
62,2024,42,29,889.24,29,30.66,927.62,26.38,339.71,11,49012,27,293.13,25
62,2024,43,52,1380.12,48,28.75,1488.55,76.93,656.12,22,81638,47,441.6,45
62,2024,44,43,1231.25,42,29.32,1299.95,48.7,506.1,17,77907,42,430.55,41
62,2024,45,60,1898.84,59,32.18,2058.61,78.27,976.65,28,102273,59,640.48,54
62,2024,46,43,1127.85,43,26.23,1226.15,56.8,539.6,19,64589,43,383.98,39
62,2024,47,47,1347.83,47,28.68,1443.88,55.55,449.84,16,79323,47,465.55,45
62,2024,48,44,1216.74,44,27.65,1327.43,65.69,507.61,16,62762,42,403.73,37
62,2024,49,35,1024.88,35,29.28,1097.63,46.25,446.13,14,78718,35,360.61,34
62,2024,50,29,908.77,29,31.34,1023.36,74.09,454.52,14,51885,28,306.9,28
62,2024,51,40,1188.39,40,29.71,1282.56,59.17,535.49,16,72139,39,393.97,35
62,2024,52,21,688.64,21,32.79,753.28,44.14,356.93,11,37126,21,213.95,19
62,2025,1,21,622.29,21,29.63,656.82,26.53,244.79,7,37443,21,222.71,21
62,2025,2,34,1088.64,34,32.02,1158.08,54.44,559.57,19,66923,34,371.01,34
62,2025,3,38,1227.2,38,32.29,1379.87,97.67,777.1,23,63202,38,411.36,34
62,2025,4,34,961.57,34,28.28,997.95,29.88,378.57,13,54441,34,341.13,33
62,2025,5,34,985.56,34,28.99,1010.97,22.91,384.21,13,46598,33,310.12,29
62,2025,6,27,874.31,27,32.38,928.49,39.18,351.81,12,49629,27,315.74,26
62,2025,7,40,1021.82,40,25.55,1102.57,52.75,448.11,19,67455,38,347.28,37
62,2025,8,32,989.85,32,30.93,1062.69,60.34,348.1,11,50927,32,334.19,31
62,2025,9,50,1256.36,47,26.73,1288.86,17.5,316.4,12,74487,46,407.33,44
62,2025,10,50,1446.42,50,28.93,1499.52,44.6,509.49,17,93557,49,482.69,47
62,2025,11,49,1517.93,49,30.98,1647.75,56.32,580.62,21,89081,49,532.49,48
62,2025,12,50,1387.21,50,27.74,1411.97,21.76,597.75,22,80840,50,490.25,47
62,2025,13,40,1208.27,40,30.21,1282.17,45.4,439.27,15,70844,39,411.39,37
62,2025,14,41,1216.61,41,29.67,1291.25,59.14,519.45,17,71916,39,410.32,38
62,2025,15,41,1200.11,41,29.27,1263.51,45.4,731.36,23,71134,41,427.28,41
62,2025,16,57,1587.0,56,28.34,1661.81,48.31,791.25,27,98992,55,507.41,54
62,2025,17,42,1086.32,41,26.5,1110.62,18.8,405.25,13,58416,39,343.53,33
62,2025,18,55,1569.75,55,28.54,1657.56,61.31,814.25,27,98639,54,548.15,53
62,2025,19,38,994.18,38,26.16,1071.2,47.52,502.91,19,56309,36,329.92,35
62,2025,20,45,1277.99,45,28.4,1329.85,23.36,577.24,20,76816,44,428.94,41
62,2025,21,48,1506.74,47,32.06,1711.13,126.89,731.49,21,78681,46,461.0,42
62,2025,22,40,1017.2,40,25.43,1119.83,73.63,500.95,19,65023,37,330.33,37
62,2025,23,35,975.2,35,27.86,1070.58,69.88,423.7,15,49520,34,334.41,33
62,2025,24,42,1223.92,42,29.14,1281.45,52.03,573.12,20,73130,42,413.69,40
62,2025,25,39,1075.66,39,27.58,1185.46,74.8,622.91,22,60313,37,359.11,36
62,2025,26,39,1076.05,39,27.59,1147.89,44.34,595.55,19,55884,37,350.75,33
62,2025,27,37,1018.16,36,28.28,1083.07,33.91,560.16,21,55977,36,368.2,35
62,2025,28,32,910.25,32,28.45,1010.51,32.26,513.25,18,44044,32,287.5,29
62,2025,29,40,1190.31,40,29.76,1306.57,69.26,606.06,19,67471,40,432.92,39
62,2025,30,43,1152.31,43,26.8,1227.07,46.26,572.26,21,57176,42,361.33,37
62,2025,31,34,898.25,34,26.42,998.36,33.61,416.0,14,52828,33,316.57,31
62,2025,32,50,1368.92,50,27.38,1519.18,100.76,833.17,26,71892,47,471.18,43
62,2025,33,46,1289.5,45,28.66,1419.53,54.03,630.75,19,75620,43,452.37,42
62,2025,34,38,1188.91,38,31.29,1280.07,66.16,583.41,16,56641,36,409.19,36
62,2025,35,47,1879.46,47,39.99,2200.21,44.55,626.5,20,87899,47,475.88,44
62,2025,36,39,1013.4,38,26.67,1066.64,39.74,493.4,17,59885,38,355.24,37
62,2025,37,44,1218.48,44,27.69,1277.52,36.54,533.69,18,68689,43,423.84,42
62,2025,38,43,970.15,41,23.66,1060.41,44.26,585.65,23,56129,40,334.55,38
62,2025,39,37,1065.74,37,28.8,1166.52,70.28,605.24,18,59535,37,363.83,36
62,2025,40,37,1047.72,37,28.32,1111.35,45.63,381.51,13,55032,36,344.75,34
62,2025,41,29,840.16,29,28.97,957.31,62.65,362.91,13,45529,28,290.5,26
62,2025,42,36,1158.08,35,33.09,1299.02,70.94,448.0,10,56233,34,356.15,28
62,2025,43,18,653.0,18,36.28,787.75,76.75,321.25,9,32312,17,202.97,15
62,2025,44,23,638.3,22,29.01,712.25,29.95,377.55,12,32634,21,190.85,19
62,2025,45,23,561.0,22,25.5,649.6,34.85,285.25,10,28447,21,182.98,18
62,2025,46,28,927.0,28,33.11,999.65,41.65,392.5,11,50084,28,320.1,27
62,2025,47,28,812.56,28,29.02,900.74,70.18,408.2,13,42392,28,271.98,27
62,2025,48,12,290.49,12,24.21,321.31,21.82,179.99,6,20363,12,96.56,10
62,2025,49,26,640.1,24,26.67,715.25,31.15,304.87,11,37079,24,178.22,24
62,2025,50,26,704.25,24,29.34,782.25,52.0,361.25,11,32270,24,187.87,18
62,2025,51,18,617.0,18,34.28,693.2,47.7,246.25,6,35121,18,196.68,17
62,2025,52,14,406.73,14,29.05,434.03,25.3,293.98,9,17550,14,105.17,12
62,2026,1,26,489.38,24,20.39,505.32,10.94,230.81,8,44217,24,164.06,23
62,2026,2,19,511.16,19,26.9,541.16,17.5,264.41,9,27834,18,155.59,15
62,2026,3,19,496.67,19,26.14,585.22,52.55,392.56,12,31377,19,146.9,17
62,2026,4,12,356.75,12,29.73,389.55,20.3,176.5,6,22081,12,127.49,12
62,2026,5,21,658.0,21,31.33,732.9,44.65,325.25,9,44883,20,224.53,19
62,2026,6,13,299.98,13,23.08,345.18,13.2,118.75,5,19385,13,103.61,12
62,2026,7,29,978.3,29,33.73,1084.92,83.62,548.75,16,52828,28,275.19,24
62,2026,8,32,940.61,31,30.34,1025.46,47.85,420.91,14,41544,31,276.22,26
62,2026,9,27,768.42,27,28.46,791.44,7.02,225.75,9,48690,27,257.88,24
62,2026,10,25,625.4,25,25.02,702.65,50.0,287.13,10,32734,25,192.67,22
62,2026,11,28,904.85,28,32.32,941.2,26.85,375.23,12,50442,27,324.41,27
62,2026,12,25,716.53,25,28.66,765.54,34.01,471.89,16,39366,25,253.14,25
62,2026,13,20,600.88,20,30.04,644.28,29.4,304.7,11,33039,20,219.45,20
62,2026,14,25,619.89,23,26.95,751.93,19.04,329.5,11,33505,23,194.74,20
62,2026,15,20,589.42,20,29.47,627.62,29.7,276.38,9,32921,20,205.42,20
62,2026,16,27,716.87,26,27.57,735.31,6.19,192.0,9,40469,25,249.62,24
62,2026,17,25,661.52,25,26.46,755.41,21.89,294.25,11,41365,25,213.57,21
62,2026,18,35,1023.71,34,30.11,1133.2,69.99,588.28,19,58753,34,364.35,33
62,2026,19,34,1073.23,34,31.57,1131.63,29.4,533.48,17,62915,34,352.1,31
62,2026,20,27,798.57,27,29.58,830.52,28.95,436.07,13,42118,27,212.05,23
62,2026,21,24,706.46,24,29.44,794.79,46.33,383.72,12,45233,23,219.66,22
62,2026,22,20,539.5,20,26.98,544.5,0.0,152.5,6,31255,20,183.27,19
63,2024,1,29,704.25,29,24.28,740.7,12.45,438.0,16,46507,29,187.15,28
63,2024,2,28,798.84,28,28.53,826.51,24.67,533.95,18,53203,28,245.61,28
63,2024,3,24,480.74,23,20.9,514.55,5.81,326.99,14,37552,23,122.09,22
63,2024,4,22,644.33,22,29.29,675.33,20.0,293.25,11,43898,22,139.23,19
63,2024,5,21,518.28,20,25.91,519.28,0.0,208.0,9,33817,20,102.3,20
63,2024,6,18,587.2,18,32.62,587.2,0.0,192.0,8,34974,17,171.9,17
63,2024,7,21,493.92,20,24.7,495.5,0.58,262.61,10,30442,19,157.71,18
63,2024,8,20,519.46,20,25.97,520.46,0.0,330.0,12,32211,19,149.86,19
63,2024,9,22,704.53,22,32.02,716.53,5.5,420.5,14,43935,22,229.66,22
63,2024,10,27,699.11,27,25.89,705.41,5.8,372.5,15,51993,27,222.22,27
63,2024,11,37,934.16,36,25.95,945.28,2.62,443.5,18,65315,35,275.33,33
63,2024,12,22,531.66,22,24.17,583.06,17.9,335.5,11,40115,20,161.3,19
63,2024,13,31,821.83,31,26.51,937.16,38.33,637.35,23,55170,31,232.3,29
63,2024,14,23,773.72,23,33.64,823.28,22.31,302.25,13,42750,21,153.11,20
63,2024,15,25,626.59,25,25.06,682.52,15.43,333.0,14,45133,25,197.88,23
63,2024,16,27,614.62,25,24.58,740.36,20.69,385.24,16,53420,24,189.19,22
63,2024,17,28,819.77,28,29.28,913.47,51.7,547.67,18,74768,28,259.73,28
63,2024,18,26,672.42,26,25.86,725.16,40.74,373.46,13,55228,26,190.05,23
63,2024,19,18,486.01,18,27.0,503.65,13.14,346.02,13,30381,17,124.77,16
63,2024,20,20,461.58,20,23.08,483.18,17.1,281.75,9,38785,19,141.3,18
63,2024,21,21,429.69,20,21.48,444.12,9.93,265.03,11,30702,20,123.46,18
63,2024,22,30,746.96,30,24.9,808.36,19.4,490.48,17,63265,30,249.63,24
63,2024,23,20,402.48,20,20.12,440.04,9.56,264.6,13,27665,20,113.89,18
63,2024,24,19,746.5,19,39.29,798.3,37.3,417.25,12,32386,18,160.4,13
63,2024,25,24,636.83,23,27.69,765.99,57.16,479.5,18,42441,22,198.56,21
63,2024,26,30,728.57,30,24.29,751.97,17.9,510.92,20,50712,28,223.14,26
63,2024,27,13,291.18,12,24.27,310.93,14.75,248.25,10,19999,12,91.09,12
63,2024,28,21,530.49,20,26.52,589.11,18.62,260.99,11,38198,20,146.35,17
63,2024,29,26,712.89,26,27.42,764.54,30.65,401.31,14,52704,26,205.93,23
63,2024,30,18,432.58,18,24.03,524.9,8.82,120.82,5,32628,17,124.93,15
63,2024,31,11,348.11,11,31.65,428.76,16.15,214.5,6,26570,10,103.48,9
63,2024,32,10,285.31,10,28.53,312.16,22.35,175.8,6,21178,10,89.81,10
63,2024,33,24,707.73,24,29.49,739.53,22.8,515.25,16,37422,24,194.01,21
63,2024,34,25,654.61,25,26.18,674.91,14.8,385.47,14,42907,25,184.72,23
63,2024,35,28,734.13,28,26.22,780.2,22.57,295.41,11,53843,28,228.14,26
63,2024,36,28,826.03,28,29.5,886.88,41.35,453.04,12,49974,28,211.41,24
63,2024,37,27,700.94,27,25.96,707.54,6.1,481.18,18,46329,27,237.8,26
63,2024,38,28,1110.01,28,39.64,1150.45,27.94,335.15,12,57666,28,242.78,27
63,2024,39,21,989.23,21,47.11,996.33,7.1,184.25,6,54560,20,210.5,20
63,2024,40,29,1227.78,29,42.34,1243.73,10.45,152.47,6,127030,29,217.15,24
63,2024,41,21,780.26,21,37.16,839.51,24.25,288.24,10,54630,21,220.8,19
63,2024,42,26,928.78,24,38.7,936.38,6.1,247.5,10,55642,24,265.85,23
63,2024,43,22,655.09,22,29.78,655.09,0.0,86.5,4,47414,21,177.2,20
63,2024,44,19,491.44,19,25.87,513.82,20.38,362.25,12,27220,18,127.82,15
63,2024,45,22,480.02,22,21.82,493.96,13.94,318.55,14,31758,22,122.19,18
63,2024,46,21,470.0,21,22.38,480.6,7.1,246.75,11,34479,21,135.29,18
63,2024,47,24,557.57,23,24.24,559.57,0.0,267.67,12,42793,23,148.77,21
63,2024,48,20,470.97,20,23.55,471.04,0.07,299.75,10,29225,18,127.21,15
63,2024,49,15,361.22,15,24.08,363.22,0.0,203.5,9,24913,15,102.06,14
63,2024,50,25,707.58,25,28.3,736.14,12.81,192.0,8,42035,25,237.1,23
63,2024,51,15,368.5,15,24.57,368.5,0.0,251.0,10,24873,15,125.07,15
63,2024,52,13,402.78,13,30.98,411.38,8.1,128.0,5,30401,13,102.93,10
63,2025,1,18,453.0,18,25.17,469.1,16.1,299.75,12,27324,18,133.04,16
63,2025,2,13,316.5,13,24.35,322.09,5.09,221.75,8,17003,12,86.34,11
63,2025,3,12,325.25,12,27.1,325.25,0.0,205.0,8,27750,12,92.59,12
63,2025,4,17,459.84,17,27.05,532.41,29.57,332.0,10,29662,16,139.19,15
63,2025,5,7,139.5,7,19.93,151.5,11.5,97.75,5,10637,7,40.65,7
63,2025,6,22,529.43,22,24.07,542.53,6.1,357.0,15,35969,21,158.26,19
63,2025,7,16,450.62,16,28.16,489.86,29.74,324.65,11,31744,15,136.27,14
63,2025,8,16,396.01,16,24.75,397.51,0.0,214.36,9,26954,15,125.75,14
63,2025,9,24,494.91,23,21.52,496.41,0.0,394.91,15,34780,23,159.22,22
63,2025,10,23,746.84,22,33.95,786.73,4.89,645.59,17,38603,22,270.91,21
63,2025,11,23,593.83,23,25.82,640.28,8.7,452.73,18,39636,23,176.05,21
63,2025,12,20,457.43,20,22.87,480.28,20.85,422.68,17,28649,20,155.21,18
63,2025,13,19,451.75,19,23.78,453.25,0.0,263.25,11,23180,19,153.11,18
63,2025,14,24,655.22,24,27.3,656.22,0.0,397.72,14,31774,24,194.49,22
63,2025,15,30,641.54,30,21.38,670.05,27.51,498.54,20,47892,30,201.7,27
63,2025,16,24,556.75,24,23.2,557.34,0.09,377.75,14,36739,24,168.12,23
63,2025,17,17,401.75,17,23.63,411.35,7.1,350.75,14,25722,16,125.89,15
63,2025,18,16,431.86,16,26.99,431.86,0.0,240.5,9,27437,15,134.72,14
63,2025,19,24,688.39,24,28.68,689.89,0.0,502.14,18,47872,24,230.32,24
63,2025,20,20,503.81,20,25.19,527.46,11.15,423.56,15,31226,18,153.43,18
63,2025,21,24,686.57,24,28.61,687.57,0.0,498.95,18,46169,24,222.76,23
63,2025,22,14,332.5,13,25.58,368.41,15.41,284.75,10,28266,13,105.7,11
63,2025,23,14,306.77,13,23.6,325.27,5.0,236.77,8,13388,12,64.66,11
63,2025,24,12,201.39,12,16.78,203.39,0.0,161.64,6,9569,10,49.25,10
63,2025,25,12,251.82,12,20.98,257.82,4.0,218.07,9,15503,12,79.2,11
63,2025,26,16,376.25,16,23.52,379.75,0.0,279.44,12,25987,16,118.6,16
63,2025,27,14,303.43,13,23.34,303.43,0.0,203.75,8,22661,13,95.62,12
63,2025,28,16,337.0,16,21.06,338.0,0.0,206.0,9,87078,16,108.23,16
63,2025,29,15,246.19,15,16.41,289.69,3.0,122.94,7,16274,15,80.45,11
63,2025,30,16,369.29,16,23.08,375.79,5.0,204.14,8,22755,14,97.37,13
63,2025,31,10,422.0,10,42.2,549.5,0.0,199.0,7,22883,10,128.86,7
63,2025,32,15,404.37,15,26.96,445.76,28.39,317.37,10,28851,15,128.95,14
63,2025,33,28,806.25,28,28.79,839.45,26.2,523.75,17,53513,27,240.59,23
63,2025,34,16,442.71,16,27.67,455.71,10.0,284.56,10,22973,15,121.59,14
63,2025,35,17,410.03,17,24.12,445.03,0.0,164.62,7,32509,17,92.01,12
63,2025,36,13,280.9,13,21.61,281.9,0.0,135.25,6,20759,13,70.37,10
63,2025,37,24,702.31,24,29.26,744.99,34.18,407.12,15,39787,24,238.92,22
63,2025,38,18,467.11,18,25.95,490.14,14.03,313.36,10,35571,18,124.12,17
63,2025,39,10,252.75,10,25.27,253.25,0.0,96.75,4,18516,10,75.86,9
63,2025,40,22,547.79,22,24.9,569.29,14.5,395.4,14,37059,22,170.68,20
63,2025,41,20,483.5,19,25.45,501.5,15.0,311.5,9,86209,18,111.8,13
63,2025,42,14,411.16,13,31.63,417.16,0.0,154.27,5,24436,13,102.79,12
63,2025,43,12,317.82,12,26.48,323.55,5.23,100.17,5,19783,12,114.7,11
63,2025,44,11,215.66,11,19.61,217.16,0.0,64.01,4,11369,9,68.56,9
63,2025,45,8,345.96,8,43.25,372.46,1.0,96.5,3,14978,8,57.34,6
63,2025,46,12,323.5,12,26.96,375.0,6.0,177.75,7,24137,12,100.85,12
63,2025,47,9,245.7,9,27.3,250.2,0.0,115.02,4,20675,9,78.29,8
63,2025,48,11,210.43,11,19.13,216.93,0.0,152.93,4,12957,11,67.41,10
63,2025,49,11,307.04,11,27.91,318.1,6.06,140.12,5,22266,11,99.91,10
63,2025,50,13,349.93,13,26.92,388.33,12.9,205.77,7,18027,13,92.61,11
63,2025,51,13,368.23,13,28.33,373.82,4.09,59.0,3,21617,13,118.38,12
63,2025,52,6,188.89,6,31.48,188.89,0.0,112.39,4,17752,6,65.62,6
63,2026,1,11,329.42,11,29.95,366.78,17.86,214.42,7,26367,11,78.95,9
63,2026,2,9,325.35,9,36.15,325.35,0.0,115.0,4,18742,9,100.56,9
63,2026,3,8,257.12,8,32.14,279.42,12.8,154.0,5,22455,8,79.42,8
63,2026,4,8,179.7,8,22.46,193.7,13.0,174.2,7,8233,7,40.95,6
63,2026,5,9,287.65,9,31.96,315.11,21.46,196.75,6,19633,8,70.65,8
63,2026,6,11,353.75,11,32.16,353.75,0.0,131.75,6,19370,11,123.72,11
63,2026,7,6,186.92,6,31.15,201.62,9.2,137.75,5,14612,6,75.01,6
63,2026,8,8,232.93,8,29.12,243.43,10.0,103.86,4,15200,8,84.08,8
63,2026,9,6,257.32,6,42.89,272.32,0.0,41.5,2,25017,6,91.85,6
63,2026,10,12,315.17,12,26.26,347.75,10.58,138.95,6,22446,12,93.15,12
63,2026,11,22,567.36,21,27.02,569.36,0.0,355.91,13,30321,21,147.57,19
63,2026,12,18,473.68,17,27.86,479.9,2.72,267.0,11,25707,17,134.8,16
63,2026,13,11,224.02,11,20.37,248.52,0.0,115.25,4,15568,11,59.07,7
63,2026,14,8,181.98,8,22.75,219.23,0.0,88.5,4,14458,8,58.53,6
63,2026,15,15,387.48,15,25.83,389.48,0.0,301.81,10,16049,15,87.9,12
63,2026,16,12,241.46,10,24.15,251.59,5.13,81.48,3,13949,10,68.73,9
63,2026,17,19,487.31,19,25.65,508.31,12.5,273.56,9,26303,19,113.89,14
63,2026,18,17,532.59,17,31.33,557.42,16.08,384.07,11,32240,17,177.06,16
63,2026,19,10,243.61,10,24.36,246.11,0.0,128.68,5,32166,10,65.91,9
63,2026,20,15,435.65,15,29.04,453.4,11.25,225.19,9,27726,15,128.29,15
63,2026,21,6,156.27,6,26.04,221.98,23.71,104.5,4,15653,6,47.56,5
63,2026,22,17,379.22,16,23.7,397.87,11.65,225.41,10,21896,16,101.54,15
64,2024,1,29,815.21,29,28.11,859.43,24.22,163.0,7,39278,28,194.38,26
64,2024,2,31,834.9,31,26.93,895.1,10.5,363.75,12,46552,29,198.13,26
64,2024,3,24,579.75,23,25.21,634.79,28.0,222.75,8,34333,23,161.89,22
64,2024,4,24,676.56,24,28.19,682.06,5.0,153.75,4,40671,23,157.64,22
64,2024,5,27,913.56,27,33.84,950.96,31.9,450.7,13,46145,24,237.68,21
64,2024,6,34,1096.51,34,32.25,1143.93,19.92,303.25,10,59588,33,290.0,32
64,2024,7,38,1080.65,37,29.21,1147.14,40.99,432.96,15,61428,34,335.56,33
64,2024,8,42,1269.88,42,30.24,1405.66,68.78,538.0,17,53131,39,266.28,36
64,2024,9,38,1152.46,38,30.33,1160.96,0.0,329.75,10,63831,38,217.28,35
64,2024,10,42,1163.26,42,27.7,1261.79,38.03,417.25,12,52464,39,253.43,30
64,2024,11,42,1121.14,42,26.69,1149.83,16.69,324.71,12,57417,40,316.15,34
64,2024,12,41,1245.54,41,30.38,1354.58,46.54,432.25,13,69438,39,321.26,35
64,2024,13,46,1084.52,45,24.1,1294.11,54.39,419.0,16,92355,40,222.83,30
64,2024,14,41,1149.54,41,28.04,1355.8,81.76,519.0,17,59035,38,240.29,32
64,2024,15,30,859.27,29,29.63,967.27,42.5,322.5,10,44089,29,194.41,23
64,2024,16,30,884.43,29,30.5,1082.13,88.2,516.69,15,47355,28,206.22,24
64,2024,17,25,819.65,24,34.15,855.5,21.35,211.25,7,40512,22,190.68,16
64,2024,18,31,1005.81,31,32.45,1100.65,77.84,631.81,16,53574,29,240.55,25
64,2024,19,41,1351.05,41,32.95,1560.74,114.94,940.55,29,75639,40,374.22,37
64,2024,20,42,1269.08,42,30.22,1561.07,95.99,796.84,28,70669,40,384.63,39
64,2024,21,49,1551.35,48,32.32,1753.85,131.5,883.33,23,67002,43,352.92,41
64,2024,22,32,941.93,32,29.44,1115.66,51.73,350.0,12,47690,30,239.67,28
64,2024,23,45,1175.34,43,27.33,1300.24,86.9,650.5,20,61309,39,303.73,35
64,2024,24,46,1529.3,46,33.25,1969.66,157.86,990.75,27,71341,43,364.81,40
64,2024,25,45,1418.1,45,31.51,1693.36,149.76,998.69,29,72520,42,413.74,38
64,2024,26,46,1472.62,46,32.01,1683.82,114.7,995.0,29,76034,45,419.61,44
64,2024,27,28,768.25,27,28.45,848.61,33.86,396.06,12,45395,25,271.47,24
64,2024,28,32,889.64,32,27.8,973.44,36.3,679.39,19,57618,32,248.11,21
64,2024,29,35,1040.78,33,31.54,1207.69,74.91,663.77,20,70075,33,339.43,32
64,2024,30,39,1119.99,38,29.47,1320.45,95.51,758.75,21,74016,37,294.55,32
64,2024,31,39,1248.17,37,33.73,1484.82,117.15,653.5,17,76416,36,291.88,34
64,2024,32,29,955.5,29,32.95,1105.04,80.54,572.19,17,86692,29,275.18,29
64,2024,33,28,825.17,27,30.56,859.55,22.38,283.65,8,60143,26,246.19,25
64,2024,34,26,906.32,24,37.76,1007.61,85.71,649.75,15,35720,22,172.99,18
64,2024,35,40,1378.2,40,34.45,1653.04,131.84,850.69,23,80881,40,396.86,36
64,2024,36,27,782.21,27,28.97,834.36,41.65,299.25,10,38565,25,169.83,21
64,2024,37,43,1453.86,43,33.81,1597.05,78.19,705.75,20,77367,41,331.04,34
64,2024,38,37,1365.11,37,36.89,1521.09,73.98,614.0,18,70304,36,332.55,34
64,2024,39,43,1409.13,42,33.55,1640.59,138.96,801.35,21,76080,41,348.58,40
64,2024,40,36,1178.05,36,32.72,1317.86,55.31,451.81,12,94184,36,320.59,34
64,2024,41,35,1118.21,35,31.95,1240.51,61.05,686.94,20,71808,33,300.11,31
64,2024,42,26,790.49,26,30.4,952.42,78.93,465.25,13,37266,25,200.97,24
64,2024,43,32,963.66,31,31.09,1052.25,69.09,637.43,18,44450,30,222.92,28
64,2024,44,26,695.2,26,26.74,726.57,25.87,385.75,13,38151,26,241.55,24
64,2024,45,40,1175.14,39,30.13,1370.0,88.36,684.75,21,59637,36,292.53,32
64,2024,46,33,998.99,33,30.27,1254.98,119.74,831.0,26,46528,31,238.8,28
64,2024,47,37,944.02,36,26.22,1119.16,64.64,438.75,16,126136,36,299.4,34
64,2024,48,23,855.99,23,37.22,1020.22,58.23,429.0,11,42712,22,286.1,21
64,2024,49,35,1281.0,35,36.6,1464.76,83.76,760.25,19,118872,35,370.65,30
64,2024,50,38,1007.76,37,27.24,1340.28,116.02,585.43,21,68269,35,279.91,33
64,2024,51,43,1208.44,42,28.77,1399.43,118.49,566.78,18,103921,41,394.19,36
64,2024,52,27,863.25,27,31.97,883.2,15.45,521.25,16,49203,27,315.77,27
64,2025,1,27,758.03,27,28.08,843.28,14.25,260.08,9,50820,27,249.64,26
64,2025,2,40,1155.53,39,29.63,1233.98,50.45,588.5,18,75873,39,371.68,37
64,2025,3,35,1071.63,35,30.62,1147.58,44.45,441.75,13,69358,35,346.59,32
64,2025,4,26,766.74,26,29.49,775.81,0.07,425.0,14,37808,25,260.62,26
64,2025,5,36,1064.1,36,29.56,1163.25,54.15,512.25,17,52972,32,311.46,29
64,2025,6,28,864.74,26,33.26,1059.47,90.73,546.25,14,60166,25,284.34,22
64,2025,7,37,1124.87,35,32.14,1319.44,118.57,838.17,21,96552,35,381.89,34
64,2025,8,25,786.5,25,31.46,904.57,58.07,505.5,14,58858,24,262.31,24
64,2025,9,21,586.49,20,29.32,700.46,42.97,406.75,13,29208,19,177.36,19
64,2025,10,29,890.13,28,31.79,936.85,45.22,480.75,14,34625,28,243.81,24
64,2025,11,40,1306.72,40,32.67,1462.67,94.94,798.5,24,85374,40,437.68,37
64,2025,12,45,1341.63,44,30.49,1510.93,130.8,890.15,26,92146,44,318.28,39
64,2025,13,28,893.44,28,31.91,1078.37,86.93,536.25,15,134886,27,285.31,24
64,2025,14,46,1456.92,46,31.67,1728.83,188.91,1109.0,32,131908,46,402.17,42
64,2025,15,34,902.25,33,27.34,993.62,57.87,580.27,17,69855,33,276.26,30
64,2025,16,29,829.67,29,28.61,959.47,55.3,523.17,18,52441,28,243.36,25
64,2025,17,32,954.32,32,29.82,1056.87,46.05,494.75,14,59374,32,301.12,30
64,2025,18,32,1035.34,32,32.35,1296.58,93.99,506.75,14,55135,30,313.94,28
64,2025,19,39,1083.84,38,28.52,1361.94,81.6,484.84,16,60368,33,324.46,32
64,2025,20,35,1465.77,35,41.88,1977.93,205.66,1023.03,25,96502,34,447.72,34
64,2025,21,41,1275.65,40,31.89,1501.8,114.65,731.5,22,84956,38,362.53,37
64,2025,22,36,1005.13,35,28.72,1099.91,51.78,639.67,20,51287,33,310.76,31
64,2025,23,42,1343.29,42,31.98,1499.64,73.35,691.25,22,79127,40,422.12,36
64,2025,24,41,1214.75,40,30.37,1354.9,90.65,776.5,22,69387,35,371.02,33
64,2025,25,26,718.94,26,27.65,785.29,18.85,378.95,11,26410,24,201.68,20
64,2025,26,39,1165.46,38,30.67,1345.51,18.55,451.75,14,55267,36,316.79,30
64,2025,27,29,832.73,29,28.71,854.13,10.4,315.25,11,58534,29,261.47,28
64,2025,28,32,920.63,32,28.77,1060.57,69.19,624.03,21,40978,31,248.89,27
64,2025,29,39,1150.94,39,29.51,1375.31,94.62,615.6,19,55548,36,324.25,33
64,2025,30,32,1046.02,32,32.69,1121.22,39.2,417.69,13,56072,30,239.96,26
64,2025,31,17,553.0,16,34.56,631.87,56.87,390.75,9,22439,16,122.23,16
64,2025,32,32,955.59,32,29.86,1068.67,37.08,488.75,15,52124,31,296.79,26
64,2025,33,35,968.58,35,27.67,1154.22,64.39,408.5,14,46589,34,287.78,30
64,2025,34,33,1004.75,32,31.4,1067.35,51.1,638.75,19,47632,30,295.44,27
64,2025,35,28,914.83,27,33.88,969.48,41.3,374.75,11,49749,27,285.28,26
64,2025,36,34,1124.71,34,33.08,1216.01,29.8,573.75,16,58232,33,374.18,29
64,2025,37,44,1293.58,43,30.08,1466.34,84.51,861.25,27,77276,40,352.42,37
64,2025,38,61,1772.21,61,29.05,2015.66,120.7,1158.6,37,91926,59,537.3,58
64,2025,39,54,1604.28,54,29.71,1881.82,87.14,815.42,27,91211,52,439.41,47
64,2025,40,29,848.5,29,29.26,928.08,31.08,495.0,18,31721,28,175.06,25
64,2025,41,32,921.01,32,28.78,1125.31,51.8,554.0,17,55208,32,268.14,32
64,2025,42,24,826.78,24,34.45,1225.4,131.62,517.5,15,99887,21,171.3,18
64,2025,43,28,858.24,27,31.79,955.86,56.12,376.5,12,49563,26,247.91,25
64,2025,44,20,657.99,20,32.9,765.66,36.17,297.75,10,43860,18,183.71,17
64,2025,45,24,632.49,24,26.35,776.29,59.3,439.0,14,35456,23,179.48,19
64,2025,46,12,467.18,12,38.93,496.78,24.6,184.75,5,24603,12,137.87,11
64,2025,47,23,557.14,23,24.22,644.54,21.4,237.03,11,28151,21,173.28,17
64,2025,48,27,790.78,27,29.29,847.72,37.94,272.25,8,33932,25,243.72,22
64,2025,49,34,1125.35,34,33.1,1214.37,72.52,781.61,21,61692,33,300.11,32
64,2025,50,38,1387.05,37,37.49,1591.58,125.03,862.79,23,77078,35,336.82,31
64,2025,51,32,1096.95,32,34.28,1240.38,102.43,560.5,15,77649,32,346.05,29
64,2025,52,19,574.56,19,30.24,599.36,18.3,203.75,6,38822,19,197.53,19
64,2026,1,32,899.54,29,31.02,1007.38,80.34,416.5,11,44337,29,257.86,26
64,2026,2,30,1012.42,30,33.75,1139.42,81.0,612.5,17,47195,29,285.74,23
64,2026,3,33,1140.15,33,34.55,1219.29,70.64,534.5,16,58626,32,343.02,29
64,2026,4,26,881.84,26,33.92,1006.34,45.5,461.75,14,37467,24,227.36,21
64,2026,5,19,661.53,19,34.82,698.53,31.0,299.0,9,34127,18,207.25,18
64,2026,6,27,864.33,27,32.01,909.58,13.75,269.6,10,66238,27,283.21,26
64,2026,7,26,654.69,26,25.18,783.79,14.1,212.25,8,40122,25,178.75,19
64,2026,8,24,687.53,24,28.65,816.36,38.83,174.5,7,45367,23,178.51,18
64,2026,9,29,874.97,29,30.17,983.91,61.94,500.13,14,47512,26,286.94,25
64,2026,10,25,725.83,25,29.03,895.07,55.74,458.0,15,38504,24,236.88,24
64,2026,11,25,751.29,25,30.05,879.86,42.07,347.25,12,43505,25,229.61,25
64,2026,12,27,725.11,27,26.86,880.91,37.05,383.6,14,39940,26,187.05,22
64,2026,13,26,729.4,25,29.18,845.76,37.86,252.0,8,42290,24,188.8,21
64,2026,14,27,815.11,26,31.35,907.88,40.77,361.72,12,58836,25,249.12,24
64,2026,15,22,689.72,22,31.35,739.08,19.36,276.49,9,49199,22,184.62,19
64,2026,16,23,532.47,23,23.15,630.19,21.72,293.75,10,32498,23,140.85,20
64,2026,17,28,889.2,28,31.76,969.99,43.79,638.7,17,46938,27,254.66,26
64,2026,18,40,1117.28,39,28.65,1328.48,59.2,585.75,18,61898,36,316.71,32
64,2026,19,24,988.5,24,41.19,1130.19,117.69,816.0,20,23794,22,168.6,19
64,2026,20,28,942.98,28,33.68,1109.48,78.0,626.0,19,58358,28,284.05,25
64,2026,21,45,1351.37,45,30.03,1790.02,132.15,713.25,22,73571,43,324.36,37
64,2026,22,19,525.23,19,27.64,585.55,14.82,263.5,9,30654,18,137.47,16
65,2024,1,32,876.57,32,27.39,900.28,10.21,392.0,13,55167,31,250.57,29
65,2024,2,35,927.64,34,27.28,992.37,41.23,556.89,20,49353,31,220.94,27
65,2024,3,34,850.95,31,27.45,902.83,11.38,451.7,16,47805,31,249.56,28
65,2024,4,53,1258.05,48,26.21,1281.69,18.64,493.17,18,85920,47,346.08,44
65,2024,5,53,1458.76,48,30.39,1492.57,21.81,780.84,27,80682,48,414.43,41
65,2024,6,52,1295.16,48,26.98,1296.74,0.08,515.75,19,84423,48,378.29,43
65,2024,7,43,1289.24,39,33.06,1299.95,8.71,407.75,14,75561,39,371.04,39
65,2024,8,46,1221.36,44,27.76,1259.2,13.84,520.75,18,76413,42,389.53,41
65,2024,9,59,1559.7,56,27.85,1595.11,26.91,644.79,22,93965,54,425.18,48
65,2024,10,52,1300.14,47,27.66,1322.74,18.1,453.75,18,82854,46,365.24,44
65,2024,11,50,1466.65,47,31.21,1472.72,0.07,468.75,17,89682,47,381.2,43
65,2024,12,50,1605.23,48,33.44,1627.14,14.41,637.12,20,84406,44,369.86,39
65,2024,13,49,1276.08,47,27.15,1348.23,29.15,509.62,19,68697,43,382.93,37
65,2024,14,49,1178.53,46,25.62,1188.53,6.0,600.14,24,85696,46,379.19,43
65,2024,15,49,1298.1,47,27.62,1321.6,19.0,413.08,17,87039,46,409.76,44
65,2024,16,58,1535.55,53,28.97,1573.79,25.24,786.78,26,95696,53,499.34,47
65,2024,17,56,1611.01,54,29.83,1640.63,24.12,695.15,24,103982,52,445.57,47
65,2024,18,74,1850.69,69,26.82,1895.34,12.65,610.4,23,129046,67,529.8,61
65,2024,19,44,1015.42,42,24.18,1067.42,11.0,303.59,15,77949,39,225.76,32
65,2024,20,35,801.53,31,25.86,837.86,23.83,510.0,19,57934,30,217.73,28
65,2024,21,42,1139.75,39,29.22,1178.42,28.17,613.01,20,72538,36,318.37,34
65,2024,22,47,1274.01,45,28.31,1364.4,56.89,732.12,29,83973,42,371.08,37
65,2024,23,31,848.33,29,29.25,907.52,10.19,280.5,12,58737,29,228.73,25
65,2024,24,50,1519.34,49,31.01,1561.61,19.27,868.73,29,93260,47,404.82,44
65,2024,25,39,1288.45,38,33.91,1365.41,35.46,594.88,20,80657,37,343.57,33
65,2024,26,57,1630.23,56,29.11,1713.38,23.65,855.4,32,108660,55,518.42,48
65,2024,27,39,1006.31,39,25.8,1031.65,13.84,520.79,21,59322,39,266.93,33
65,2024,28,43,1168.52,42,27.82,1203.1,28.58,595.53,22,88984,42,335.21,38
65,2024,29,42,1190.66,41,29.04,1219.56,18.4,529.5,21,68640,41,357.3,36
65,2024,30,42,1038.76,42,24.73,1102.91,33.65,733.75,27,68512,42,347.07,40
65,2024,31,65,1884.91,65,29.0,1927.9,4.66,829.75,35,136470,61,602.45,53
65,2024,32,33,941.77,31,30.38,949.52,6.25,456.25,15,54541,30,242.74,24
65,2024,33,42,1096.36,41,26.74,1172.97,25.11,534.45,19,72056,39,324.44,32
65,2024,34,47,1448.9,47,30.83,1592.12,74.22,877.01,25,96764,47,428.19,45
65,2024,35,49,1279.23,48,26.65,1299.02,18.29,588.86,22,80837,47,335.03,41
65,2024,36,50,1501.92,50,30.04,1510.42,0.0,565.96,21,94819,50,444.27,47
65,2024,37,41,1200.76,41,29.29,1231.77,13.01,540.7,21,77594,39,306.49,35
65,2024,38,58,1699.36,57,29.81,1775.19,47.83,847.25,27,114036,56,471.3,53
65,2024,39,50,1355.81,50,27.12,1372.93,15.12,735.84,26,100000,50,364.97,47
65,2024,40,46,1344.13,45,29.87,1369.68,13.55,582.0,20,98445,45,379.6,40
65,2024,41,51,1392.56,50,27.85,1443.86,20.8,586.98,22,94946,49,419.95,44
65,2024,42,43,1319.12,43,30.68,1393.07,54.45,593.75,20,87805,42,318.13,39
65,2024,43,44,1257.98,44,28.59,1265.78,6.8,554.75,20,81771,44,352.19,44
65,2024,44,51,1330.86,50,26.62,1374.24,22.88,659.5,22,97491,47,422.45,47
65,2024,45,63,1774.07,63,28.16,1830.64,42.57,910.68,32,131118,62,533.52,56
65,2024,46,41,1042.53,41,25.43,1052.78,5.25,401.75,16,76979,40,343.33,39
65,2024,47,45,1021.85,45,22.71,1036.82,8.97,443.5,16,81496,43,332.03,40
65,2024,48,42,1146.19,41,27.96,1176.76,21.07,513.5,19,70946,40,355.14,38
65,2024,49,48,1512.13,48,31.5,1535.93,18.8,732.0,25,105783,48,481.91,46
65,2024,50,49,1446.36,48,30.13,1447.36,0.0,375.25,14,95534,46,485.13,45
65,2024,51,65,1552.68,65,23.89,1595.3,7.62,597.25,23,105733,64,456.52,54
65,2024,52,27,721.84,27,26.73,725.34,2.0,324.5,11,43380,25,254.88,26
65,2025,1,35,1119.28,34,32.92,1123.78,0.0,488.28,16,77415,34,309.88,32
65,2025,2,35,1032.27,35,29.49,1055.54,10.27,560.75,20,70145,35,343.27,31
65,2025,3,32,925.83,32,28.93,962.38,12.8,456.5,17,67824,31,290.04,29
65,2025,4,51,1350.56,51,26.48,1379.42,9.11,802.87,31,80091,50,411.45,47
65,2025,5,37,1046.49,37,28.28,1054.33,7.34,538.0,19,61617,37,342.1,33
65,2025,6,36,1052.37,36,29.23,1070.74,11.87,410.62,14,72037,35,354.04,34
65,2025,7,50,1304.24,49,26.62,1370.28,9.04,644.21,25,83861,47,428.57,46
65,2025,8,33,927.64,33,28.11,995.44,17.3,481.5,18,64284,33,321.99,31
65,2025,9,35,1085.42,34,31.92,1095.99,8.57,452.46,16,70352,33,343.13,33
65,2025,10,48,1192.44,46,25.92,1207.13,13.19,591.37,23,80890,45,396.88,43
65,2025,11,58,1575.63,57,27.64,1610.92,21.29,853.31,30,106256,55,503.05,54
65,2025,12,43,1271.61,43,29.57,1282.68,8.57,619.88,23,96837,43,386.18,38
65,2025,13,45,1325.1,45,29.45,1395.53,26.93,601.5,21,90286,45,443.39,43
65,2025,14,47,1194.32,47,25.41,1199.89,4.57,613.0,26,85947,46,403.38,47
65,2025,15,59,1599.59,57,28.06,1689.22,30.63,671.83,26,102660,57,512.78,55
65,2025,16,47,1229.26,45,27.32,1270.12,21.36,545.47,21,100434,45,402.16,44
65,2025,17,30,946.35,30,31.54,965.29,13.94,349.54,13,58453,30,313.62,29
65,2025,18,45,1276.77,45,28.37,1304.4,20.63,678.28,24,94148,45,398.52,42
65,2025,19,50,1410.03,50,28.2,1448.25,32.22,758.71,28,89837,49,464.51,47
65,2025,20,49,1396.36,48,29.09,1509.12,35.26,890.36,33,98418,48,480.62,47
65,2025,21,50,1447.99,49,29.55,1500.94,33.45,802.04,30,102449,49,461.15,47
65,2025,22,40,1436.01,39,36.82,1474.46,29.95,597.11,23,74630,38,331.35,36
65,2025,23,49,1396.26,48,29.09,1445.05,35.04,798.37,28,88555,48,434.26,45
65,2025,24,49,1470.63,48,30.64,1529.03,34.4,744.95,25,98188,47,503.65,47
65,2025,25,46,1383.69,46,30.08,1414.87,21.68,783.78,28,79952,45,445.13,45
65,2025,26,37,1074.43,37,29.04,1120.54,28.61,591.54,21,74919,37,345.2,32
65,2025,27,49,1323.36,49,27.01,1337.99,2.63,913.27,35,81048,49,455.92,42
65,2025,28,47,1226.68,47,26.1,1237.44,8.26,459.51,19,112709,47,393.96,43
65,2025,29,52,1674.12,52,32.19,1708.27,16.65,769.0,26,101144,50,526.26,48
65,2025,30,50,1596.88,50,31.94,1626.49,11.61,620.84,23,86712,45,463.03,44
65,2025,31,47,1407.58,47,29.95,1439.62,16.04,814.85,29,101919,46,455.51,46
65,2025,32,59,1759.96,59,29.83,1799.87,29.41,842.01,33,168278,57,586.12,55
65,2025,33,51,1399.35,51,27.44,1428.5,18.65,705.01,27,92469,50,433.62,45
65,2025,34,50,1285.18,50,25.7,1319.14,18.46,719.24,27,91664,50,425.84,46
65,2025,35,60,1607.18,59,27.24,1644.7,25.52,758.87,31,113967,59,511.52,55
65,2025,36,45,1223.76,45,27.19,1227.76,4.0,512.75,22,85950,45,428.82,38
65,2025,37,47,1622.37,45,36.05,1631.13,6.76,547.39,18,102980,45,525.09,42
65,2025,38,55,1613.84,54,29.89,1617.84,2.0,710.84,27,112141,54,537.42,47
65,2025,39,43,1361.93,42,32.43,1463.09,36.91,533.43,19,91875,42,431.61,41
65,2025,40,47,1476.6,47,31.42,1515.45,15.1,563.0,22,89108,45,489.45,43
65,2025,41,47,1364.21,47,29.03,1392.64,19.43,599.86,23,101361,45,458.86,42
65,2025,42,35,1183.4,35,33.81,1271.71,14.31,400.46,16,85897,34,421.88,33
65,2025,43,39,1198.95,38,31.55,1262.0,43.05,511.52,20,71960,37,386.22,32
65,2025,44,23,835.31,23,36.32,847.69,10.38,313.19,10,49243,23,297.33,23
65,2025,45,40,1211.91,40,30.3,1252.26,19.35,553.44,21,80498,39,413.74,38
65,2025,46,51,1341.56,51,26.31,1352.16,9.1,668.42,28,85416,50,428.18,46
65,2025,47,42,1211.17,42,28.84,1270.05,46.63,568.11,22,79003,40,368.77,38
65,2025,48,31,1085.07,31,35.0,1118.08,17.01,354.22,12,74583,31,365.62,29
65,2025,49,34,1041.65,34,30.64,1068.89,20.24,537.14,18,71779,33,337.18,30
65,2025,50,43,1349.89,43,31.39,1427.44,39.05,666.21,23,90515,43,504.89,42
65,2025,51,34,1017.61,34,29.93,1018.18,0.07,470.75,17,60221,34,321.61,32
65,2025,52,30,800.24,30,26.67,827.42,14.68,359.25,14,43225,30,267.2,30
65,2026,1,22,652.47,22,29.66,670.32,12.35,204.19,9,41765,21,234.28,21
65,2026,2,59,1524.72,59,25.84,1569.73,35.51,662.6,29,108376,59,513.38,57
65,2026,3,46,1420.27,46,30.88,1500.19,49.67,780.86,25,123744,46,458.25,42
65,2026,4,39,938.6,38,24.7,961.6,0.0,366.59,16,68125,38,294.53,33
65,2026,5,40,1107.87,40,27.7,1127.27,9.15,620.81,25,68881,37,372.56,32
65,2026,6,46,1401.99,46,30.48,1481.04,34.05,719.0,24,85623,46,459.14,42
65,2026,7,43,1321.6,43,30.73,1374.97,7.62,538.0,22,91197,42,410.93,37
65,2026,8,38,1157.72,38,30.47,1185.33,13.61,523.0,19,76403,38,406.24,38
65,2026,9,43,1291.69,43,30.04,1308.96,10.27,543.5,21,81402,42,383.45,39
65,2026,10,52,1527.17,51,29.94,1561.93,25.26,769.25,26,94664,51,483.63,48
65,2026,11,34,1063.13,34,31.27,1122.15,41.52,486.12,16,67297,34,324.23,31
65,2026,12,38,1003.95,38,26.42,1081.79,15.84,517.69,21,77371,38,335.69,35
65,2026,13,48,1477.46,48,30.78,1505.28,10.07,465.25,17,91668,47,467.76,42
65,2026,14,42,1229.13,41,29.98,1315.13,10.0,458.5,18,98217,40,429.21,37
65,2026,15,41,1223.15,41,29.83,1365.56,48.41,616.87,24,96323,37,373.74,32
65,2026,16,39,1237.83,39,31.74,1303.08,1.75,346.0,15,83964,38,426.79,33
65,2026,17,34,980.69,34,28.84,1019.38,11.19,302.5,12,72887,34,315.63,28
65,2026,18,45,1316.98,45,29.27,1363.66,19.68,514.51,21,86182,43,408.12,39
65,2026,19,56,1625.6,55,29.56,1858.67,59.07,578.11,20,115618,52,485.2,48
65,2026,20,42,1471.43,42,35.03,1607.47,57.54,777.51,23,74709,39,366.91,32
65,2026,21,42,1102.58,42,26.25,1159.9,11.82,404.86,16,69693,40,345.18,37
65,2026,22,37,1254.51,36,34.85,1340.31,43.3,510.27,18,73842,35,329.36,28
66,2024,1,132,3523.4,132,26.69,3562.28,27.38,1695.22,68,209772,126,1012.73,120
66,2024,2,119,3068.81,119,25.79,3100.1,13.79,1927.25,76,194850,116,839.13,111
66,2024,3,112,3137.55,112,28.01,3188.08,43.53,1895.38,71,199675,109,883.05,106
66,2024,4,115,3089.63,115,26.87,3120.19,27.06,1607.71,66,218527,114,836.11,106
66,2024,5,113,3481.21,113,30.81,3519.85,31.64,1764.82,64,214769,112,1033.32,110
66,2024,6,139,3753.67,139,27.0,3792.83,27.66,2057.47,76,237769,133,1003.57,127
66,2024,7,137,3736.69,137,27.28,3759.69,23.0,2050.25,77,232806,137,1070.64,133
66,2024,8,129,3470.99,129,26.91,3509.2,24.71,1835.62,67,215113,129,918.78,121
66,2024,9,133,3556.39,133,26.74,3582.1,18.71,1801.57,70,222271,131,944.5,125
66,2024,10,125,3349.22,125,26.79,3409.57,30.35,1988.83,74,217081,122,939.71,123
66,2024,11,135,3522.09,135,26.09,3599.61,31.52,2091.97,77,218951,128,1013.43,119
66,2024,12,119,3431.08,119,28.83,3476.21,35.63,2028.79,76,221690,117,1021.38,112
66,2024,13,105,2678.99,105,25.51,2701.16,15.67,1820.86,67,165660,102,776.06,95
66,2024,14,118,2971.6,118,25.18,3021.19,25.59,1839.5,68,186079,110,799.64,104
66,2024,15,112,2912.21,112,26.0,3007.98,27.77,1664.2,61,194633,108,803.86,101
66,2024,16,138,3672.77,137,26.81,3773.39,22.12,2473.83,90,234317,134,1160.79,125
66,2024,17,133,3735.39,132,28.3,3821.83,10.69,2403.71,89,244073,127,1120.55,116
66,2024,18,137,3939.96,137,28.76,4023.64,41.68,2544.11,96,263369,137,1194.57,130
66,2024,19,106,2926.65,105,27.87,3030.85,42.95,1912.71,69,200420,103,898.52,99
66,2024,20,123,3334.66,122,27.33,3396.67,59.01,2349.07,89,227575,122,1015.44,115
66,2024,21,126,3245.65,125,25.97,3277.86,28.21,2254.94,81,210751,120,936.81,110
66,2024,22,134,3501.61,134,26.13,3561.31,25.45,2331.84,88,227375,131,1097.54,122
66,2024,23,117,2975.27,115,25.87,3003.91,18.64,2041.65,78,206446,114,894.73,105
66,2024,24,135,3553.45,133,26.72,3587.89,29.44,2414.77,88,221726,132,1040.75,117
66,2024,25,116,3241.65,115,28.19,3370.25,98.1,2265.06,80,228710,115,1029.05,105
66,2024,26,114,2847.64,114,24.98,2882.16,30.02,2241.08,83,242792,114,877.23,102
66,2024,27,132,3323.14,129,25.76,3472.47,21.83,2146.84,82,227953,127,1008.98,120
66,2024,28,117,3014.99,117,25.77,3093.28,33.34,2390.13,89,195247,116,931.25,110
66,2024,29,112,2983.32,112,26.64,3089.05,71.48,1900.48,76,184605,112,886.81,105
66,2024,30,120,3195.6,120,26.63,3220.18,21.08,2134.1,78,204985,118,998.78,113
66,2024,31,107,2979.71,107,27.85,2995.54,13.33,1603.41,62,197021,106,922.02,104
66,2024,32,114,3338.98,113,29.55,3385.96,38.48,2013.53,73,260422,113,1021.42,109
66,2024,33,105,2980.05,105,28.38,3046.49,24.19,2013.2,76,181451,104,934.85,103
66,2024,34,141,3701.45,141,26.25,3776.73,45.78,2454.97,96,240649,140,1203.08,133
66,2024,35,168,4597.16,168,27.36,4717.1,56.94,2316.63,85,300385,168,1393.96,158
66,2024,36,112,2867.58,111,25.83,2906.68,24.6,2198.48,84,184161,111,899.51,105
66,2024,37,143,4128.72,142,29.08,4226.05,51.33,2700.17,97,262010,140,1238.19,135
66,2024,38,137,3827.83,136,28.15,3883.13,45.8,2142.85,80,228471,135,1097.76,125
66,2024,39,129,3592.5,128,28.07,3646.08,52.58,2167.58,79,211135,126,1066.05,122
66,2024,40,122,3286.05,122,26.93,3350.48,60.43,2196.1,82,209990,122,970.19,118
66,2024,41,111,3228.0,111,29.08,3320.41,31.41,2072.62,74,192318,110,1030.6,104
66,2024,42,114,3203.16,114,28.1,3246.9,41.24,1735.84,61,198545,113,1020.29,103
66,2024,43,100,3124.42,100,31.24,3152.62,26.2,1650.6,60,171312,98,929.76,94
66,2024,44,116,3056.22,116,26.35,3106.83,45.11,2110.55,76,185015,115,979.31,106
66,2024,45,146,4573.19,145,31.54,4713.34,100.15,3052.23,92,267195,143,1361.8,136
66,2024,46,118,3101.21,118,26.28,3127.39,22.18,2218.39,86,200778,117,1039.16,114
66,2024,47,120,3137.37,119,26.36,3181.16,41.78,2207.6,82,211346,119,1001.88,115
66,2024,48,95,2608.33,94,27.75,2641.54,31.21,1487.17,57,156495,94,824.98,91
66,2024,49,119,3137.26,119,26.36,3187.87,44.61,2068.42,77,217297,118,986.95,112
66,2024,50,138,3743.88,137,27.33,3756.61,7.23,2495.25,91,254344,136,1228.25,129
66,2024,51,121,3366.93,121,27.83,3395.47,19.04,2319.66,88,205284,121,1114.38,119
66,2024,52,93,2664.13,93,28.65,2734.71,31.08,1563.8,56,157313,93,901.94,91
66,2025,1,103,2758.96,103,26.79,2789.13,18.67,1824.56,66,180790,103,915.8,98
66,2025,2,113,2882.66,113,25.51,2900.99,14.33,2165.85,84,184775,113,985.01,110
66,2025,3,132,3357.88,132,25.44,3417.84,25.46,2166.37,86,213279,131,1090.09,121
66,2025,4,97,2769.78,97,28.55,2782.66,10.88,1691.39,66,167143,94,964.35,92
66,2025,5,133,3442.09,132,26.08,3538.3,80.71,2299.16,88,216159,131,1102.74,126
66,2025,6,117,2987.08,117,25.53,3052.17,59.59,2470.97,94,182318,116,1015.47,114
66,2025,7,92,2399.03,92,26.08,2422.62,17.09,1513.08,59,143936,92,783.58,87
66,2025,8,87,2323.03,87,26.7,2374.41,46.38,1565.1,56,129573,87,778.6,81
66,2025,9,142,3772.05,140,26.94,3832.17,55.12,2407.27,91,225570,140,1267.34,131
66,2025,10,114,3085.49,114,27.07,3177.39,53.4,2226.37,78,208499,112,1026.71,104
66,2025,11,120,3680.13,120,30.67,3728.58,36.95,2938.04,93,190778,120,1027.73,113
66,2025,12,95,2500.57,94,26.6,2556.51,42.94,1816.54,66,164324,93,822.16,91
66,2025,13,89,2263.99,87,26.02,2294.67,29.18,1601.7,62,138835,87,755.69,83
66,2025,14,124,3208.85,124,25.88,3231.12,20.27,2258.57,89,217912,124,1084.12,121
66,2025,15,97,2791.19,97,28.78,2836.88,39.69,1980.48,72,181198,96,981.27,96
66,2025,16,111,3582.12,111,32.27,3611.99,25.87,2692.26,80,205569,111,1121.72,111
66,2025,17,117,3233.75,115,28.12,3270.8,27.55,2100.42,67,186994,114,1025.53,107
66,2025,18,84,2359.46,84,28.09,2365.36,2.4,1470.67,53,148706,83,785.63,80
66,2025,19,106,3020.03,106,28.49,3023.17,0.14,1897.9,67,194291,106,1023.43,104
66,2025,20,112,3489.35,112,31.15,3519.2,25.85,2418.68,70,199704,112,1020.14,102
66,2025,21,105,3045.43,105,29.0,3059.17,8.74,2051.68,69,198021,105,1027.7,100
66,2025,22,96,2621.04,96,27.3,2635.91,7.37,1614.1,63,165232,96,863.06,89
66,2025,23,114,3215.07,114,28.2,3230.14,6.07,2187.79,74,204449,113,1066.29,109
66,2025,24,127,3878.4,127,30.54,3893.1,11.7,2595.64,83,212088,126,1135.83,117
66,2025,25,117,3215.33,116,27.72,3233.7,14.37,1841.94,64,198403,116,1068.76,109
66,2025,26,106,2748.74,106,25.93,2799.41,16.67,2020.5,75,176151,106,908.92,97
66,2025,27,83,2341.24,83,28.21,2359.04,14.79,1865.11,66,147483,83,800.89,80
66,2025,28,118,3593.65,118,30.45,3635.45,11.5,2193.38,79,229958,118,1173.4,112
66,2025,29,95,2776.22,94,29.53,2796.0,13.78,1827.65,62,162193,94,897.48,89
66,2025,30,114,3155.17,113,27.92,3167.92,0.25,2021.33,71,195570,111,1047.21,105
66,2025,31,97,2548.49,95,26.83,2555.09,4.1,1796.45,65,158803,95,847.37,89
66,2025,32,109,2752.39,109,25.25,2764.64,6.75,2032.95,73,176653,108,936.64,99
66,2025,33,108,3099.07,108,28.7,3129.65,13.57,1804.27,64,212525,108,1071.9,101
66,2025,34,96,2906.05,95,30.59,2949.53,18.98,1860.5,64,171603,93,989.98,90
66,2025,35,111,3284.13,111,29.59,3305.38,14.75,2057.51,65,188947,110,974.27,104
66,2025,36,96,2955.71,96,30.79,2959.78,2.57,1639.0,59,174977,96,995.89,90
66,2025,37,122,3318.56,119,27.89,3389.71,12.15,2119.14,78,252259,118,1104.73,113
66,2025,38,117,3186.25,116,27.47,3207.89,0.14,1946.32,72,194938,115,1063.16,104
66,2025,39,126,3463.01,126,27.48,3472.13,6.62,2085.0,73,215823,126,1109.83,114
66,2025,40,95,2865.43,95,30.16,2918.73,5.8,1667.67,60,210455,95,966.18,89
66,2025,41,100,2592.52,99,26.19,2666.47,41.45,1463.17,56,167260,96,832.3,83
66,2025,42,70,2097.3,69,30.4,2124.25,15.45,1207.95,45,132086,69,720.36,68
66,2025,43,75,2036.86,75,27.16,2087.71,15.85,890.06,38,125401,74,655.98,69
66,2025,44,67,2761.92,67,41.22,2764.92,0.0,1362.93,35,101718,66,603.05,59
66,2025,45,69,2083.28,69,30.19,2100.57,13.29,1290.25,45,127426,69,730.56,67
66,2025,46,72,2117.45,72,29.41,2132.01,5.98,1200.87,44,127215,72,697.63,68
66,2025,47,73,2048.48,68,30.12,2083.6,21.62,942.66,35,138679,67,650.99,63
66,2025,48,66,1822.28,66,27.61,1827.52,1.24,1100.03,42,106858,65,611.93,65
66,2025,49,76,2211.11,75,29.48,2292.27,44.66,1261.02,45,129460,72,698.61,68
66,2025,50,67,2111.64,67,31.52,2122.88,0.74,1318.79,45,128634,66,741.5,63
66,2025,51,98,3199.43,98,32.65,3224.38,10.95,1763.64,51,166835,95,926.27,87
66,2025,52,71,2195.61,71,30.92,2213.01,14.4,1045.4,39,120669,68,770.27,67
66,2026,1,67,1921.53,67,28.68,1942.07,15.04,985.92,39,112732,67,651.39,65
66,2026,2,74,2396.84,74,32.39,2411.65,9.31,1190.75,44,142523,73,818.73,66
66,2026,3,83,2412.42,82,29.42,2443.93,16.51,1147.0,41,142533,82,754.19,78
66,2026,4,75,2248.42,74,30.38,2256.19,2.77,967.75,31,133032,74,787.28,66
66,2026,5,79,2414.26,79,30.56,2429.01,6.25,1376.02,46,134788,78,775.11,72
66,2026,6,88,2760.71,88,31.37,2768.25,0.04,1300.31,46,163717,85,876.53,81
66,2026,7,91,3029.23,91,33.29,3057.41,23.18,1318.75,46,173178,89,976.18,83
66,2026,8,80,2844.8,80,35.56,2873.51,14.71,1627.0,48,142483,79,843.13,75
66,2026,9,74,2165.26,74,29.26,2188.87,17.11,1110.5,41,120588,73,640.43,64
66,2026,10,115,3245.71,114,28.47,3314.87,23.91,1483.95,54,200310,113,1035.16,106
66,2026,11,98,2963.94,97,30.56,2976.34,6.9,1306.51,41,179874,96,1015.03,91
66,2026,12,84,2385.03,84,28.39,2413.4,16.87,1110.57,39,137409,79,753.65,76
66,2026,13,87,2523.34,86,29.34,2557.13,21.04,1143.31,42,141138,86,849.21,83
66,2026,14,81,2389.22,80,29.87,2418.64,16.56,1028.25,36,141990,79,785.52,74
66,2026,15,82,2421.1,82,29.53,2422.8,0.7,1219.36,40,149748,82,813.61,79
66,2026,16,77,2226.41,77,28.91,2233.48,3.07,1005.5,35,135626,77,720.3,74
66,2026,17,80,2614.37,80,32.68,2643.62,19.25,1180.76,38,156656,78,876.74,78
66,2026,18,103,3105.03,102,30.44,3128.18,3.0,1431.32,50,193057,102,983.54,96
66,2026,19,92,2744.4,91,30.16,2751.4,5.0,1275.35,44,181298,90,920.59,86
66,2026,20,95,2858.75,94,30.41,2907.39,14.14,1322.71,47,184914,91,901.85,87
66,2026,21,94,2896.75,93,31.15,2941.94,18.19,1448.49,45,167043,92,856.71,89
66,2026,22,62,1775.63,61,29.11,1836.26,26.38,792.26,28,117079,60,570.31,53
67,2024,1,96,2467.51,96,25.7,2483.08,11.07,1405.02,55,155288,95,668.76,89
67,2024,2,82,2146.03,81,26.49,2158.45,11.92,1040.75,42,123722,79,574.38,75
67,2024,3,91,2482.91,91,27.28,2489.48,3.57,1220.0,48,131974,91,752.01,85
67,2024,4,80,2411.73,80,30.15,2431.44,14.21,980.97,40,139416,80,685.11,76
67,2024,5,125,3210.29,124,25.89,3248.78,32.49,1649.41,65,187595,117,868.58,103
67,2024,6,86,2144.52,86,24.94,2169.78,23.26,1395.0,56,132927,85,667.93,82
67,2024,7,100,2761.99,100,27.62,2803.84,19.85,1499.0,57,159014,98,820.75,94
67,2024,8,95,2323.59,95,24.46,2377.79,15.7,1417.43,58,136340,91,723.29,82
67,2024,9,115,2926.23,115,25.45,2947.12,12.89,1661.34,63,188320,112,888.17,106
67,2024,10,131,3256.98,131,24.86,3269.78,11.3,2040.34,84,210831,130,994.11,122
67,2024,11,121,3362.62,121,27.79,3378.12,13.0,1648.05,67,193837,119,997.58,111
67,2024,12,148,3683.06,147,25.05,3733.83,36.77,2350.82,94,213815,142,1149.12,136
67,2024,13,112,3022.53,112,26.99,3077.43,19.9,1588.75,65,161529,110,944.48,102
67,2024,14,128,3383.53,128,26.43,3439.44,19.91,1959.75,77,198671,124,1059.71,119
67,2024,15,98,2569.12,98,26.22,2582.77,8.65,1209.34,51,142915,96,822.88,94
67,2024,16,127,3280.03,127,25.83,3312.5,24.97,2025.61,80,207804,127,974.11,121
67,2024,17,116,3007.61,116,25.93,3034.59,18.48,1708.79,69,171757,116,941.95,103
67,2024,18,140,3598.11,137,26.26,3629.64,18.53,2430.48,96,225172,135,1151.77,130
67,2024,19,108,2899.76,108,26.85,2932.42,25.66,1822.85,70,187306,107,913.7,98
67,2024,20,128,3608.36,128,28.19,3648.31,26.45,2007.01,78,228736,126,1120.62,124
67,2024,21,126,3571.59,125,28.57,3625.24,24.15,1912.2,74,199560,124,1091.01,111
67,2024,22,139,3600.23,139,25.9,3694.4,26.67,2328.34,89,307459,138,1135.74,129
67,2024,23,123,3417.61,123,27.79,3448.88,5.77,1704.53,66,213510,121,1022.23,109
67,2024,24,120,3375.96,120,28.13,3450.04,29.58,1701.52,68,259877,118,1005.22,110
67,2024,25,93,2388.67,93,25.68,2425.6,23.68,1618.95,63,137169,92,740.46,89
67,2024,26,136,3774.03,135,27.96,3786.58,6.55,2196.75,89,198172,133,1208.5,126
67,2024,27,116,2904.1,116,25.04,2937.6,24.5,2033.81,80,169575,116,960.58,110
67,2024,28,136,3382.92,135,25.06,3506.4,40.48,1910.02,78,202566,131,1034.39,117
67,2024,29,136,3564.07,136,26.21,3662.16,38.09,2216.71,85,204016,134,1213.82,126
67,2024,30,114,3078.34,114,27.0,3114.71,30.87,2058.19,76,179855,113,979.63,113
67,2024,31,131,3351.13,131,25.58,3373.53,12.9,2433.51,91,208666,131,1154.84,127
67,2024,32,126,3050.45,125,24.4,3108.28,35.33,2012.76,82,180362,124,988.35,118
67,2024,33,121,3142.57,121,25.97,3159.77,15.7,1867.75,73,191321,121,1035.98,112
67,2024,34,147,3876.27,147,26.37,3927.19,17.92,2336.84,96,252196,146,1210.58,138
67,2024,35,141,3591.2,140,25.65,3657.1,28.4,2211.26,87,215229,138,1222.01,130
67,2024,36,128,3415.11,127,26.89,3428.18,4.07,2181.32,88,209539,127,1110.11,122
67,2024,37,139,3863.92,139,27.8,3947.97,58.55,2363.61,89,217068,139,1217.63,129
67,2024,38,125,3525.0,125,28.2,3547.05,8.55,2046.07,78,198278,125,1158.21,117
67,2024,39,122,3131.04,122,25.66,3169.96,20.42,2049.74,83,185855,122,1018.95,118
67,2024,40,155,3870.61,154,25.13,3935.82,36.71,2289.61,90,238127,153,1278.04,145
67,2024,41,159,4154.3,159,26.13,4187.34,13.54,2677.49,111,241348,158,1357.78,156
67,2024,42,124,3480.77,123,28.3,3528.43,40.16,1872.19,71,340886,122,1168.24,120
67,2024,43,153,4061.5,153,26.55,4208.31,69.31,2678.24,108,241537,151,1383.93,145
67,2024,44,139,3789.22,138,27.46,3853.99,43.77,2716.64,101,215511,136,1333.92,132
67,2024,45,118,3016.12,118,25.56,3056.85,35.23,2065.23,78,189432,117,1003.5,116
67,2024,46,133,3441.76,133,25.88,3512.1,53.34,2418.06,91,207883,133,1151.87,125
67,2024,47,111,3124.05,111,28.14,3162.72,23.17,1923.2,74,208155,111,1038.68,109
67,2024,48,142,3526.07,140,25.19,3599.83,37.26,2079.66,85,187197,139,1138.59,128
67,2024,49,112,2994.07,112,26.73,3000.21,0.14,1940.87,75,188507,112,1036.83,110
67,2024,50,138,3703.31,138,26.84,3755.92,41.11,2228.25,85,213406,137,1213.01,133
67,2024,51,141,3711.06,140,26.51,3760.3,40.74,2761.99,104,222783,140,1269.8,134
67,2024,52,120,3354.69,120,27.96,3425.47,36.78,2146.6,79,193303,118,1057.32,112
67,2025,1,117,3283.14,117,28.06,3332.41,37.27,2149.8,78,176875,116,1082.91,107
67,2025,2,133,3298.19,133,24.8,3347.81,28.62,2152.97,85,205124,130,1098.92,127
67,2025,3,126,3397.01,126,26.96,3449.0,47.99,2427.44,96,202281,125,1189.42,124
67,2025,4,125,3235.8,124,26.1,3261.98,24.18,2020.0,79,169236,123,1087.84,117
67,2025,5,145,3743.96,145,25.82,3770.94,6.16,2517.18,100,207667,143,1265.97,134
67,2025,6,131,3611.83,131,27.57,3651.28,29.95,2522.09,99,203662,129,1227.92,129
67,2025,7,138,3398.99,138,24.63,3439.27,25.78,2624.35,107,222631,138,1110.16,134
67,2025,8,134,3357.1,132,25.43,3375.89,13.29,2135.8,82,198312,131,1109.56,125
67,2025,9,130,3273.4,130,25.18,3296.96,19.06,2228.7,89,182309,128,1067.2,120
67,2025,10,128,3278.52,128,25.61,3297.03,10.51,2132.61,87,207051,127,1117.24,126
67,2025,11,122,3334.14,122,27.33,3373.05,15.4,2053.43,81,198407,122,1123.16,116
67,2025,12,125,3179.95,124,25.64,3223.31,19.86,2000.41,79,259310,124,1061.41,119
67,2025,13,124,3040.97,123,24.72,3077.77,13.3,2257.5,89,173789,123,1036.68,114
67,2025,14,140,3410.55,139,24.54,3472.38,34.33,2554.12,104,200490,138,1156.71,134
67,2025,15,139,3894.97,139,28.02,3909.94,8.47,2446.65,93,222699,138,1317.28,134
67,2025,16,143,3620.1,141,25.67,3693.77,60.67,2536.04,98,210345,137,1206.07,133
67,2025,17,125,3265.05,124,26.33,3284.79,11.74,2152.32,82,190741,122,1119.9,114
67,2025,18,135,3650.98,135,27.04,3670.02,11.04,2179.74,82,270932,135,1194.81,130
67,2025,19,129,3322.82,129,25.76,3355.04,22.22,2208.27,87,200070,127,1130.22,125
67,2025,20,125,3441.66,125,27.53,3460.53,9.87,2284.66,88,215115,124,1197.95,121
67,2025,21,127,3147.75,127,24.79,3175.83,18.58,2060.1,78,251714,126,1030.4,116
67,2025,22,116,3145.15,116,27.11,3161.43,9.28,1972.32,75,183829,115,1064.45,109
67,2025,23,142,3776.77,141,26.79,3809.44,17.67,2637.04,99,228680,139,1228.2,133
67,2025,24,117,3174.12,117,27.13,3187.19,1.07,1814.75,70,182877,117,1053.04,110
67,2025,25,125,3209.26,125,25.67,3263.67,29.91,2264.34,86,185204,123,1097.02,117
67,2025,26,114,3046.42,113,26.96,3078.15,5.23,1734.55,67,188718,112,1045.31,106
67,2025,27,132,3547.2,132,26.87,3593.87,30.67,2509.91,99,192100,132,1133.67,129
67,2025,28,132,3418.99,132,25.9,3450.99,3.0,1855.65,73,193905,132,1083.79,122
67,2025,29,127,3252.06,126,25.81,3267.24,0.18,1914.37,78,241348,126,1122.16,122
67,2025,30,124,3519.94,124,28.39,3539.87,8.93,1885.65,71,204902,121,1224.89,114
67,2025,31,116,3358.58,115,29.21,3397.52,28.94,1992.7,73,177223,111,1065.13,104
67,2025,32,126,3575.4,125,28.6,3593.93,6.03,2078.43,75,204695,124,1221.84,117
67,2025,33,116,2986.89,114,26.2,3037.98,27.84,2114.1,78,171175,114,972.73,102
67,2025,34,131,3470.73,131,26.49,3520.85,19.62,2076.35,79,203302,130,1108.39,125
67,2025,35,133,3480.44,133,26.17,3491.53,0.09,2157.76,86,210840,131,1131.53,124
67,2025,36,136,3600.6,136,26.47,3608.87,3.77,2107.28,84,213423,136,1183.04,129
67,2025,37,126,3329.15,126,26.42,3384.86,32.71,2004.26,77,189062,124,1108.62,118
67,2025,38,147,3827.49,145,26.4,3850.85,17.86,2266.77,87,221475,145,1261.14,138
67,2025,39,132,3736.91,132,28.31,3750.18,8.27,2107.84,76,224273,132,1258.99,127
67,2025,40,130,3571.65,129,27.69,3592.18,15.53,1798.72,69,225619,129,1173.44,123
67,2025,41,122,3595.25,122,29.47,3719.86,45.61,2143.44,80,217640,122,1225.39,114
67,2025,42,119,3191.98,119,26.82,3252.83,32.85,1843.13,74,191765,118,1071.66,109
67,2025,43,85,2208.31,85,25.98,2214.31,2.0,1381.97,55,118087,85,769.58,82
67,2025,44,102,2928.48,102,28.71,2955.63,20.65,1300.6,49,166977,101,938.9,95
67,2025,45,124,3818.34,123,31.04,3835.89,13.05,2115.46,76,281305,123,1312.24,120
67,2025,46,104,3099.88,104,29.81,3113.99,6.61,1789.0,67,176502,104,1043.74,103
67,2025,47,99,2844.28,99,28.73,2863.23,11.95,1433.69,56,196630,98,996.45,96
67,2025,48,77,2044.13,77,26.55,2065.65,7.27,1203.83,50,109789,77,671.2,74
67,2025,49,109,3390.54,109,31.11,3419.04,2.0,1676.74,61,189243,109,1099.36,102
67,2025,50,120,3434.09,120,28.62,3487.43,37.34,2055.4,76,204344,120,1106.76,115
67,2025,51,105,2926.78,104,28.14,2969.57,3.29,1723.21,68,165011,103,977.35,98
67,2025,52,57,1440.16,57,25.27,1447.4,6.24,812.75,33,78153,56,513.13,56
67,2026,1,65,1886.69,64,29.48,1903.74,8.55,1048.63,40,95455,64,659.51,61
67,2026,2,94,2740.64,94,29.16,2858.39,17.25,1141.6,50,213990,92,915.68,87
67,2026,3,96,2666.71,96,27.78,2670.28,0.07,1214.58,48,140463,95,869.76,90
67,2026,4,69,1828.96,68,26.9,1868.48,32.52,991.07,40,111566,66,641.99,64
67,2026,5,83,2356.15,83,28.39,2364.8,3.65,1227.85,48,135400,81,769.07,80
67,2026,6,101,2790.43,101,27.63,2803.5,11.07,1609.25,62,159536,101,962.95,99
67,2026,7,75,2219.56,75,29.59,2236.61,11.05,1077.44,40,128584,74,774.9,71
67,2026,8,87,2763.91,87,31.77,2813.64,31.23,1272.81,46,159430,87,941.13,84
67,2026,9,94,2715.67,94,28.89,2747.16,6.49,948.75,39,149774,92,952.78,90
67,2026,10,125,3359.88,125,26.88,3372.15,9.77,1642.77,67,187778,124,1072.18,120
67,2026,11,118,3085.43,118,26.15,3137.9,21.47,1298.61,50,176658,118,982.69,110
67,2026,12,121,3384.63,121,27.97,3422.13,5.5,1477.95,59,195475,121,1102.04,109
67,2026,13,82,2087.06,82,25.45,2113.05,18.49,1089.25,40,116877,79,687.96,72
67,2026,14,110,2974.66,110,27.04,3019.77,35.11,1124.6,47,168165,108,978.27,102
67,2026,15,106,2892.7,106,27.29,2955.26,36.56,1540.53,57,186675,104,966.28,100
67,2026,16,93,2504.02,93,26.92,2518.15,7.13,1300.9,55,150087,93,832.12,91
67,2026,17,74,1996.38,73,27.35,2002.88,4.0,940.32,37,107992,72,662.11,68
67,2026,18,110,2787.08,108,25.81,2801.72,0.14,1055.39,46,158384,107,896.6,102
67,2026,19,124,3207.38,124,25.87,3301.38,0.0,1507.49,64,193238,122,999.67,113
67,2026,20,96,2533.86,96,26.39,2548.18,10.82,970.2,42,143884,93,878.92,87
67,2026,21,128,3720.66,128,29.07,3741.35,15.19,1167.06,48,204054,128,1193.3,123
67,2026,22,92,2487.83,92,27.04,2519.99,21.16,1188.5,46,140780,90,847.91,86
68,2024,1,234,6055.62,234,25.88,6127.65,26.53,3678.5,137,299444,230,1823.73,222
68,2024,2,261,6783.73,261,25.99,6827.62,33.89,4378.0,162,370455,251,2048.82,241
68,2024,3,238,6340.73,238,26.64,6375.79,4.06,4323.0,161,325738,228,2037.07,223
68,2024,4,274,7343.12,273,26.9,7415.3,59.68,4711.67,170,404001,260,2353.16,258
68,2024,5,313,7719.9,312,24.74,7795.89,39.49,4656.75,181,405916,296,2420.09,286
68,2024,6,297,7808.95,296,26.38,7897.11,21.66,4755.01,181,392877,287,2472.2,271
68,2024,7,279,7206.73,276,26.11,7239.27,22.54,4055.5,155,357331,264,2149.74,245
68,2024,8,299,7623.86,298,25.58,14333.08,30.56,5485.04,204,397347,286,2462.49,273
68,2024,9,345,8405.31,343,24.51,8446.44,22.63,5472.79,211,441533,326,2608.23,304
68,2024,10,307,7532.34,306,24.62,7570.59,9.75,4829.03,189,413163,298,2339.06,282
68,2024,11,333,8282.96,330,25.1,8334.9,33.94,5607.47,212,431020,321,2656.42,305
68,2024,12,344,8651.48,343,25.22,8697.19,20.21,5810.6,221,451727,332,2701.12,307
68,2024,13,293,7175.02,291,24.66,7234.43,24.41,4815.25,186,370892,284,2320.86,264
68,2024,14,314,7401.0,312,23.72,7473.28,56.28,5060.25,200,390865,299,2326.84,278
68,2024,15,276,6969.2,273,25.53,7013.13,21.93,4733.5,177,368240,263,2216.72,249
68,2024,16,339,8392.54,336,24.98,8466.42,48.88,5028.6,195,456579,326,2683.94,310
68,2024,17,317,7582.02,315,24.07,7661.37,56.85,5154.22,198,407822,302,2411.82,279
68,2024,18,306,7773.54,305,25.49,7847.22,52.18,5227.37,196,453927,294,2438.53,270
68,2024,19,342,8620.48,340,25.35,8741.34,90.86,5759.0,219,576009,331,2621.64,301
68,2024,20,278,6709.8,276,24.31,6791.18,57.38,4466.06,174,369792,267,2136.18,245
68,2024,21,287,7069.92,285,24.81,7150.41,58.99,4906.81,187,405217,277,2219.61,255
68,2024,22,266,6668.1,264,25.26,6718.72,32.62,4579.22,174,359933,259,2128.97,236
68,2024,23,293,7261.59,293,24.78,7368.12,46.03,4887.25,189,399085,284,2326.56,258
68,2024,24,312,7552.09,311,24.28,7641.92,41.83,5392.28,210,409029,307,2437.15,281
68,2024,25,294,7310.3,293,24.95,7381.65,39.85,4802.28,187,392710,282,2278.94,254
68,2024,26,302,7736.39,300,25.79,7828.53,44.14,5270.76,201,442201,289,2603.79,273
68,2024,27,310,8141.2,309,26.35,8255.25,42.55,5461.78,206,427179,300,2581.18,267
68,2024,28,331,8429.16,328,25.7,8540.54,52.88,6416.25,237,455952,325,2790.19,302
68,2024,29,287,6676.86,284,23.51,6782.12,80.26,4735.35,190,364427,278,2201.08,251
68,2024,30,332,8059.72,329,24.5,8132.21,47.99,6234.5,241,459022,323,2738.06,304
68,2024,31,306,7413.66,305,24.31,7534.26,37.6,5639.3,219,402378,299,2503.17,282
68,2024,32,331,8352.3,331,25.23,8449.29,56.99,6153.97,236,461636,328,2838.02,314
68,2024,33,317,7985.6,316,25.27,8081.11,67.51,5819.47,225,415324,314,2673.86,299
68,2024,34,303,7468.21,303,24.65,7551.34,64.13,5509.48,215,395886,303,2540.7,291
68,2024,35,336,9120.1,335,27.22,9181.62,25.52,5925.95,226,510223,331,2964.41,317
68,2024,36,294,7377.4,294,25.09,7430.39,31.99,5468.15,211,414173,293,2540.34,282
68,2024,37,360,9012.41,359,25.1,9091.27,57.36,6287.81,247,508131,358,3062.28,344
68,2024,38,345,8553.58,344,24.87,8648.34,81.26,6107.59,238,487207,343,2908.84,328
68,2024,39,340,8800.12,339,25.96,8931.9,39.28,6282.21,240,480651,339,2998.58,324
68,2024,40,338,7990.64,336,23.78,8092.85,79.71,5915.78,234,494877,334,2713.79,314
68,2024,41,330,8548.72,329,25.98,8693.39,93.6,6772.82,256,489892,328,2926.93,318
68,2024,42,329,8254.19,327,25.24,8331.21,53.52,6266.73,239,435344,326,2771.33,313
68,2024,43,316,7929.28,316,25.09,8091.01,69.73,5910.73,226,481934,313,2670.34,296
68,2024,44,307,7575.19,307,24.67,7644.43,34.24,5841.12,233,391882,303,2632.76,291
68,2024,45,327,8134.17,326,24.95,8237.12,61.36,6021.95,235,414099,322,2836.18,312
68,2024,46,298,7616.34,297,25.64,7710.93,52.09,5683.23,223,407948,297,2649.87,286
68,2024,47,293,7514.3,292,25.73,7578.74,34.44,5659.25,213,416221,292,2551.88,278
68,2024,48,304,7675.27,302,25.41,7735.13,36.36,5445.37,211,401176,298,2582.07,287
68,2024,49,331,8165.37,328,24.89,8230.85,21.48,5926.32,226,484133,323,2738.71,302
68,2024,50,311,7471.33,309,24.18,7528.67,25.34,5747.37,222,389132,308,2599.65,295
68,2024,51,293,7134.6,289,24.69,7228.17,28.32,5097.92,204,369217,288,2417.79,273
68,2024,52,270,6777.01,269,25.19,6840.24,27.73,4737.73,177,328601,268,2339.51,248
68,2025,1,281,6787.61,280,24.24,6825.83,19.72,4688.5,185,334479,276,2347.54,265
68,2025,2,292,7389.57,289,25.57,7427.21,10.64,5137.41,203,369870,289,2583.09,275
68,2025,3,301,7449.18,299,24.91,7511.9,19.22,5461.06,213,402793,298,2565.75,288
68,2025,4,303,7735.29,303,25.53,7802.75,45.46,5375.1,205,378324,301,2658.92,290
68,2025,5,329,8221.14,326,25.22,8295.88,33.99,6252.92,242,540934,324,2898.68,307
68,2025,6,302,7294.22,302,24.15,7343.42,28.2,5671.62,218,379703,301,2552.89,284
68,2025,7,325,7857.35,325,24.18,7928.4,43.05,5993.72,233,415736,323,2741.97,313
68,2025,8,307,8368.79,306,27.35,8452.96,22.17,5838.69,216,450398,303,2879.96,289
68,2025,9,350,8859.05,347,25.53,8935.86,35.81,6475.5,251,482867,347,3038.62,336
68,2025,10,334,8276.44,333,24.85,8348.05,37.11,6158.81,244,451696,330,2815.24,321
68,2025,11,375,9198.94,374,24.6,9252.27,32.33,6708.31,256,491399,373,3194.8,359
68,2025,12,349,8690.03,346,25.12,8748.56,29.54,6393.48,247,471846,341,2970.94,332
68,2025,13,350,8783.33,349,25.17,8830.01,15.68,6913.63,265,450849,344,3031.26,332
68,2025,14,376,9065.96,375,24.18,9140.25,31.29,6459.21,254,486277,375,3005.62,353
68,2025,15,367,9286.92,367,25.3,9329.34,22.42,6450.89,253,506742,364,3205.68,353
68,2025,16,389,9259.53,386,23.99,9315.91,29.88,6941.96,267,494889,386,3177.18,369
68,2025,17,413,10097.1,412,24.51,10219.31,79.21,7466.9,289,519546,401,3386.36,386
68,2025,18,405,10061.86,402,25.03,10189.9,100.04,7335.83,276,546338,398,3462.31,385
68,2025,19,376,9387.45,374,25.1,9481.62,69.17,7052.64,270,503082,368,3272.89,360
68,2025,20,387,9946.97,387,25.7,10068.83,92.36,7731.45,291,526131,382,3447.87,366
68,2025,21,348,8734.25,348,25.1,8876.25,66.5,6755.09,254,444978,344,3095.84,332
68,2025,22,368,9082.04,367,24.75,9147.68,18.64,6580.04,253,453022,361,3093.45,343
68,2025,23,364,8719.2,364,23.95,8834.6,29.4,7045.99,278,494297,363,2939.25,347
68,2025,24,384,9605.55,383,25.08,9708.05,65.0,7701.11,294,501146,380,3351.09,370
68,2025,25,295,7400.56,295,25.09,7502.26,63.7,5675.9,223,379321,292,2515.02,282
68,2025,26,377,9584.2,377,25.42,9651.59,25.39,7140.32,275,507161,373,3285.13,357
68,2025,27,389,9568.02,385,24.85,9703.45,72.93,7338.94,286,503213,383,3256.58,362
68,2025,28,361,9130.78,360,25.36,9228.27,75.99,7240.77,272,513612,358,3212.15,345
68,2025,29,354,9213.15,354,26.03,9283.12,47.97,7154.17,268,482988,351,3250.02,345
68,2025,30,344,9016.18,342,26.36,9110.12,40.94,6793.71,248,484429,340,3193.57,325
68,2025,31,348,8972.42,346,25.93,9080.55,80.63,6991.33,258,454197,345,3121.62,332
68,2025,32,354,8678.98,354,24.52,8757.7,51.92,6702.02,263,472902,353,2997.97,340
68,2025,33,326,8054.46,323,24.94,8143.83,52.87,6146.01,231,411909,317,2758.66,305
68,2025,34,364,9287.31,363,25.58,9388.27,80.46,7111.48,266,478801,358,3207.88,340
68,2025,35,345,8799.8,345,25.51,8861.78,47.98,6340.22,242,447261,345,3099.43,332
68,2025,36,323,7947.87,321,24.76,8030.69,41.82,6038.5,236,396858,318,2822.32,308
68,2025,37,355,9074.62,354,25.63,9182.13,57.26,6458.99,243,491299,350,3151.29,335
68,2025,38,342,8524.64,339,25.15,8597.83,25.69,6048.99,238,482253,334,2905.44,320
68,2025,39,341,8720.46,341,25.57,8757.13,26.17,6397.7,245,432700,340,3058.22,323
68,2025,40,314,8041.19,313,25.69,8078.48,23.79,5677.46,221,395862,310,2765.27,296
68,2025,41,233,5831.98,232,25.14,5896.66,20.68,3822.89,161,305732,228,1902.78,220
68,2025,42,191,5000.73,190,26.32,5053.68,35.45,2937.74,120,273093,186,1650.73,173
68,2025,43,190,5030.57,190,26.48,5052.2,13.63,2989.05,121,248992,187,1661.33,179
68,2025,44,148,3590.64,148,24.26,3626.19,25.55,2176.01,88,221819,146,1180.27,140
68,2025,45,240,6297.37,240,26.24,6422.35,48.98,3919.65,153,324551,235,2158.12,223
68,2025,46,171,5074.53,171,29.68,5118.65,24.12,3021.06,115,237315,171,1610.15,161
68,2025,47,216,5327.54,215,24.78,5405.17,6.63,2972.66,126,266819,214,1769.7,204
68,2025,48,162,4309.19,162,26.6,4343.98,26.79,2498.95,103,193420,160,1447.7,150
68,2025,49,230,5876.04,230,25.55,5913.21,10.37,3766.02,154,362501,230,1977.68,221
68,2025,50,196,5191.81,196,26.49,5217.88,10.07,3019.71,122,260912,195,1799.63,192
68,2025,51,188,4521.61,188,24.05,4560.92,23.06,2857.08,120,240507,186,1471.08,176
68,2025,52,146,3687.79,146,25.26,3712.27,15.48,2667.74,106,179824,146,1281.81,139
68,2026,1,162,3958.4,162,24.43,3984.28,12.88,2100.22,95,196914,161,1333.96,156
68,2026,2,237,6365.04,235,27.09,6382.39,8.85,3876.54,151,320328,235,2224.36,231
68,2026,3,209,5516.98,208,26.52,5555.54,11.81,3083.23,130,283317,206,1853.79,191
68,2026,4,156,3953.22,155,25.5,3993.42,6.2,2457.27,101,215321,150,1359.42,142
68,2026,5,197,5259.2,195,26.97,5277.44,10.74,3406.02,140,277876,192,1679.6,185
68,2026,6,232,6201.9,230,26.96,6244.24,22.33,3829.38,152,379403,229,2080.77,218
68,2026,7,219,5953.18,219,27.18,5978.31,8.88,3650.7,141,310545,216,2043.51,208
68,2026,8,181,5081.92,181,28.08,5116.27,24.35,2866.61,111,259692,179,1693.54,173
68,2026,9,203,5558.81,203,27.38,5586.15,19.7,3379.34,128,292598,202,1910.23,196
68,2026,10,244,5884.57,244,24.12,5905.24,8.17,3766.44,154,313076,242,1969.96,224
68,2026,11,264,6941.11,264,26.29,6976.34,18.23,3598.49,141,341385,258,2302.9,248
68,2026,12,248,6301.72,247,25.51,6351.87,19.15,3582.38,138,360827,244,1990.46,229
68,2026,13,194,4811.46,194,24.8,4853.07,21.61,2799.46,117,243153,192,1629.38,186
68,2026,14,261,6527.25,260,25.1,6559.89,11.64,3614.08,154,350881,257,2145.22,252
68,2026,15,259,6835.8,258,26.5,6906.28,36.48,3989.88,161,352542,258,2285.94,252
68,2026,16,239,6373.4,239,26.67,6401.49,16.09,3787.47,156,351626,236,2151.54,229
68,2026,17,215,5658.3,212,26.69,5701.23,23.93,3097.45,126,306764,212,1912.57,205
68,2026,18,251,7016.76,251,27.96,7078.85,22.09,3885.73,152,385386,248,2348.6,239
68,2026,19,257,6477.4,255,25.4,6533.25,18.6,4409.25,177,362789,254,2195.57,247
68,2026,20,237,5797.62,234,24.78,5834.79,26.17,3954.99,162,369341,231,1924.0,226
68,2026,21,240,6396.11,238,26.87,6445.63,30.27,3721.07,143,325839,237,2054.88,223
68,2026,22,180,4237.53,178,23.81,4297.67,16.59,2523.55,110,223611,177,1365.12,165
69,2024,1,504,12962.36,503,25.77,13038.63,55.77,8267.52,306,605790,492,3891.55,473
69,2024,2,420,10781.16,419,25.73,10839.06,33.9,7119.43,271,515517,413,3407.35,397
69,2024,3,429,11170.26,428,26.1,11233.29,47.03,7347.72,267,530057,416,3419.97,393
69,2024,4,455,11977.07,453,26.44,12087.73,94.16,7281.26,267,606636,444,3674.76,425
69,2024,5,525,13714.15,525,26.12,13767.54,40.89,7950.75,293,669655,515,4170.42,492
69,2024,6,523,13596.06,522,26.05,13696.03,77.97,8888.75,341,643616,514,4190.81,491
69,2024,7,564,14903.56,562,26.52,14956.47,34.91,8653.25,318,699296,548,4358.87,503
69,2024,8,540,13482.74,539,25.01,13601.82,59.08,8165.5,306,645263,524,3870.0,474
69,2024,9,571,15044.19,570,26.39,15123.8,50.61,9369.25,338,724954,554,4498.8,518
69,2024,10,565,14802.57,564,26.25,14913.4,70.33,9981.75,365,735651,554,4618.61,519
69,2024,11,583,15598.7,582,26.8,15674.87,57.67,9385.75,348,756333,575,4803.27,533
69,2024,12,601,15500.68,601,25.79,15629.63,66.45,9716.66,357,734546,586,4643.8,529
69,2024,13,638,16148.84,634,25.47,16259.73,61.89,10319.75,386,768768,621,4929.89,554
69,2024,14,645,16780.78,640,26.22,16925.69,80.91,10349.26,392,812474,632,5103.48,582
69,2024,15,481,12825.13,481,26.66,12895.76,48.13,8302.25,305,624233,465,4077.11,432
69,2024,16,613,16245.47,612,26.54,16396.44,83.17,11061.46,408,815046,599,5261.26,560
69,2024,17,642,16381.1,634,25.84,16491.52,83.42,11368.99,432,825922,626,5200.58,584
69,2024,18,617,16097.85,614,26.22,16237.56,89.21,10468.27,396,858724,601,5112.99,561
69,2024,19,545,14563.63,542,26.87,14678.29,86.66,9906.58,363,783828,531,4576.17,490
69,2024,20,539,14318.18,535,26.76,14411.45,54.77,9640.46,360,754340,530,4530.64,493
69,2024,21,554,14196.15,554,25.62,14366.25,60.1,10014.08,380,682939,538,4472.44,494
69,2024,22,620,16149.01,615,26.26,16297.98,120.93,10505.22,397,836702,607,4992.45,531
69,2024,23,629,16905.0,628,26.92,17032.91,79.91,11304.19,421,878846,617,5376.82,566
69,2024,24,596,16002.08,593,26.98,16197.72,102.64,11094.68,407,779398,585,5066.32,536
69,2024,25,564,15451.61,560,27.59,15594.28,115.17,10534.64,378,744300,553,4895.23,507
69,2024,26,570,15361.52,570,26.95,15541.27,89.75,10913.95,403,758181,568,5108.93,527
69,2024,27,602,15596.15,601,25.95,15781.11,100.46,10334.1,392,780880,594,4876.39,530
69,2024,28,602,15305.13,598,25.59,15551.65,100.02,10687.65,408,795139,593,4929.18,530
69,2024,29,605,15532.64,603,25.76,15678.75,72.61,10582.4,402,770226,599,5030.93,543
69,2024,30,610,15202.21,608,25.0,15326.77,78.56,10102.77,390,742217,597,4962.14,549
69,2024,31,599,15471.47,597,25.92,15753.11,131.64,10414.74,389,760767,587,5169.14,556
69,2024,32,600,15864.67,597,26.57,16114.38,139.71,11296.89,410,789756,587,5336.93,555
69,2024,33,576,14773.42,574,25.74,14929.4,72.98,10050.49,386,731112,571,5057.58,536
69,2024,34,602,15970.46,598,26.71,16081.1,80.64,11144.95,414,754387,594,5407.42,554
69,2024,35,617,16353.05,614,26.63,16489.35,93.3,10542.32,398,818800,604,5383.8,568
69,2024,36,590,15728.24,590,26.66,15848.2,70.96,10443.77,390,775679,584,5182.08,541
69,2024,37,620,16535.38,618,26.76,16683.07,111.69,11610.91,423,831302,612,5632.6,580
69,2024,38,598,15855.59,595,26.65,16027.19,123.6,10305.79,381,850658,592,5272.11,554
69,2024,39,586,14681.71,586,25.05,14779.28,76.07,10207.05,390,754059,584,4947.8,543
69,2024,40,660,16798.37,658,25.53,16923.49,71.12,11118.83,414,825165,646,5538.03,603
69,2024,41,680,17427.88,678,25.7,17500.24,53.86,12146.51,456,846316,666,5962.96,622
69,2024,42,610,15993.71,600,26.66,16073.62,59.91,10686.59,397,798791,595,5480.27,567
69,2024,43,593,14601.49,591,24.71,14728.57,60.08,10112.53,382,818839,585,5045.57,563
69,2024,44,636,16525.58,636,25.98,16650.23,70.9,10515.46,403,788602,626,5594.24,596
69,2024,45,611,15912.12,609,26.13,15976.44,31.82,9813.8,364,790590,601,5444.95,569
69,2024,46,609,15725.94,608,25.87,15822.15,57.21,10215.64,381,810810,602,5401.3,572
69,2024,47,578,14676.05,578,25.39,14800.56,75.51,10355.17,402,782247,576,5065.13,548
69,2024,48,519,13399.01,519,25.82,13431.69,14.18,8717.01,334,618882,515,4566.2,488
69,2024,49,611,15238.75,608,25.06,15312.44,40.19,10344.59,395,727684,599,5124.53,564
69,2024,50,553,13731.67,551,24.92,13786.19,26.02,9181.99,348,643227,540,4646.46,509
69,2024,51,557,14215.95,556,25.57,14289.91,32.96,9575.88,368,711985,546,4970.7,523
69,2024,52,498,12554.15,497,25.26,12637.66,48.51,8096.11,312,612768,492,4307.64,472
69,2025,1,471,12202.28,469,26.02,12269.14,36.86,7604.17,294,593043,465,4211.99,445
69,2025,2,555,14576.82,553,26.36,14647.79,42.97,9032.19,341,803006,540,4928.95,507
69,2025,3,602,15758.76,600,26.26,15874.44,28.68,9988.14,383,773242,592,5360.77,558
69,2025,4,535,13768.26,532,25.88,13953.52,43.76,8760.73,328,611168,526,4785.52,489
69,2025,5,560,13791.51,559,24.67,13873.36,46.85,8816.3,343,700063,552,4743.33,515
69,2025,6,608,14827.23,608,24.39,14944.32,43.34,10339.28,393,814942,600,5065.58,564
69,2025,7,663,16433.13,662,24.82,16636.48,55.85,10977.85,419,908518,657,5670.05,618
69,2025,8,665,17180.76,662,25.95,17334.47,22.71,11796.76,438,872639,653,5964.33,621
69,2025,9,646,16298.61,641,25.43,16342.32,19.21,10821.81,411,792454,637,5532.28,604
69,2025,10,662,17052.86,662,25.76,17144.99,43.63,11555.13,440,844137,655,5942.31,631
69,2025,11,654,16883.47,652,25.89,16981.9,25.18,11637.17,434,826218,645,5744.06,612
69,2025,12,637,16954.88,636,26.66,17062.46,65.08,11400.8,414,869699,631,5827.65,604
69,2025,13,603,15383.58,601,25.6,15774.71,95.63,10595.0,396,730745,592,5316.8,563
69,2025,14,660,16775.32,657,25.53,16834.75,31.92,11359.48,431,877492,653,5701.05,613
69,2025,15,655,16767.13,654,25.64,16853.45,51.32,11446.43,434,791940,647,5786.71,617
69,2025,16,646,16440.44,643,25.57,16506.17,40.23,10897.86,414,864630,636,5623.81,601
69,2025,17,627,16422.37,627,26.19,16520.78,55.41,11338.93,428,865617,622,5823.23,603
69,2025,18,636,16524.51,631,26.19,16824.37,90.66,11541.41,425,821438,621,5659.56,584
69,2025,19,634,16538.47,633,26.13,16650.87,67.4,11275.01,418,842935,629,5717.82,595
69,2025,20,639,16989.99,636,26.71,17098.47,36.48,11570.56,438,853560,630,5774.17,596
69,2025,21,623,16684.69,623,26.78,16757.79,54.6,11375.68,428,773936,617,5682.1,593
69,2025,22,596,15089.07,594,25.4,15211.61,57.54,10404.85,392,744313,590,5206.79,559
69,2025,23,577,14564.08,576,25.28,14704.84,64.26,10251.97,391,759222,571,4888.27,536
69,2025,24,578,14982.45,577,25.97,15097.79,65.84,10451.3,395,755198,575,5193.45,553
69,2025,25,549,13371.97,549,24.36,13491.64,53.67,9262.76,358,623705,540,4599.62,503
69,2025,26,552,14241.07,552,25.8,14437.99,67.92,9667.86,363,712310,544,4848.4,513
69,2025,27,575,14286.67,570,25.06,14359.77,52.85,9740.48,378,741240,569,4940.24,542
69,2025,28,552,14367.55,552,26.03,14465.09,66.54,10057.25,378,707314,543,4957.21,515
69,2025,29,573,15057.32,571,26.37,15119.75,38.93,9439.74,360,736147,563,5068.51,530
69,2025,30,517,13202.62,515,25.64,13296.75,77.63,8595.67,325,672073,507,4537.42,479
69,2025,31,556,14235.29,556,25.6,14318.57,39.21,9155.34,348,724983,551,4856.1,509
69,2025,32,586,15530.37,586,26.5,15622.79,29.12,10271.16,387,784922,583,5331.75,549
69,2025,33,614,15765.85,613,25.72,15870.83,65.48,10914.76,405,758776,607,5523.19,575
69,2025,34,553,14369.34,551,26.08,14437.5,44.16,9445.71,357,698588,545,4936.07,520
69,2025,35,564,15116.7,563,26.85,15187.64,55.44,10266.42,377,735323,559,5181.7,529
69,2025,36,609,15853.8,607,26.12,15942.79,51.99,10398.35,387,769664,603,5533.8,566
69,2025,37,570,14905.84,568,26.24,15055.78,39.94,9672.27,359,752229,565,5141.96,531
69,2025,38,600,16244.68,597,27.21,16389.86,86.93,10910.32,413,736585,591,5674.72,571
69,2025,39,606,16345.9,605,27.02,16388.63,25.23,11647.03,435,785681,603,5748.16,582
69,2025,40,566,15205.36,562,27.06,15415.68,81.32,9483.53,367,718911,559,5225.34,535
69,2025,41,386,10648.06,384,27.73,10734.01,18.2,5554.97,210,537292,381,3367.29,354
69,2025,42,328,9264.8,327,28.33,9299.84,14.04,4865.4,187,501049,321,2966.16,299
69,2025,43,307,8203.41,305,26.9,8257.8,32.89,3971.41,155,377794,299,2597.14,272
69,2025,44,266,7165.93,266,26.94,7201.64,10.21,3798.63,148,349388,263,2253.23,249
69,2025,45,339,9775.76,339,28.84,9826.34,32.58,5307.31,198,513312,339,3344.78,321
69,2025,46,371,9839.58,370,26.59,9940.39,11.8,5670.49,218,500480,365,3295.51,342
69,2025,47,339,8797.85,336,26.18,8852.31,11.46,4870.81,198,439122,334,2965.61,315
69,2025,48,284,8091.36,282,28.69,8132.89,28.53,4346.0,175,378968,278,2697.15,272
69,2025,49,391,10553.55,389,27.13,10612.76,27.21,5611.08,222,563766,385,3342.39,362
69,2025,50,354,9284.32,352,26.38,9368.31,28.69,5263.68,218,448737,344,3049.35,327
69,2025,51,364,9581.65,360,26.62,9650.73,36.08,5321.49,210,448141,350,3091.08,329
69,2025,52,258,6996.25,256,27.33,7069.03,56.28,3588.67,147,305978,254,2394.15,243
69,2026,1,292,7605.71,290,26.23,7677.39,31.78,3704.72,153,342254,285,2538.15,270
69,2026,2,379,9804.78,376,26.08,9885.71,25.93,5502.76,220,454793,374,3357.04,346
69,2026,3,327,9594.11,325,29.52,9639.03,32.42,5025.98,192,429119,321,3310.75,312
69,2026,4,283,7532.98,281,26.81,7584.4,26.42,3774.65,159,342476,278,2514.31,262
69,2026,5,331,9764.18,329,29.68,9842.03,48.35,4846.01,194,449300,326,3222.62,318
69,2026,6,374,10453.81,371,28.18,10562.52,43.71,5439.24,211,472076,364,3542.42,347
69,2026,7,386,10467.02,386,27.12,10575.51,54.49,5887.39,228,513930,383,3514.58,365
69,2026,8,339,9089.34,338,26.89,9129.1,15.26,4361.44,175,428194,337,3044.28,312
69,2026,9,372,10251.5,371,27.63,10285.62,18.87,5047.01,201,509032,370,3435.63,345
69,2026,10,408,10544.51,407,25.91,10620.93,44.92,5919.94,230,520476,405,3533.72,381
69,2026,11,404,10716.36,399,26.86,10840.98,70.67,5247.57,203,503463,393,3541.01,373
69,2026,12,419,11166.38,417,26.78,11250.61,22.23,4937.48,209,513900,411,3397.75,380
69,2026,13,301,8091.08,301,26.88,8178.41,76.83,4098.02,160,358784,294,2664.78,277
69,2026,14,453,11837.99,451,26.25,11949.06,60.57,6288.11,254,576816,444,3872.02,421
69,2026,15,378,10266.79,375,27.38,10316.34,23.55,5060.6,200,573438,370,3406.59,356
69,2026,16,394,10533.42,393,26.8,10742.98,71.81,5618.91,218,507078,387,3524.29,366
69,2026,17,389,10496.06,385,27.26,10565.16,28.6,4816.52,190,638213,377,3430.66,353
69,2026,18,361,9394.36,358,26.24,9465.11,22.75,4598.89,185,457379,354,3057.57,331
69,2026,19,380,9864.89,379,26.03,9934.49,39.6,5644.21,216,514528,374,3245.08,352
69,2026,20,398,10523.29,395,26.64,10615.34,66.55,5547.32,218,568425,393,3517.78,377
69,2026,21,392,10620.65,392,27.09,10739.41,62.26,5802.31,227,515325,389,3496.85,370
69,2026,22,325,9003.02,324,27.79,9107.31,82.29,4872.46,193,414692,321,2898.44,307
7,2024,1,1412,22773.7,1410,16.15,25983.61,2293.71,15007.7,904,1307027,1365,5409.09,1178
7,2024,2,1692,27545.71,1688,16.32,31309.94,3113.82,20577.78,1227,1566630,1649,6728.13,1440
7,2024,3,1903,31186.91,1900,16.41,35601.06,3666.75,23376.27,1411,1862896,1875,7819.35,1649
7,2024,4,2038,33450.41,2034,16.45,38358.44,3922.76,25500.56,1495,2189025,1990,8551.41,1779
7,2024,5,1861,30344.28,1854,16.37,34909.05,3391.43,22549.85,1322,1909891,1817,7694.5,1600
7,2024,6,1870,29938.93,1858,16.11,34291.14,3372.76,22151.67,1342,1764422,1822,7702.52,1643
7,2024,7,1987,33530.64,1983,16.91,38513.8,3897.4,25286.75,1429,1962836,1938,9027.71,1752
7,2024,8,1984,31877.25,1978,16.12,36735.27,3624.77,23928.56,1424,1955951,1938,8278.62,1724
7,2024,9,2187,35781.37,2166,16.52,41428.47,4254.95,27337.88,1595,2153882,2103,9231.53,1887
7,2024,10,2234,35898.96,2215,16.21,47334.85,4309.23,26738.28,1632,2254325,2168,9010.89,1939
7,2024,11,2846,43961.86,2820,15.59,51353.26,5683.65,33423.55,2102,2709819,2761,10875.25,2448
7,2024,12,2598,42748.31,2567,16.65,49453.25,5421.01,33387.98,1948,2526222,2491,11204.37,2218
7,2024,13,2173,32812.22,2157,15.21,37823.06,3951.94,24884.42,1586,1971444,2119,8144.44,1865
7,2024,14,2377,36090.98,2348,15.37,42035.69,4512.83,27444.92,1746,2186969,2308,9205.52,2090
7,2024,15,2262,37789.19,2234,16.92,43683.4,4726.27,29648.92,1675,2180192,2161,9899.06,1945
7,2024,16,2836,45792.82,2804,16.33,52344.56,5390.86,35865.96,2151,2848607,2748,11819.27,2449
7,2024,17,2790,44235.8,2765,16.0,50419.36,4864.75,35253.18,2133,2826942,2701,11610.2,2409
7,2024,18,2976,48092.77,2948,16.31,55288.16,5468.04,37791.1,2272,3033004,2879,12583.12,2588
7,2024,19,2911,47472.63,2886,16.45,54930.57,5908.39,37812.78,2237,2988456,2835,12369.78,2537
7,2024,20,3097,51273.57,3074,16.68,59479.79,6679.65,40854.32,2398,3266678,3021,13108.16,2662
7,2024,21,2881,48942.95,2842,17.22,56382.62,6062.46,39447.51,2203,3191731,2777,12507.25,2448
7,2024,22,3041,47505.84,3013,15.77,54669.95,5349.76,38479.3,2374,2984883,2971,11522.32,2587
7,2024,23,3303,53100.18,3272,16.23,61260.7,6462.77,42347.83,2547,3315277,3230,13315.17,2844
7,2024,24,3027,47081.07,2998,15.7,54968.71,6320.23,37492.78,2312,2910511,2958,11705.8,2606
7,2024,25,3167,48667.08,3139,15.5,56885.45,6508.57,38951.71,2483,3019841,3092,11824.1,2677
7,2024,26,2817,44676.15,2793,16.0,52213.69,5996.45,36045.67,2173,2808906,2757,11098.22,2413
7,2024,27,2188,32838.42,2167,15.15,38015.74,3697.53,24325.72,1584,2052623,2134,8217.78,1852
7,2024,28,2506,39609.75,2490,15.91,45602.41,4783.08,30942.06,1871,2466284,2464,9694.82,2146
7,2024,29,2687,42670.51,2664,16.02,49496.76,5087.55,33245.98,2022,2781714,2627,10801.32,2289
7,2024,30,2505,40191.96,2485,16.17,46321.51,4936.65,30545.58,1845,2466762,2441,10340.62,2154
7,2024,31,2523,40599.49,2499,16.25,47033.43,4901.44,31962.97,1863,2519823,2464,9808.43,2149
7,2024,32,2706,43114.19,2688,16.04,49740.0,5052.46,33159.23,2013,2784471,2663,10955.0,2345
7,2024,33,2414,38382.81,2394,16.03,44272.15,4691.37,29448.69,1806,2285483,2369,9511.0,2073
7,2024,34,2185,35507.81,2171,16.36,41012.16,3813.25,27045.2,1592,2202691,2148,9759.07,1835
7,2024,35,2551,41610.83,2539,16.39,47822.8,4824.23,31860.82,1922,2623425,2505,10839.96,2201
7,2024,36,2317,36003.65,2303,15.63,41329.49,4192.77,27936.85,1701,2284178,2275,9146.58,1958
7,2024,37,2445,39702.76,2433,16.32,45825.44,4757.68,30416.51,1790,2492374,2412,10558.71,2114
7,2024,38,2661,42703.17,2637,16.19,49577.14,5330.87,32897.99,1966,2857388,2603,10974.69,2290
7,2024,39,2572,43639.15,2557,17.07,50335.43,5438.03,34743.73,1924,2562372,2529,11062.25,2253
7,2024,40,2423,39579.51,2406,16.45,45037.28,4543.04,30035.83,1751,2383891,2377,10067.08,2082
7,2024,41,2533,42460.44,2517,16.87,49134.25,5134.31,33609.82,1930,2620740,2487,10576.01,2169
7,2024,42,2862,47826.49,2838,16.85,55084.45,5773.96,38115.7,2183,2947318,2801,11976.36,2453
7,2024,43,2573,43008.26,2560,16.8,49603.54,5204.96,34286.67,1975,2691921,2525,11013.33,2256
7,2024,44,2372,37144.78,2353,15.79,42311.9,4269.12,28780.78,1734,2318948,2333,9569.39,2086
7,2024,45,2489,41416.88,2469,16.77,48329.69,4977.69,32478.86,1879,2576260,2444,10395.29,2171
7,2024,46,2624,44128.04,2606,16.93,50559.35,5245.46,35075.98,1984,2673213,2574,10798.45,2284
7,2024,47,2940,49741.67,2918,17.05,57197.92,5897.24,40374.43,2313,3087442,2891,12420.65,2587
7,2024,48,1811,30704.52,1795,17.11,34862.61,3346.72,23252.96,1310,1796488,1780,8100.35,1567
7,2024,49,2841,45272.1,2801,16.16,52006.52,5379.52,36696.23,2180,2806125,2773,11183.03,2464
7,2024,50,3338,51210.52,3316,15.44,58633.19,6128.17,41652.95,2641,3206686,3289,12386.21,2996
7,2024,51,3099,50587.69,3081,16.42,57848.78,5887.75,39996.06,2362,2980262,3055,12884.72,2769
7,2024,52,1683,27536.48,1664,16.55,31526.82,2889.56,19382.9,1151,1494521,1645,7333.3,1497
7,2025,1,1652,26494.5,1639,16.17,30096.24,2563.24,19247.84,1138,1566274,1625,6530.22,1446
7,2025,2,1943,30382.41,1930,15.74,34417.62,3201.86,23443.17,1446,1908410,1907,7640.98,1713
7,2025,3,2015,32238.5,2009,16.05,36815.9,3407.06,24379.92,1503,1981948,1995,8516.93,1833
7,2025,4,1979,31147.41,1968,15.83,36275.75,3481.01,24096.3,1492,1785096,1949,8025.23,1729
7,2025,5,2140,32861.62,2133,15.41,37786.65,3488.52,24725.19,1574,2046533,2114,8623.8,1906
7,2025,6,2098,33354.59,2088,15.97,38110.04,3334.2,25383.6,1543,1957113,2067,8765.57,1882
7,2025,7,2574,39487.52,2561,15.42,45185.92,4210.14,32142.82,2074,2479915,2542,10205.35,2405
7,2025,8,2361,37238.14,2353,15.83,42246.43,3747.28,29927.84,1889,2286296,2337,10124.32,2220
7,2025,9,2346,37738.87,2335,16.16,43209.63,3978.75,30103.84,1828,2263688,2319,10248.14,2185
7,2025,10,2630,41518.23,2619,15.85,48079.35,4356.87,32265.54,2028,2653155,2593,10913.25,2429
7,2025,11,3419,53513.82,3414,15.67,61387.75,5517.91,44615.25,2825,3291066,3378,13382.26,3198
7,2025,12,3011,47977.9,3005,15.97,54514.36,4909.4,39213.79,2440,2954012,2979,12550.17,2820
7,2025,13,2318,37338.38,2310,16.16,42746.02,4002.08,28963.04,1757,2116609,2293,9845.02,2134
7,2025,14,2763,44020.54,2757,15.97,50152.42,4632.38,35602.31,2203,2799362,2738,11248.59,2544
7,2025,15,2700,42791.14,2685,15.94,48463.76,4172.91,34286.64,2107,2679051,2670,11266.72,2511
7,2025,16,2769,44536.02,2757,16.15,50393.95,4390.93,35552.82,2145,2712747,2728,11324.72,2572
7,2025,17,2822,44511.43,2807,15.86,51228.56,4650.13,36609.06,2270,2781284,2779,11395.6,2592
7,2025,18,2757,44463.55,2743,16.21,50043.88,4258.08,36098.95,2160,2747303,2726,11612.73,2558
7,2025,19,3117,50257.31,3098,16.22,57073.72,4670.24,41313.3,2520,3126256,3067,12547.47,2886
7,2025,20,3831,64265.35,3822,16.81,72911.43,6161.62,53827.25,3194,4374530,3788,16368.0,3591
7,2025,21,3306,54309.63,3296,16.48,61123.85,4911.18,45318.8,2687,3367112,3271,13668.37,3061
7,2025,22,3088,48827.86,3075,15.88,55755.55,4569.59,41002.08,2524,3046690,3047,11999.85,2855
7,2025,23,3735,60354.73,3719,16.23,67904.06,5392.32,51320.08,3143,3833930,3698,15144.32,3528
7,2025,24,4023,62839.74,4014,15.66,71478.04,5807.97,53434.45,3366,3957840,3980,15353.26,3746
7,2025,25,3846,61012.85,3834,15.91,69451.83,5883.77,51749.08,3223,3831275,3807,15005.53,3609
7,2025,26,3591,57363.02,3575,16.05,65198.83,5555.25,49219.17,3039,3655830,3547,13964.69,3347
7,2025,27,2489,39077.79,2477,15.78,44291.69,3689.15,30222.08,1908,2563874,2456,9385.28,2271
7,2025,28,2828,44019.44,2819,15.62,50308.15,4202.21,35514.73,2244,2878635,2791,10733.23,2615
7,2025,29,3255,52161.38,3246,16.07,59511.37,5267.45,42826.74,2638,3300784,3214,12689.01,3031
7,2025,30,2987,47363.85,2969,15.95,54146.77,4598.3,38569.84,2390,2929661,2946,11543.97,2740
7,2025,31,3107,50035.37,3090,16.19,57146.95,4742.62,41218.94,2514,3114389,3062,11914.77,2856
7,2025,32,2997,48653.91,2991,16.27,54824.43,4275.01,40093.87,2435,3010203,2966,12186.3,2776
7,2025,33,3409,54784.82,3392,16.15,62514.46,5178.63,45058.31,2765,3685314,3351,12860.93,3148
7,2025,34,2837,46095.51,2825,16.32,52872.87,4515.41,37466.0,2229,2859635,2801,11449.4,2604
7,2025,35,3167,51703.47,3154,16.39,58660.79,4667.0,43871.81,2628,3318954,3115,12571.24,2941
7,2025,36,2837,43434.14,2829,15.35,49138.26,3812.58,34915.46,2235,2624854,2791,10629.93,2618
7,2025,37,3182,52361.88,3167,16.53,59143.02,4817.7,42668.77,2550,3148701,3141,12543.44,2914
7,2025,38,3703,60846.83,3694,16.47,68563.44,5198.42,51372.55,3101,3800073,3655,14944.68,3470
7,2025,39,3354,54927.73,3341,16.44,61937.8,4582.77,46422.17,2781,3358914,3311,13598.22,3120
7,2025,40,3443,54017.22,3430,15.75,61132.84,4566.68,45832.68,2864,3321637,3384,12836.21,3195
7,2025,41,3434,55010.89,3417,16.1,62690.34,4878.79,46986.25,2852,3381226,3383,13228.04,3187
7,2025,42,3541,57804.09,3529,16.38,65220.49,5034.75,49829.91,3013,3981272,3499,13711.62,3308
7,2025,43,3294,51464.6,3285,15.67,58393.96,4412.11,43119.7,2718,3233021,3261,12210.6,3093
7,2025,44,3151,49547.46,3143,15.76,55744.08,4363.97,42108.3,2609,3013429,3112,11687.0,2923
7,2025,45,2885,44953.07,2881,15.6,51028.12,4253.44,37142.89,2359,2825216,2854,10926.61,2688
7,2025,46,3014,46842.59,2999,15.62,53575.74,4485.82,39073.99,2480,2949470,2966,11152.18,2800
7,2025,47,3194,50724.32,3177,15.97,57609.25,4915.08,43015.77,2637,3178137,3156,11958.06,2988
7,2025,48,2268,36074.67,2258,15.98,41161.77,3483.59,29233.78,1783,2085854,2240,8824.93,2078
7,2025,49,4084,61853.76,4073,15.19,69904.71,5582.04,54120.43,3563,4272106,4051,14561.58,3876
7,2025,50,4204,62767.71,4196,14.96,71089.87,5735.18,55061.31,3672,3990911,4168,14627.44,4008
7,2025,51,3813,56581.02,3804,14.87,64030.68,5210.12,48959.71,3240,3447912,3773,13624.36,3599
7,2025,52,1996,31514.44,1983,15.89,35791.94,2915.6,24174.17,1524,1658931,1964,7713.55,1861
7,2026,1,1789,25998.37,1778,14.62,30360.11,2547.48,20517.53,1395,1361627,1759,5820.78,1642
7,2026,2,2467,36342.75,2461,14.77,41364.12,3162.66,30032.63,2017,2151256,2446,8691.85,2321
7,2026,3,3194,45382.45,3184,14.25,50596.82,3449.93,38596.21,2725,2940791,3162,10687.86,3042
7,2026,4,2894,39991.06,2887,13.85,44638.55,3102.79,34607.27,2502,2408631,2872,9252.31,2761
7,2026,5,3092,44282.19,3085,14.35,49638.69,3582.99,38009.46,2692,2721458,3069,10410.25,2961
7,2026,6,2899,42232.37,2894,14.59,47163.63,3448.76,35440.31,2463,2521912,2877,10040.34,2758
7,2026,7,2634,40292.85,2625,15.35,45464.44,3400.59,34399.14,2178,2461700,2594,9695.22,2473
7,2026,8,2481,38771.64,2474,15.67,43879.69,3558.81,31701.07,2013,2210882,2446,9260.22,2331
7,2026,9,2578,38812.67,2573,15.08,44016.97,3602.79,32505.3,2132,2356096,2545,9037.99,2408
7,2026,10,2899,46005.81,2891,15.91,51826.36,4090.3,38847.59,2395,2721051,2851,10679.43,2702
7,2026,11,4188,64287.55,4176,15.39,72240.76,5035.48,56919.51,3698,3915936,4137,14528.58,3982
7,2026,12,4363,65113.78,4354,14.95,72570.42,4811.14,58089.3,3866,3831983,4338,15345.28,4176
7,2026,13,3033,44375.34,3015,14.72,50112.55,3511.69,37596.28,2556,2463035,2976,10153.45,2823
7,2026,14,3410,50492.12,3399,14.85,56508.74,3705.37,43780.16,2924,2877166,3374,11634.23,3227
7,2026,15,3587,54542.05,3573,15.27,60419.75,3774.02,47198.06,3124,3257749,3546,12146.57,3392
7,2026,16,3663,56246.45,3655,15.39,63479.81,4381.51,49316.2,3174,3379011,3625,13015.26,3453
7,2026,17,4111,61366.6,4100,14.97,68092.76,4114.93,54371.09,3590,3729201,4063,13631.67,3891
7,2026,18,4118,61646.12,4108,15.01,68860.45,4570.96,54544.87,3615,3924517,4076,14198.51,3920
7,2026,19,4448,68131.15,4427,15.39,75327.02,4535.02,60925.13,3921,4218183,4388,15462.54,4236
7,2026,20,4943,77822.17,4926,15.8,86373.9,5188.85,70445.05,4437,4913570,4893,17843.65,4728
7,2026,21,4866,75843.32,4855,15.62,84269.24,5018.12,67676.21,4336,4674889,4825,17186.83,4619
7,2026,22,4897,72296.7,4884,14.8,79505.3,4112.68,65364.54,4414,4464813,4857,15905.86,4688
70,2024,1,82,2368.97,82,28.89,2443.23,59.26,1301.75,42,120265,80,578.71,71
70,2024,2,100,2472.21,100,24.72,2546.44,35.83,1381.89,54,153105,100,602.02,91
70,2024,3,77,2321.35,77,30.15,2465.18,91.83,1048.5,32,139180,75,446.15,70
70,2024,4,81,2219.78,81,27.4,2268.35,12.57,1088.25,40,154360,79,544.61,71
70,2024,5,93,2760.58,93,29.68,2816.0,18.88,1315.25,45,162597,92,712.15,83
70,2024,6,104,2830.06,103,27.48,2859.52,23.96,1151.0,43,175204,99,659.75,87
70,2024,7,98,2788.87,98,28.46,2815.52,20.15,1307.75,46,165613,95,714.28,89
70,2024,8,85,2647.85,85,31.15,2744.4,66.05,996.25,32,152708,83,722.75,80
70,2024,9,114,3183.4,110,28.94,3216.47,3.57,1306.75,44,196081,107,789.26,99
70,2024,10,104,2861.24,104,27.51,2947.68,44.19,1372.5,50,230476,102,784.94,96
70,2024,11,119,3286.93,118,27.86,3415.52,2.09,1458.5,54,212360,115,885.19,107
70,2024,12,105,2715.46,104,26.11,2733.87,5.41,1365.93,53,155060,103,736.58,91
70,2024,13,118,3538.06,117,30.24,3608.39,47.33,1739.5,62,195138,108,891.76,101
70,2024,14,130,3540.89,130,27.24,3603.72,51.33,1940.25,71,243014,130,1106.13,123
70,2024,15,92,2510.26,91,27.59,2553.81,9.05,1281.0,48,146937,88,724.01,86
70,2024,16,105,2776.55,103,26.96,2815.05,24.5,1589.1,60,176661,101,907.65,96
70,2024,17,99,2815.83,99,28.44,2844.64,17.31,1378.51,46,172327,98,783.65,89
70,2024,18,105,2915.71,104,28.04,2969.41,13.7,1623.13,58,193221,102,888.24,91
70,2024,19,94,2663.16,93,28.64,2758.56,39.46,1281.5,40,166506,89,786.6,80
70,2024,20,99,2558.7,99,25.85,2608.29,11.05,1467.25,53,242747,96,828.75,91
70,2024,21,95,2718.09,93,29.23,2823.64,39.05,1210.68,47,155882,93,813.47,84
70,2024,22,95,2447.84,93,26.32,2686.93,11.59,1387.67,54,163485,92,751.08,80
70,2024,23,101,2480.56,98,25.31,2524.25,13.19,1379.4,56,153235,98,746.44,87
70,2024,24,103,2848.9,103,27.66,2934.22,10.32,1557.25,58,175995,102,862.84,91
70,2024,25,113,2889.88,113,25.57,2975.77,26.39,1682.64,67,179400,109,891.27,99
70,2024,26,102,2791.33,101,27.64,2862.21,60.88,1427.4,47,152444,100,758.5,89
70,2024,27,110,3008.52,110,27.35,3029.91,12.39,1724.84,65,186872,109,1044.27,100
70,2024,28,108,2956.3,107,27.63,3005.11,28.31,1651.25,58,192000,106,987.5,99
70,2024,29,106,3119.42,105,29.71,3192.18,29.26,1623.25,59,197494,103,1016.36,100
70,2024,30,98,3108.71,98,31.72,3164.95,38.74,1337.75,48,163697,96,888.99,94
70,2024,31,103,2861.7,103,27.78,2931.09,49.89,1733.85,64,179720,99,913.62,92
70,2024,32,92,2528.95,91,27.79,2679.68,56.23,1667.0,57,169159,91,845.54,86
70,2024,33,97,2711.0,97,27.95,2836.93,31.93,1527.53,57,246623,96,876.39,87
70,2024,34,101,2957.71,101,29.28,3013.92,40.21,1817.5,66,181837,101,1020.07,99
70,2024,35,121,3323.31,120,27.69,3391.45,43.64,1863.55,67,193031,119,1019.83,107
70,2024,36,105,2930.62,105,27.91,3055.13,71.93,1987.69,69,185535,104,953.48,102
70,2024,37,107,3069.7,106,28.96,3125.41,9.46,1731.7,65,186995,105,990.88,101
70,2024,38,119,3386.29,117,28.94,3459.72,37.43,1945.21,72,215904,115,1014.26,107
70,2024,39,132,3550.92,132,26.9,3626.96,37.54,2126.35,81,243095,131,1153.79,125
70,2024,40,127,3741.06,127,29.46,3853.0,50.69,2286.48,85,260212,125,1175.58,120
70,2024,41,111,3194.72,111,28.78,3246.07,14.35,1878.5,68,189270,110,1065.97,106
70,2024,42,125,3849.87,125,30.8,3971.37,69.0,2471.25,80,236107,122,1166.22,117
70,2024,43,124,3501.24,124,28.24,3548.55,27.31,2177.25,78,252789,123,1181.02,116
70,2024,44,150,3924.8,148,26.52,4033.14,49.84,2603.43,93,236735,145,1292.95,131
70,2024,45,127,3210.5,127,25.28,3273.16,32.66,2335.18,84,208805,126,1073.92,116
70,2024,46,89,2505.53,89,28.15,2536.57,6.04,1506.75,58,160660,88,844.5,86
70,2024,47,111,2649.68,109,24.31,2707.81,6.62,2022.25,76,178923,107,885.72,101
70,2024,48,95,2723.66,95,28.67,2845.73,28.57,1749.39,63,159300,95,871.36,92
70,2024,49,101,2681.79,101,26.55,2754.72,39.43,1999.47,73,168944,101,891.79,98
70,2024,50,119,2950.95,119,24.8,3019.55,23.6,2208.09,87,189116,118,992.67,110
70,2024,51,114,3110.67,114,27.29,3139.9,2.23,2016.76,73,229994,110,1018.07,108
70,2024,52,106,2954.87,106,27.88,2981.59,17.22,1621.76,61,188644,106,962.1,97
70,2025,1,75,2225.64,75,29.68,2293.62,41.88,1316.25,45,129340,75,762.1,72
70,2025,2,92,2518.99,91,27.68,2537.06,9.07,1497.75,56,168456,91,812.43,85
70,2025,3,75,2229.26,75,29.72,2238.26,6.5,1061.25,39,138909,74,791.35,72
70,2025,4,76,1931.29,76,25.41,1935.94,3.65,1087.75,43,124900,76,638.98,75
70,2025,5,88,2390.67,88,27.17,2415.64,11.97,1514.75,56,150921,87,816.65,84
70,2025,6,90,2451.22,90,27.24,2475.79,6.57,1709.2,66,168845,90,776.55,86
70,2025,7,93,2305.74,93,24.79,2324.57,8.83,1631.74,64,150319,93,738.46,86
70,2025,8,74,1920.41,74,25.95,1976.31,26.9,1121.55,45,131341,72,577.62,68
70,2025,9,95,2371.28,95,24.96,2402.52,29.24,1564.8,61,151213,93,787.56,87
70,2025,10,104,2637.12,104,25.36,2681.53,10.66,1472.96,56,175190,103,858.87,95
70,2025,11,110,2941.25,110,26.74,2983.88,21.63,1911.19,73,193429,110,988.18,106
70,2025,12,112,3113.31,112,27.8,3190.23,52.92,2287.94,81,195056,109,1061.04,105
70,2025,13,104,2575.97,104,24.77,2608.64,16.17,1983.65,74,167078,103,863.64,96
70,2025,14,111,2978.67,110,27.08,3235.65,57.53,1928.08,74,189232,109,1001.31,103
70,2025,15,114,3089.94,114,27.1,3122.94,14.5,2019.5,75,189484,112,1051.1,112
70,2025,16,105,2881.04,105,27.44,2898.84,6.8,2116.5,74,189677,105,987.87,102
70,2025,17,135,3669.27,134,27.38,3755.02,42.0,2579.35,90,218219,132,1223.16,122
70,2025,18,128,3144.56,126,24.96,3280.0,75.94,2422.09,86,206824,124,1048.96,116
70,2025,19,132,3660.89,130,28.16,3736.53,51.64,2418.77,89,225857,128,1120.2,120
70,2025,20,107,2885.9,107,26.97,2927.15,32.75,1924.95,71,182998,105,995.76,102
70,2025,21,138,3771.5,138,27.33,3881.9,86.4,2762.78,95,226719,138,1163.4,130
70,2025,22,121,3377.95,119,28.39,3409.78,22.83,2429.0,85,204895,118,1146.77,112
70,2025,23,114,3044.17,113,26.94,3099.54,34.37,2355.43,85,191773,111,1043.2,110
70,2025,24,96,2481.11,96,25.84,2493.3,4.19,2053.9,74,147906,93,859.62,91
70,2025,25,91,2515.59,91,27.64,2538.6,7.01,1927.08,68,144692,90,868.63,87
70,2025,26,126,3417.17,126,27.12,3462.2,28.53,2502.55,91,223447,125,1149.66,123
70,2025,27,128,3298.51,127,25.97,3321.66,13.64,2147.75,79,192756,123,1055.82,114
70,2025,28,131,3599.83,130,27.69,3642.29,6.46,2390.91,87,223536,129,1190.53,122
70,2025,29,109,3248.47,109,29.8,3300.07,22.6,2157.33,76,186014,107,1105.63,105
70,2025,30,119,3040.16,117,25.98,3071.85,22.19,2211.75,80,175774,115,1032.3,110
70,2025,31,122,3204.59,120,26.7,3255.33,39.74,2101.25,78,200980,119,1040.6,108
70,2025,32,116,3080.4,116,26.56,3138.76,33.36,2370.37,87,178176,116,1030.23,108
70,2025,33,125,3937.03,125,31.5,3987.1,28.57,2525.44,86,287639,124,1346.27,118
70,2025,34,142,3753.27,141,26.62,3891.37,46.6,2680.41,95,232090,137,1258.27,132
70,2025,35,143,3895.59,143,27.24,3927.67,28.58,2640.32,97,236180,142,1294.16,135
70,2025,36,135,3809.66,135,28.22,3812.71,1.05,2759.39,95,229499,134,1300.24,129
70,2025,37,115,3137.39,115,27.28,3149.89,12.0,2032.54,74,197801,115,1058.7,112
70,2025,38,144,4511.35,144,31.33,4617.6,56.25,3012.75,93,250048,144,1415.08,137
70,2025,39,151,4669.15,151,30.92,4728.82,46.67,2714.28,93,279160,149,1481.4,139
70,2025,40,114,3404.93,114,29.87,3424.55,13.62,2165.78,76,203407,114,1179.29,111
70,2025,41,73,2297.77,73,31.48,2304.37,6.1,1168.18,40,168562,73,758.61,68
70,2025,42,65,1952.31,64,30.5,1979.05,9.24,1152.5,40,128494,64,647.02,60
70,2025,43,78,2362.74,78,30.29,2373.68,8.94,953.0,35,131910,78,782.37,73
70,2025,44,67,2007.4,67,29.96,2045.04,21.64,1028.0,35,113817,66,657.03,64
70,2025,45,84,2791.3,83,33.63,2793.07,0.77,1158.5,41,158513,83,989.83,82
70,2025,46,76,2272.18,76,29.9,2274.18,0.0,1182.25,39,129293,75,734.68,73
70,2025,47,91,2655.65,91,29.18,2664.51,4.86,1066.5,41,152121,90,859.76,85
70,2025,48,70,2173.93,70,31.06,2221.32,32.39,1265.95,41,129556,70,765.78,69
70,2025,49,76,2152.3,75,28.7,2193.22,21.42,1161.91,42,124426,73,647.3,68
70,2025,50,68,2147.25,68,31.58,2178.71,20.46,1124.25,37,124749,66,754.58,63
70,2025,51,86,2395.54,84,28.52,2406.39,4.35,1315.15,48,138467,81,803.31,76
70,2025,52,76,2132.82,74,28.82,2143.43,8.61,1109.75,38,124890,73,689.65,71
70,2026,1,83,2446.47,81,30.2,2463.79,14.82,1160.95,41,135051,79,855.84,78
70,2026,2,72,2218.88,72,30.82,2259.53,27.15,1019.04,36,141457,72,717.36,67
70,2026,3,97,2840.36,95,29.9,2895.9,1.54,1136.25,39,168000,93,912.47,81
70,2026,4,63,1992.26,63,31.62,2010.76,6.5,757.25,25,119001,62,669.66,55
70,2026,5,82,2295.55,82,27.99,2303.07,0.02,980.34,36,139289,82,710.98,72
70,2026,6,82,2863.92,82,34.93,2871.18,6.26,1048.75,36,169432,80,920.65,74
70,2026,7,83,2635.08,83,31.75,2648.39,9.81,975.95,32,157841,83,887.73,81
70,2026,8,71,2019.3,70,28.85,2064.7,13.9,982.42,38,107618,70,631.49,61
70,2026,9,87,2654.0,87,30.51,2662.74,7.24,903.5,33,151951,85,866.33,77
70,2026,10,114,3494.73,114,30.66,3503.3,0.07,1595.33,52,206962,114,1140.98,109
70,2026,11,99,2847.12,99,28.76,2849.21,0.09,1035.59,37,153885,98,875.2,92
70,2026,12,83,2533.98,83,30.53,2539.43,4.95,845.51,31,142610,82,821.79,77
70,2026,13,75,2154.69,75,28.73,2171.35,16.16,1076.75,41,128207,75,723.86,74
70,2026,14,75,2162.29,74,29.22,2196.65,11.36,1064.81,39,133340,72,700.66,71
70,2026,15,87,2519.54,86,29.3,2542.7,20.66,1166.82,40,163797,85,803.57,83
70,2026,16,86,2562.32,86,29.79,2596.59,21.77,1038.25,36,153532,82,864.16,81
70,2026,17,79,2335.41,79,29.56,2383.91,31.5,921.79,31,129215,79,722.79,70
70,2026,18,87,2449.58,87,28.16,2457.15,0.07,952.92,36,141197,87,805.33,82
70,2026,19,102,3154.28,101,31.23,3185.06,19.78,1465.64,50,196898,99,1048.1,95
70,2026,20,102,2807.51,102,27.52,2893.05,37.54,1392.94,51,174006,101,924.78,95
70,2026,21,86,2465.91,86,28.67,2514.16,26.76,760.13,29,156284,86,753.51,80
70,2026,22,66,1886.9,66,28.59,1908.0,17.1,911.3,33,107809,66,605.49,62
71,2024,1,193,5147.74,191,26.95,5212.5,49.76,2293.0,89,261845,186,1377.86,163
71,2024,2,230,7034.0,230,30.58,7045.07,6.57,3075.75,111,387204,226,1895.6,210
71,2024,3,190,5380.75,190,28.32,5425.19,38.44,2762.55,105,307663,188,1421.4,170
71,2024,4,250,7360.54,249,29.56,7396.97,22.93,3267.86,115,425403,244,2035.47,221
71,2024,5,251,7475.07,251,29.78,7492.64,13.57,2946.66,108,448915,248,2118.4,225
71,2024,6,240,7072.26,238,29.72,7098.52,18.26,3486.5,123,376820,234,2034.78,217
71,2024,7,265,7265.36,265,27.42,7292.56,13.05,3351.25,130,376325,257,2009.64,228
71,2024,8,249,7022.82,248,28.32,7059.91,26.59,3514.15,126,368578,243,2144.94,222
71,2024,9,270,7483.56,267,28.03,7540.29,11.98,3628.08,133,396798,258,2158.56,222
71,2024,10,250,7204.31,250,28.82,7249.94,10.63,3840.97,139,381100,246,2219.53,222
71,2024,11,233,6586.22,232,28.39,6671.32,10.6,3648.5,133,353608,229,1994.65,211
71,2024,12,239,7096.96,238,29.82,7127.04,26.58,3483.92,127,427560,236,2005.01,206
71,2024,13,285,8295.53,284,29.21,8372.92,34.39,4113.68,153,416737,282,2663.27,258
71,2024,14,241,6922.23,238,29.09,6961.97,34.74,3626.0,133,358756,234,2091.63,217
71,2024,15,213,6192.93,212,29.21,6237.02,42.09,2781.0,99,353631,208,1847.21,196
71,2024,16,303,8197.92,303,27.06,8256.46,37.04,4246.38,160,454214,296,2557.42,265
71,2024,17,299,8435.53,299,28.21,8562.58,39.55,4338.11,162,456618,289,2521.19,261
71,2024,18,296,8085.86,294,27.5,8198.93,27.07,3865.33,148,453143,285,2407.43,245
71,2024,19,296,8213.14,294,27.94,8313.09,58.45,4411.46,162,489441,289,2483.0,261
71,2024,20,245,6885.93,244,28.22,6926.67,30.24,3240.63,120,388758,241,2105.97,220
71,2024,21,269,7671.4,268,28.62,7721.27,44.37,3313.99,128,420995,265,2310.35,235
71,2024,22,269,7659.01,269,28.47,7726.62,55.11,3942.62,147,422430,265,2265.35,231
71,2024,23,267,7612.59,267,28.51,7683.64,39.55,3722.78,136,427481,266,2387.53,228
71,2024,24,245,6776.74,244,27.77,6845.6,38.31,3362.5,128,360188,237,2031.52,211
71,2024,25,245,6927.75,245,28.28,7155.91,87.16,3600.72,129,367887,243,2169.29,217
71,2024,26,280,7578.71,279,27.16,7628.63,28.92,3762.75,148,471403,276,2303.18,239
71,2024,27,246,6572.45,241,27.27,6627.27,23.82,3438.39,139,399710,241,1916.55,210
71,2024,28,271,8218.17,269,30.55,8393.46,20.79,3781.87,143,417537,265,2418.74,232
71,2024,29,298,9161.49,296,30.95,9226.04,37.55,3977.0,145,485111,295,2877.02,250
71,2024,30,295,8145.79,293,27.8,8218.0,41.21,4601.48,172,434971,291,2716.65,264
71,2024,31,281,7992.35,280,28.54,8055.61,41.26,4012.91,151,443706,280,2680.24,261
71,2024,32,269,7875.05,269,29.28,7897.94,8.89,4073.39,149,408249,265,2477.2,244
71,2024,33,287,8573.69,286,29.98,8664.97,43.78,4133.21,146,430139,282,2775.43,260
71,2024,34,325,9303.65,323,28.8,9351.17,32.99,4393.43,163,457103,317,3022.5,289
71,2024,35,299,8649.24,298,29.02,8698.16,44.92,4017.19,151,464347,294,2862.74,278
71,2024,36,284,8497.62,283,30.03,8520.2,13.58,4214.15,151,516643,280,2885.01,266
71,2024,37,294,8741.84,292,29.94,8809.49,41.65,4105.84,155,455867,291,2877.92,275
71,2024,38,313,8819.0,311,28.36,8936.61,55.61,4578.01,172,476332,310,2777.67,285
71,2024,39,250,7626.85,249,30.63,7660.59,22.74,3796.5,135,397527,245,2556.93,235
71,2024,40,307,8496.41,307,27.68,8617.55,57.14,4904.63,181,461044,300,2799.66,284
71,2024,41,288,8002.11,286,27.98,8221.32,49.96,4043.85,156,435851,279,2634.51,258
71,2024,42,293,8445.04,293,28.82,8589.61,28.07,4223.69,161,454749,291,2798.11,277
71,2024,43,252,7339.01,252,29.12,7373.93,18.92,3215.31,123,380744,252,2512.57,239
71,2024,44,301,8168.28,300,27.23,8233.74,21.96,4166.11,164,422137,298,2787.67,277
71,2024,45,257,7449.88,256,29.1,7496.33,25.95,3648.15,140,393488,255,2556.42,245
71,2024,46,254,7116.89,253,28.13,7147.15,20.26,3507.78,135,383721,250,2465.69,239
71,2024,47,246,6674.35,246,27.13,6746.23,8.88,3754.01,148,365955,245,2202.8,230
71,2024,48,227,6485.36,227,28.57,6513.29,7.43,3237.82,124,312231,223,2072.51,205
71,2024,49,211,6028.42,211,28.57,6062.08,18.66,3319.67,121,374051,211,2032.73,201
71,2024,50,231,6399.65,231,27.7,6444.93,18.78,3268.03,131,335343,229,2098.7,217
71,2024,51,260,7745.82,260,29.79,7794.66,37.84,3812.82,144,502580,254,2506.79,240
71,2024,52,176,5436.23,175,31.06,5448.82,9.59,2169.91,79,303596,171,1840.66,160
71,2025,1,209,5575.05,209,26.67,5625.63,27.58,2843.19,112,284763,208,1926.81,195
71,2025,2,236,6673.2,236,28.28,6730.95,13.5,3802.92,142,351281,235,2292.71,221
71,2025,3,242,7187.01,241,29.82,7326.64,34.13,3448.94,130,363771,237,2298.96,216
71,2025,4,226,6505.42,226,28.79,6573.47,9.55,3154.56,121,310407,224,2200.22,207
71,2025,5,256,7431.53,255,29.14,7495.31,47.62,3866.88,147,383934,253,2570.41,242
71,2025,6,329,8627.28,326,26.46,8701.52,49.74,4664.47,177,543889,320,2918.91,297
71,2025,7,283,7815.72,281,27.81,7880.82,20.1,4199.43,161,424808,279,2616.31,258
71,2025,8,255,7016.68,253,27.73,7092.46,10.78,3914.39,145,349619,251,2357.89,235
71,2025,9,294,8344.29,293,28.48,8436.07,27.78,4104.76,154,453395,290,2829.06,271
71,2025,10,312,8851.05,310,28.55,8949.29,34.74,4740.85,183,469262,307,2900.16,289
71,2025,11,277,7351.03,277,26.54,7380.84,20.81,4160.88,163,390225,275,2492.91,259
71,2025,12,257,6929.44,256,27.07,7017.01,19.07,3759.34,148,387418,254,2314.93,237
71,2025,13,266,7557.23,266,28.41,7598.37,26.14,4068.11,148,384853,262,2522.5,248
71,2025,14,246,6676.03,244,27.36,6734.8,31.27,3807.94,151,351205,243,2270.56,236
71,2025,15,283,7358.58,282,26.09,7403.43,23.85,4162.56,166,425981,281,2487.92,262
71,2025,16,308,8020.94,307,26.13,8155.52,22.58,4638.62,189,427948,302,2686.12,287
71,2025,17,314,8412.5,313,26.88,8468.56,24.06,5026.32,198,448229,310,2914.3,297
71,2025,18,313,8398.02,312,26.92,8468.04,37.52,4970.62,193,464418,309,2852.69,293
71,2025,19,340,9297.99,340,27.35,9339.58,14.09,5437.85,205,520588,338,3125.99,322
71,2025,20,313,8523.79,309,27.59,8585.88,35.09,4805.05,182,459638,306,2919.26,294
71,2025,21,261,7578.8,261,29.04,7627.06,24.76,4134.02,155,475319,261,2569.83,248
71,2025,22,275,7651.74,275,27.82,7702.96,38.22,4323.49,158,403346,275,2555.63,259
71,2025,23,317,8257.36,317,26.05,8328.64,51.28,4704.07,181,460029,314,2824.36,295
71,2025,24,247,6973.96,247,28.23,7029.24,40.78,3642.83,134,366026,247,2372.05,234
71,2025,25,266,7015.99,266,26.38,7107.56,30.07,3960.84,157,365934,264,2362.37,246
71,2025,26,296,7997.27,295,27.11,8076.44,44.17,4482.36,176,428826,292,2713.11,274
71,2025,27,288,7659.89,287,26.69,7746.66,30.77,4905.93,192,441027,283,2625.63,271
71,2025,28,252,7131.93,251,28.41,7199.35,39.42,3993.51,149,391684,250,2484.46,233
71,2025,29,273,7743.27,273,28.36,7847.49,54.72,4541.27,171,403188,273,2715.16,259
71,2025,30,271,7832.24,271,28.9,7875.39,21.15,4211.63,156,409714,266,2768.46,258
71,2025,31,278,7456.66,277,26.92,7539.9,26.74,4659.69,182,408821,276,2590.07,264
71,2025,32,272,7811.23,272,28.72,7855.47,28.74,4984.22,177,412430,270,2663.35,256
71,2025,33,280,7771.74,279,27.86,7840.14,28.9,4173.24,163,432996,277,2647.63,261
71,2025,34,285,7887.88,282,27.97,7950.8,17.42,4281.45,170,449167,279,2678.6,269
71,2025,35,305,8954.87,301,29.75,9003.31,26.44,4761.19,173,480739,298,3079.46,279
71,2025,36,280,8186.04,279,29.34,8245.15,35.86,4065.21,152,417299,278,2786.21,262
71,2025,37,313,8994.2,312,28.83,9156.57,120.37,4518.45,168,460130,308,3075.82,283
71,2025,38,328,9949.69,327,30.43,9996.59,36.4,4837.43,180,504664,322,3382.28,307
71,2025,39,332,9565.7,329,29.08,9642.52,36.82,5299.32,197,503631,328,3388.92,315
71,2025,40,277,7940.64,276,28.77,8033.89,56.75,4040.33,155,428210,269,2688.94,260
71,2025,41,209,6411.09,208,30.82,6455.16,12.32,2626.49,104,327909,206,2145.42,187
71,2025,42,206,6423.45,204,31.49,6500.01,28.06,3013.12,106,333217,201,2205.52,191
71,2025,43,154,5085.41,154,33.02,5115.58,12.67,1687.5,66,246387,152,1746.78,147
71,2025,44,194,6202.15,193,32.14,6241.87,20.47,1827.53,74,291899,191,2132.86,167
71,2025,45,197,6302.47,196,32.16,6314.89,7.92,2708.09,102,314066,195,2236.01,190
71,2025,46,193,5572.11,192,29.02,5587.19,7.58,2497.26,98,270296,189,1863.38,176
71,2025,47,221,6655.14,218,30.53,6719.33,15.44,2632.28,99,323951,216,2224.95,198
71,2025,48,158,5076.86,157,32.34,5107.09,11.73,1824.22,73,224245,153,1668.52,145
71,2025,49,222,6853.0,222,30.87,6881.18,8.18,2936.6,116,337239,222,2211.43,213
71,2025,50,188,6173.93,187,33.02,6208.37,14.44,2421.12,88,281082,185,2080.53,173
71,2025,51,205,6725.4,205,32.81,6792.67,8.77,2252.09,84,308304,201,2338.61,194
71,2025,52,160,5492.02,160,34.33,5528.32,18.8,1984.05,70,236440,158,1887.78,151
71,2026,1,161,5325.53,160,33.28,5401.47,13.94,1819.4,69,243881,160,1901.49,147
71,2026,2,195,6789.25,195,34.82,6813.57,3.32,2232.11,82,319497,193,2321.74,185
71,2026,3,169,5632.68,168,33.53,5660.77,11.59,2190.39,82,252803,167,1864.1,160
71,2026,4,146,5062.48,146,34.67,5088.4,10.92,1921.1,71,244420,145,1779.95,141
71,2026,5,188,6270.89,188,33.36,6294.53,8.14,2157.3,80,300684,187,2175.88,177
71,2026,6,214,7371.77,214,34.45,7403.99,15.52,2420.76,90,341731,212,2517.38,199
71,2026,7,208,6823.31,208,32.8,6875.39,31.33,2707.14,103,332234,208,2362.9,198
71,2026,8,180,6090.67,180,33.84,6130.25,18.58,1942.39,74,275427,179,2052.61,163
71,2026,9,229,7224.74,229,31.55,7267.66,22.92,2807.65,110,349583,227,2493.77,214
71,2026,10,235,7012.6,234,29.97,7040.9,11.8,2735.46,106,349815,231,2437.14,221
71,2026,11,222,6836.85,222,30.8,6858.03,0.18,2552.28,96,345944,221,2328.2,215
71,2026,12,200,6045.91,199,30.38,6073.68,7.27,2433.92,94,320078,195,1957.07,185
71,2026,13,211,6251.34,210,29.77,6293.21,27.62,2109.5,86,280213,208,2131.65,201
71,2026,14,275,7867.26,274,28.71,7921.28,11.02,3007.97,121,397576,270,2605.25,251
71,2026,15,250,7090.58,250,28.36,7194.18,19.6,3288.29,131,341476,248,2345.98,231
71,2026,16,244,7485.36,243,30.8,7546.98,23.32,2597.26,101,372843,240,2525.97,223
71,2026,17,248,7513.09,248,30.29,7561.58,16.24,2651.4,113,372096,245,2522.29,226
71,2026,18,242,7318.44,237,30.88,7351.97,9.53,2573.53,99,341487,234,2336.75,216
71,2026,19,231,7291.63,231,31.57,7318.19,13.56,2733.05,99,392123,229,2433.25,218
71,2026,20,253,7693.22,253,30.41,7728.04,22.32,3095.19,114,394045,251,2621.98,241
71,2026,21,218,6647.47,218,30.49,6675.19,18.72,2651.42,102,332639,218,2258.74,208
71,2026,22,171,5030.13,170,29.59,5069.95,11.32,1940.77,80,242858,168,1608.32,154
72,2024,1,88,2546.27,88,28.93,2556.02,6.25,1405.75,49,131949,85,778.21,84
72,2024,2,95,2615.46,95,27.53,2658.4,41.94,1638.32,57,159939,95,792.57,89
72,2024,3,83,2313.44,83,27.87,2365.07,40.63,1670.06,58,119839,83,722.46,78
72,2024,4,98,2750.56,98,28.07,2776.88,24.82,1935.0,66,167172,97,868.06,94
72,2024,5,110,2869.48,110,26.09,2924.68,21.7,1812.73,66,180580,109,882.28,104
72,2024,6,105,2629.73,105,25.05,2640.16,8.43,1709.0,65,155715,105,861.76,101
72,2024,7,88,2485.87,88,28.25,2520.64,33.77,1603.0,60,145937,86,789.1,80
72,2024,8,93,2487.23,93,26.74,2561.86,34.38,1684.0,62,142573,91,797.09,90
72,2024,9,108,2669.99,107,24.95,2695.23,23.74,1600.75,59,152181,101,834.16,99
72,2024,10,103,2727.08,102,26.74,2784.08,24.5,1593.0,60,157877,100,792.71,91
72,2024,11,116,3100.64,112,27.68,3235.59,68.95,2366.69,84,193483,109,879.43,96
72,2024,12,105,2792.72,105,26.6,2854.78,41.56,2124.47,75,165610,105,813.93,95
72,2024,13,101,2584.45,101,25.59,2624.66,26.21,1945.38,72,149226,101,792.73,91
72,2024,14,111,2885.0,111,25.99,2926.1,28.6,2063.56,77,184360,111,914.86,101
72,2024,15,114,3005.6,112,26.84,3066.33,39.23,2112.17,77,215850,110,973.4,104
72,2024,16,140,3570.9,139,25.69,3651.94,15.19,2578.57,99,210201,135,1138.51,125
72,2024,17,109,2663.41,109,24.43,2696.71,18.3,1680.86,64,159292,108,796.85,99
72,2024,18,110,2840.82,110,25.83,2903.16,20.84,1938.21,74,178140,110,829.06,99
72,2024,19,96,2581.4,96,26.89,2685.73,41.33,1622.39,61,146311,93,731.97,79
72,2024,20,118,3239.97,117,27.69,3312.26,45.79,1905.91,70,189901,116,955.29,104
72,2024,21,124,3487.24,123,28.35,3623.67,57.93,2416.96,86,196212,123,1067.71,113
72,2024,22,118,3442.76,118,29.18,3468.34,14.58,2140.07,76,202816,116,1044.35,103
72,2024,23,117,3066.52,117,26.21,3172.8,43.53,2271.96,87,182921,115,974.86,108
72,2024,24,131,3643.99,131,27.82,3758.52,56.53,2224.0,83,201028,130,1062.15,115
72,2024,25,103,2692.02,103,26.14,3185.77,67.15,2120.76,77,173625,101,822.72,90
72,2024,26,121,3055.91,120,25.47,3173.78,46.87,2331.36,90,177607,117,956.51,107
72,2024,27,118,3142.99,118,26.64,3169.66,10.17,2075.3,76,182097,118,1010.18,106
72,2024,28,131,3427.96,130,26.37,3461.73,11.27,2107.0,81,199156,129,1011.56,112
72,2024,29,118,3184.91,116,27.46,3239.28,25.87,2223.49,83,185095,116,1020.74,109
72,2024,30,111,3051.27,111,27.49,3110.57,46.3,2061.75,75,176442,110,1008.57,106
72,2024,31,116,3071.7,116,26.48,3108.99,26.79,2172.55,79,184141,115,1022.26,112
72,2024,32,103,2955.77,103,28.7,3007.56,40.29,1851.93,70,150159,103,904.08,97
72,2024,33,111,2916.2,110,26.51,2977.33,38.63,1933.75,71,165899,110,951.44,104
72,2024,34,102,2788.73,101,27.61,2902.22,65.24,1986.84,76,146449,98,862.73,96
72,2024,35,127,3434.28,127,27.04,3556.1,36.32,2298.24,83,194858,127,1191.71,124
72,2024,36,112,3109.69,111,28.02,3216.64,40.45,1894.57,73,164862,111,999.03,108
72,2024,37,122,3459.93,122,28.36,3538.6,44.67,2498.1,87,184333,121,1171.15,116
72,2024,38,104,2821.34,103,27.39,2878.51,40.17,1999.76,72,155794,103,951.89,101
72,2024,39,113,2991.59,113,26.47,3032.91,20.32,2032.0,77,162457,112,985.56,105
72,2024,40,122,3428.74,122,28.1,3534.15,84.41,2590.04,92,193222,121,1144.41,118
72,2024,41,123,3392.16,123,27.58,3501.06,54.4,2477.7,92,184968,121,1073.8,118
72,2024,42,110,2852.65,110,25.93,2898.67,20.52,1752.36,62,167350,109,932.22,103
72,2024,43,113,3287.17,113,29.09,3336.99,35.32,2350.73,81,178014,112,1063.04,107
72,2024,44,115,3367.31,115,29.28,3443.31,58.5,2194.23,81,187444,115,1106.54,110
72,2024,45,113,3009.63,113,26.63,3113.15,53.02,2196.31,79,228239,111,1002.84,108
72,2024,46,112,2921.36,111,26.32,2960.31,23.45,1923.5,72,161298,110,1010.58,106
72,2024,47,101,2840.51,101,28.12,2883.5,25.99,2456.23,89,172716,101,924.18,97
72,2024,48,85,2398.75,85,28.22,2435.38,24.63,1635.52,61,133082,84,778.59,78
72,2024,49,121,3024.85,121,25.0,3067.35,12.0,2234.91,89,182118,121,1022.73,118
72,2024,50,94,2538.79,94,27.01,2573.55,20.76,1641.08,61,130734,93,857.06,91
72,2024,51,99,2635.33,98,26.89,2671.17,18.84,1913.86,72,140835,98,855.4,93
72,2024,52,103,2804.74,103,27.23,2825.01,5.77,1839.75,65,157816,103,995.8,101
72,2025,1,90,2266.21,90,25.18,2317.11,16.4,1699.34,64,114442,90,755.61,84
72,2025,2,97,2636.03,96,27.46,2677.25,31.22,1885.18,68,150741,96,881.03,93
72,2025,3,87,2301.37,87,26.45,2339.06,35.69,1290.0,49,125319,86,744.24,80
72,2025,4,82,2002.2,82,24.42,2117.84,65.64,1340.17,47,102466,82,614.55,75
72,2025,5,89,2213.22,88,25.15,2234.17,16.95,1224.08,51,118301,86,753.54,81
72,2025,6,100,2475.19,99,25.0,2537.72,40.03,1882.94,71,146355,97,810.43,91
72,2025,7,111,2972.71,111,26.78,3048.0,56.29,1946.14,77,163576,110,963.88,107
72,2025,8,94,2470.52,92,26.85,2536.6,39.08,1691.52,63,133202,92,842.33,87
72,2025,9,109,2758.14,109,25.3,2798.71,35.07,1888.22,73,153237,109,910.05,101
72,2025,10,100,2535.41,100,25.35,2568.32,20.41,1851.33,74,147346,100,828.16,90
72,2025,11,120,3140.51,120,26.17,3202.48,44.97,2254.09,83,175925,117,1057.09,113
72,2025,12,107,2749.68,107,25.7,2801.89,33.21,1837.72,68,153398,106,957.53,102
72,2025,13,112,2997.12,110,27.25,3031.43,17.81,2060.9,76,163027,110,1036.78,106
72,2025,14,115,3109.17,114,27.27,3170.95,42.78,2255.04,80,167388,112,1058.21,111
72,2025,15,119,3325.66,119,27.95,3387.86,50.2,2430.07,85,186505,117,1124.71,112
72,2025,16,110,2958.82,110,26.9,2996.37,28.55,1940.33,72,162714,108,1016.01,104
72,2025,17,116,3179.68,116,27.41,3222.74,34.66,2127.64,75,176379,114,1111.16,113
72,2025,18,115,3122.94,115,27.16,3160.2,31.26,1854.05,69,178236,112,1063.03,109
72,2025,19,116,2987.72,113,26.44,3030.71,37.99,2126.8,75,171577,112,1036.03,108
72,2025,20,100,2671.28,100,26.71,2706.32,30.04,1850.53,69,155084,98,923.88,95
72,2025,21,108,2890.03,106,27.26,3025.22,57.19,2200.5,76,153611,105,879.17,95
72,2025,22,98,2601.96,98,26.55,2675.02,47.56,1921.91,73,158861,96,893.04,95
72,2025,23,114,3047.21,112,27.21,3096.21,33.5,2087.02,79,172391,111,1044.27,108
72,2025,24,103,2825.53,103,27.43,2923.55,53.17,1867.43,71,165978,101,976.56,96
72,2025,25,107,2869.65,107,26.82,3029.19,86.04,2193.26,80,147998,105,895.73,98
72,2025,26,77,1929.54,77,25.06,1977.25,34.71,1446.02,55,103979,77,648.61,72
72,2025,27,115,3110.53,114,27.29,3174.05,37.02,2335.06,81,171000,112,973.17,104
72,2025,28,89,2519.36,89,28.31,2586.17,41.81,1737.19,67,135329,88,859.59,83
72,2025,29,79,2223.74,79,28.15,2274.1,46.36,1429.61,51,113461,77,725.99,73
72,2025,30,79,2212.19,79,28.0,2244.81,28.62,1375.65,47,120270,78,762.24,76
72,2025,31,84,2514.26,84,29.93,2585.8,49.04,1807.73,62,139410,84,857.96,81
72,2025,32,115,3129.15,114,27.45,3180.76,44.11,2345.23,81,172830,113,1044.99,110
72,2025,33,123,3248.89,123,26.41,3314.45,61.06,2404.13,90,189723,123,1132.23,116
72,2025,34,104,3025.46,104,29.09,3192.05,51.59,1886.0,69,160264,103,1022.82,99
72,2025,35,88,2515.51,88,28.59,2581.98,61.97,1874.39,65,134353,88,836.79,83
72,2025,36,86,2319.67,86,26.97,2362.47,40.3,1655.75,60,121691,85,757.27,81
72,2025,37,92,2507.9,92,27.26,2544.24,33.84,1382.77,52,142516,90,781.6,84
72,2025,38,96,2805.81,96,29.23,2905.58,67.77,1842.95,63,145308,93,889.36,86
72,2025,39,104,2672.5,102,26.2,2729.24,47.74,1860.34,66,156636,99,829.1,94
72,2025,40,74,2040.91,73,27.96,2075.8,30.39,1066.42,40,112928,73,669.35,70
72,2025,41,72,2037.56,72,28.3,2198.97,71.41,1376.16,49,108855,70,641.1,64
72,2025,42,55,1671.59,55,30.39,1717.92,42.83,1094.38,36,86483,55,515.55,52
72,2025,43,49,1314.98,49,26.84,1332.14,16.16,738.53,29,81783,49,442.52,44
72,2025,44,68,1936.48,68,28.48,1967.93,27.95,1311.37,45,114341,68,650.08,65
72,2025,45,71,1891.23,71,26.64,1936.3,42.57,1382.49,52,118215,71,644.05,67
72,2025,46,69,1871.52,69,27.12,1873.02,0.0,1208.58,44,106963,69,619.81,65
72,2025,47,62,1858.24,62,29.97,1888.21,27.97,1278.13,44,96453,61,637.24,60
72,2025,48,58,1719.2,58,29.64,1742.07,13.37,956.93,36,95908,57,607.9,54
72,2025,49,90,2500.56,90,27.78,2611.79,62.23,1710.6,58,144668,90,842.09,81
72,2025,50,72,1928.29,72,26.78,1996.71,59.42,1260.38,47,103318,72,615.72,68
72,2025,51,68,1843.44,68,27.11,1898.18,38.24,1086.23,39,89501,65,589.75,59
72,2025,52,56,1420.92,54,26.31,1529.59,27.67,785.82,32,75402,54,491.46,50
72,2026,1,48,1401.9,48,29.21,1441.82,7.17,809.25,29,79907,48,492.88,46
72,2026,2,69,1926.55,69,27.92,1961.88,32.33,1176.88,42,109396,69,645.47,64
72,2026,3,70,1887.4,70,26.96,1918.8,30.4,1045.75,40,108591,69,596.81,64
72,2026,4,36,1043.11,36,28.98,1061.75,17.64,657.56,22,50469,36,315.64,33
72,2026,5,46,1321.71,46,28.73,1356.32,29.11,680.01,27,68011,46,442.8,41
72,2026,6,70,2097.18,70,29.96,2154.21,18.03,1366.5,48,121254,70,722.12,68
72,2026,7,74,2083.12,74,28.15,2156.98,24.24,1055.41,42,113543,73,744.04,69
72,2026,8,56,1692.92,56,30.23,1743.77,46.85,892.8,31,97339,56,564.22,53
72,2026,9,62,1756.24,62,28.33,1785.85,26.61,971.46,34,91368,60,537.72,56
72,2026,10,81,2370.98,81,29.27,2447.64,55.16,1197.31,40,119826,78,762.6,72
72,2026,11,74,2216.77,74,29.96,2287.6,65.83,1461.41,50,110238,74,689.15,70
72,2026,12,69,1847.24,69,26.77,1877.37,25.13,1080.97,39,106252,69,619.62,64
72,2026,13,71,2026.1,71,28.54,2065.1,25.0,1068.75,38,103811,69,658.86,65
72,2026,14,84,2466.49,84,29.36,2621.43,55.94,1507.5,50,129762,84,809.08,77
72,2026,15,68,1950.46,68,28.68,2005.16,49.7,1233.14,41,117252,68,680.67,66
72,2026,16,70,2007.51,70,28.68,2046.6,36.09,1334.35,46,110921,70,668.41,67
72,2026,17,78,2165.93,78,27.77,2213.21,24.28,1605.22,55,132180,78,699.29,73
72,2026,18,89,2342.05,88,26.61,2472.34,39.79,1563.16,56,260922,87,811.16,85
72,2026,19,84,2266.37,83,27.31,2283.76,16.39,1274.67,46,133461,83,784.79,80
72,2026,20,71,1917.9,71,27.01,1969.55,38.65,1291.06,44,99909,70,613.77,65
72,2026,21,76,2260.04,75,30.13,2337.68,74.14,1394.95,44,122249,75,696.69,73
72,2026,22,67,1915.36,67,28.59,2013.81,86.7,1334.66,47,93697,67,527.52,59
72,2026,23,1,40.0,1,40.0,48.6,8.1,40.0,1,4,1,0.0,0
73,2024,1,200,6047.13,195,31.01,6065.08,11.95,2664.75,95,253721,189,2036.69,184
73,2024,2,209,6143.45,209,29.39,6165.55,16.1,2972.0,111,304935,208,1962.18,203
73,2024,3,203,6181.3,202,30.6,6272.16,27.86,2691.83,100,282769,197,1907.73,184
73,2024,4,226,6803.48,226,30.1,6906.2,13.72,3261.8,124,342333,223,2212.9,209
73,2024,5,258,7625.89,258,29.56,7754.79,38.9,3100.75,113,351280,251,2329.34,241
73,2024,6,260,7544.19,259,29.13,7606.85,24.16,3870.43,144,348090,256,2388.0,236
73,2024,7,252,7550.27,252,29.96,7657.69,27.92,3810.91,142,388284,247,2462.89,234
73,2024,8,238,6795.82,237,28.67,6878.21,14.39,3386.0,132,302088,235,2093.85,217
73,2024,9,288,8766.1,288,30.44,8806.54,34.94,4160.16,150,412135,283,2804.36,263
73,2024,10,260,7629.82,260,29.35,7687.81,12.99,3419.06,130,369153,253,2537.55,237
73,2024,11,282,8377.33,282,29.71,8404.42,14.09,4206.75,152,377641,278,2627.71,260
73,2024,12,257,8020.77,256,31.33,8088.96,26.19,3858.7,137,342233,253,2536.91,239
73,2024,13,274,8082.48,273,29.61,8140.23,32.75,4005.96,142,333944,267,2620.82,252
73,2024,14,273,7852.31,273,28.76,7972.77,28.46,3997.77,150,356453,270,2528.93,241
73,2024,15,259,7818.3,259,30.19,7866.02,14.22,3582.14,132,349363,256,2583.15,235
73,2024,16,274,8048.47,274,29.37,8114.4,40.43,4314.16,158,383022,270,2592.96,246
73,2024,17,204,6151.71,204,30.16,6220.32,27.11,3008.31,111,290153,202,1949.85,185
73,2024,18,260,7426.56,260,28.56,7494.72,27.66,3895.25,145,369519,255,2476.44,239
73,2024,19,264,8137.81,262,31.06,8197.26,16.95,4060.88,148,432070,260,2627.74,236
73,2024,20,242,7630.12,241,31.66,7769.71,44.09,4004.22,144,368811,241,2430.78,226
73,2024,21,285,8983.06,284,31.63,9082.74,56.68,4725.85,162,408667,282,2955.21,264
73,2024,22,240,7401.86,240,30.84,7467.76,45.87,4130.39,147,387801,235,2376.97,221
73,2024,23,278,8230.72,275,29.93,8283.97,34.75,4330.89,157,401110,273,2669.86,250
73,2024,24,228,6631.62,228,29.09,6718.64,33.02,3857.1,140,309414,226,2218.34,211
73,2024,25,229,6814.23,229,29.76,6896.03,58.8,4199.6,147,303634,227,2302.93,213
73,2024,26,249,7493.63,248,30.22,7550.48,18.85,3803.26,136,346155,245,2425.34,225
73,2024,27,228,6906.79,227,30.43,7022.41,68.87,3750.99,138,315581,225,2313.97,213
73,2024,28,230,7555.74,230,32.85,7578.36,20.12,3824.36,136,325892,227,2460.26,209
73,2024,29,234,7048.15,230,30.64,7062.65,6.0,3595.5,131,309442,226,2325.81,218
73,2024,30,226,6789.32,226,30.04,6839.17,43.35,3762.94,137,310969,224,2265.49,210
73,2024,31,214,6540.45,212,30.85,6604.97,60.02,3504.63,124,279349,212,2320.58,206
73,2024,32,208,6322.45,208,30.4,6353.34,29.89,3404.48,121,276869,207,2163.17,200
73,2024,33,233,7039.87,232,30.34,7058.98,15.61,3642.69,128,302855,230,2391.28,221
73,2024,34,229,7120.8,229,31.1,7152.57,21.77,3765.3,131,329614,228,2443.15,221
73,2024,35,277,8164.39,277,29.47,8194.56,24.17,4590.24,161,389225,274,2875.69,266
73,2024,36,227,6580.46,223,29.51,6655.14,34.68,3524.11,127,303476,221,2215.75,214
73,2024,37,247,7220.56,247,29.23,7336.81,36.25,4436.99,164,343091,246,2461.63,239
73,2024,38,268,7703.91,266,28.96,7754.94,40.53,4557.85,166,375044,265,2592.6,254
73,2024,39,250,7041.05,249,28.28,7220.01,89.96,4870.53,174,346784,248,2495.66,237
73,2024,40,255,7179.22,254,28.26,7217.01,13.29,4000.0,143,344476,253,2488.93,240
73,2024,41,244,7397.27,244,30.32,7428.83,26.06,4927.39,174,357098,244,2674.98,242
73,2024,42,231,6921.13,231,29.96,6984.25,15.62,4308.09,155,318328,231,2352.85,224
73,2024,43,233,6685.75,233,28.69,6783.17,33.42,4453.76,162,303368,233,2327.32,221
73,2024,44,245,7365.43,245,30.06,7415.58,39.65,4580.33,162,330586,245,2583.18,238
73,2024,45,218,6232.78,218,28.59,6262.1,14.82,3949.86,139,288411,217,2204.24,208
73,2024,46,225,6577.34,225,29.23,6612.34,20.0,4259.52,153,306869,223,2302.25,214
73,2024,47,211,6332.24,211,30.01,6346.51,5.77,3997.43,142,305988,210,2280.32,208
73,2024,48,212,6129.33,212,28.91,6166.77,29.94,3787.47,138,270864,209,2177.09,201
73,2024,49,228,6280.45,228,27.55,6325.14,33.19,4379.86,155,285200,225,2172.22,215
73,2024,50,221,6543.37,220,29.74,6578.0,16.63,4159.87,144,302666,218,2257.36,212
73,2024,51,230,6848.49,229,29.91,6878.43,11.44,4467.49,155,310683,229,2424.14,221
73,2024,52,197,5872.96,197,29.81,5924.52,35.56,3588.69,124,241190,197,2063.55,190
73,2025,1,186,5747.05,186,30.9,5785.97,24.92,3388.53,119,244440,185,2052.41,182
73,2025,2,236,6967.05,236,29.52,7030.04,21.99,4138.64,152,335477,236,2444.57,226
73,2025,3,231,6760.53,231,29.27,6813.78,41.75,4203.28,148,357119,229,2377.26,224
73,2025,4,230,6862.1,230,29.84,6895.17,23.07,4035.15,140,284896,226,2393.14,221
73,2025,5,213,6139.4,212,28.96,6175.23,17.33,4060.47,142,274443,209,2135.91,202
73,2025,6,224,6491.92,223,29.11,6543.14,11.22,4220.35,148,306353,222,2341.1,218
73,2025,7,200,5771.32,200,28.86,5820.93,36.11,3887.2,141,285277,199,2062.75,196
73,2025,8,210,5990.4,209,28.66,6001.22,4.82,3918.91,143,276553,208,2118.66,204
73,2025,9,197,5739.86,197,29.14,5760.82,11.96,3532.41,126,265540,197,2060.94,195
73,2025,10,233,6996.36,232,30.16,7035.84,27.48,4206.76,152,347280,232,2511.62,227
73,2025,11,208,5763.09,208,27.71,5773.18,0.09,4185.34,149,277868,208,2004.87,203
73,2025,12,230,6742.95,230,29.32,6796.55,40.85,4410.94,156,320266,230,2433.91,224
73,2025,13,216,6309.5,216,29.21,6357.17,39.67,3955.13,137,290012,215,2291.13,209
73,2025,14,230,6765.73,230,29.42,6820.81,27.58,4789.65,167,297984,229,2466.84,226
73,2025,15,251,6832.21,249,27.44,6888.47,15.76,4579.82,166,309125,249,2448.21,243
73,2025,16,243,6540.21,243,26.91,6568.34,17.13,4165.19,147,300667,240,2266.57,230
73,2025,17,263,7525.47,263,28.61,7561.5,27.03,4849.34,171,333299,260,2664.17,256
73,2025,18,264,7696.36,263,29.26,7749.9,36.04,5069.19,177,353500,261,2729.9,255
73,2025,19,279,8306.77,278,29.88,8386.95,32.18,4795.6,168,387687,277,2899.07,269
73,2025,20,249,7226.19,249,29.02,7280.3,37.86,5103.2,182,332030,249,2610.52,245
73,2025,21,261,7541.08,261,28.89,7596.17,34.09,4617.25,168,344546,259,2648.98,252
73,2025,22,242,6994.85,241,29.02,7026.3,20.45,4479.61,155,372514,241,2450.23,234
73,2025,23,259,7679.31,257,29.88,7741.17,13.86,4544.25,162,361248,257,2729.04,248
73,2025,24,253,6838.09,251,27.24,6892.65,34.06,4302.05,161,313695,249,2393.6,244
73,2025,25,231,6858.73,230,29.82,6886.49,18.26,4159.57,148,302615,228,2358.9,220
73,2025,26,209,5994.93,206,29.1,6025.99,20.06,3926.5,140,264129,201,2041.98,197
73,2025,27,236,6809.74,234,29.1,6857.75,34.51,4239.56,154,297501,230,2431.31,225
73,2025,28,252,7437.92,250,29.75,7469.76,19.84,4804.58,169,334348,247,2649.61,237
73,2025,29,242,7059.62,242,29.17,7150.74,25.87,4438.45,160,299095,237,2484.63,230
73,2025,30,226,6766.48,226,29.94,6925.22,51.24,4362.18,153,296798,224,2468.68,220
73,2025,31,259,7510.95,258,29.11,7591.44,40.99,4871.01,171,416893,258,2690.41,247
73,2025,32,256,7255.55,255,28.45,7365.87,41.82,4507.4,157,315999,252,2643.34,238
73,2025,33,253,7395.49,252,29.35,7419.22,15.23,4403.95,157,329193,249,2658.33,240
73,2025,34,245,6868.94,244,28.15,6917.63,20.94,4395.6,155,305855,238,2403.47,230
73,2025,35,272,8112.11,272,29.82,8369.59,90.48,4584.26,169,410669,266,2811.77,256
73,2025,36,273,8057.34,273,29.51,8194.73,72.89,4889.09,174,456939,271,2865.87,261
73,2025,37,286,8322.13,285,29.2,8409.5,67.87,4748.62,170,374540,283,2935.21,272
73,2025,38,272,8085.0,271,29.83,8118.02,27.02,5056.92,179,427246,270,2869.21,263
73,2025,39,259,7582.24,257,29.5,7669.28,70.29,4568.28,158,326863,252,2662.85,236
73,2025,40,227,6464.36,227,28.48,6497.92,28.56,4058.14,145,290259,227,2255.98,216
73,2025,41,192,5959.18,192,31.04,5983.34,4.66,3057.29,109,302064,188,2097.2,181
73,2025,42,163,5369.85,163,32.94,5405.37,20.52,2685.51,97,295379,163,1911.31,156
73,2025,43,152,4756.94,152,31.3,4820.46,58.52,2336.27,81,208732,151,1637.89,142
73,2025,44,149,4854.36,148,32.8,4902.7,31.34,2319.79,82,236717,148,1681.93,143
73,2025,45,181,5905.13,180,32.81,5923.83,15.7,3243.94,109,270395,178,2092.55,172
73,2025,46,161,5442.77,161,33.81,5471.61,8.09,3086.06,103,241246,160,1867.79,153
73,2025,47,173,5091.81,173,29.43,5167.46,31.15,2680.27,95,259438,172,1659.84,154
73,2025,48,152,4471.21,152,29.42,4481.71,4.0,2198.56,84,208598,150,1545.96,142
73,2025,49,171,4926.82,170,28.98,4975.75,39.93,3172.71,112,238492,170,1672.05,163
73,2025,50,180,5403.09,180,30.02,5445.62,12.78,2890.68,107,254525,180,1886.73,170
73,2025,51,165,5330.93,165,32.31,5340.77,0.84,2672.53,93,243952,164,1851.24,160
73,2025,52,132,3952.43,132,29.94,3983.78,25.85,2163.92,77,181012,131,1406.54,126
73,2026,1,122,3621.91,121,29.93,3637.51,8.1,2244.01,79,146393,120,1276.28,114
73,2026,2,161,4873.54,159,30.65,4895.88,15.84,2686.93,91,215179,155,1749.93,146
73,2026,3,181,5289.86,180,29.39,5322.27,9.41,2996.9,107,242822,179,1802.33,169
73,2026,4,130,3899.88,130,30.0,3975.9,32.02,2117.66,77,205875,128,1342.65,120
73,2026,5,166,4858.28,165,29.44,4894.71,27.93,2560.88,95,220849,163,1694.67,155
73,2026,6,202,6139.51,201,30.54,6162.3,11.79,3409.71,119,289381,198,2183.37,190
73,2026,7,166,5238.98,166,31.56,5268.27,24.29,2905.95,101,224446,165,1760.3,157
73,2026,8,186,5784.55,185,31.27,5855.18,58.88,2842.45,103,252208,184,2037.29,178
73,2026,9,168,5118.15,167,30.65,5168.47,24.32,2834.18,106,277001,163,1815.9,158
73,2026,10,170,4897.95,170,28.81,4923.82,7.87,2677.2,95,215813,168,1662.94,160
73,2026,11,182,5360.2,182,29.45,5414.59,34.64,2752.62,98,241348,179,1831.94,171
73,2026,12,154,4314.39,153,28.2,4376.69,31.3,2423.73,90,198228,147,1452.14,140
73,2026,13,128,3914.77,128,30.58,3964.23,10.71,2252.09,78,154182,128,1359.27,120
73,2026,14,177,5255.04,177,29.69,5335.15,21.61,2488.08,90,231648,174,1771.62,164
73,2026,15,191,6131.57,191,32.1,6143.58,8.51,3114.13,107,268440,189,2065.6,179
73,2026,16,195,6453.67,194,33.27,6479.68,21.01,3035.89,104,280876,190,2207.88,180
73,2026,17,175,5652.83,174,32.49,5729.36,44.03,2589.46,90,239177,172,1895.18,165
73,2026,18,161,5237.65,161,32.53,5263.07,18.42,2295.33,82,228347,161,1759.42,151
73,2026,19,183,5738.96,182,31.53,5757.51,6.55,2185.92,77,234993,182,1918.77,167
73,2026,20,184,6062.35,184,32.95,6077.7,6.85,3173.74,109,276202,183,2143.66,181
73,2026,21,173,5719.3,172,33.25,5751.41,21.86,2455.89,84,239232,171,1801.5,155
73,2026,22,137,4278.76,136,31.46,4374.99,44.73,2153.33,75,185173,134,1479.44,123
74,2024,1,23,729.51,23,31.72,733.51,0.0,463.25,16,36896,23,245.09,22
74,2024,2,30,989.84,30,32.99,990.84,0.0,613.0,19,53870,30,340.35,28
74,2024,3,29,961.14,29,33.14,961.14,0.0,522.75,17,53149,29,312.49,29
74,2024,4,26,880.06,26,33.85,880.06,0.0,483.25,16,47856,26,290.03,26
74,2024,5,36,1119.84,36,31.11,1130.74,5.9,731.75,24,58119,35,378.87,34
74,2024,6,23,741.95,23,32.26,749.06,7.11,591.75,19,36496,23,249.44,22
74,2024,7,25,911.42,25,36.46,911.42,0.0,551.0,17,45907,25,358.29,25
74,2024,8,31,897.58,30,29.92,903.93,6.35,649.25,21,43355,30,314.96,29
74,2024,9,33,1107.33,33,33.56,1115.58,8.25,685.0,23,54948,33,374.39,33
74,2024,10,23,764.19,23,33.23,819.23,0.04,469.5,15,38606,22,270.62,23
74,2024,11,32,989.31,32,30.92,1002.26,0.0,645.0,22,49313,32,330.76,30
74,2024,12,29,737.25,29,25.42,816.13,6.88,665.0,23,39658,28,265.07,26
74,2024,13,37,1103.43,37,29.82,1110.48,6.55,621.25,22,58978,37,350.33,36
74,2024,14,38,1254.02,38,33.0,1273.09,17.57,919.25,29,59867,38,444.77,37
74,2024,15,27,834.14,27,30.89,840.19,6.05,493.75,17,41288,27,304.07,27
74,2024,16,25,794.71,25,31.79,801.76,7.05,583.25,19,43066,25,291.4,25
74,2024,17,30,883.89,30,29.46,891.73,4.59,725.65,25,47288,29,330.09,29
74,2024,18,35,1111.3,35,31.75,1119.18,7.88,884.75,29,61053,35,402.55,35
74,2024,19,35,1090.9,35,31.17,1094.97,0.07,934.75,31,62366,35,395.21,35
74,2024,20,27,884.12,27,32.75,889.91,5.35,668.5,22,51372,27,308.69,27
74,2024,21,30,921.12,30,30.7,921.12,0.0,798.5,25,53380,30,324.52,29
74,2024,22,30,955.75,30,31.86,973.35,13.1,760.25,24,46591,29,314.24,29
74,2024,23,25,712.02,25,28.48,719.27,6.0,645.25,22,41834,25,258.73,23
74,2024,24,32,888.93,32,27.78,955.62,9.69,805.31,28,46030,32,322.85,30
74,2024,25,28,888.57,28,31.73,898.17,9.6,703.24,23,48088,28,306.15,28
74,2024,26,34,1057.3,34,31.1,1058.3,0.0,749.75,26,60404,34,377.18,33
74,2024,27,35,1005.66,35,28.73,1011.8,6.14,815.86,28,54147,35,342.96,32
74,2024,28,31,853.1,31,27.52,853.1,0.0,639.25,22,44846,29,294.83,31
74,2024,29,33,1042.2,33,31.58,1042.2,0.0,800.75,27,56997,33,359.22,32
74,2024,30,26,829.54,26,31.91,833.54,0.0,668.5,22,41769,26,319.92,26
74,2024,31,28,824.62,28,29.45,832.68,7.56,752.75,26,40148,28,296.38,27
74,2024,32,34,1055.84,34,31.05,1083.63,27.29,1055.84,34,52248,34,376.51,33
74,2024,33,31,919.25,31,29.65,919.29,0.04,774.75,26,46657,31,328.32,31
74,2024,34,28,832.06,28,29.72,853.82,21.76,673.61,24,46108,27,279.01,26
74,2024,35,31,942.28,31,30.4,958.28,0.0,672.25,23,52806,30,346.26,30
74,2024,36,31,878.37,31,28.33,895.42,10.55,774.75,27,50567,31,308.72,31
74,2024,37,34,984.12,34,28.94,984.62,0.0,782.25,26,52038,34,347.53,33
74,2024,38,32,927.59,32,28.99,928.59,0.0,647.25,22,49134,32,296.11,31
74,2024,39,24,738.61,24,30.78,752.51,13.4,610.0,21,36606,24,243.94,23
74,2024,40,32,943.61,32,29.49,1120.26,30.4,687.0,24,50596,31,326.8,30
74,2024,41,36,1086.02,36,30.17,1094.62,8.6,914.75,30,62731,36,385.53,35
74,2024,42,29,870.99,29,30.03,871.99,0.0,611.0,21,47640,29,321.93,28
74,2024,43,41,1121.87,41,27.36,1144.82,5.95,901.75,30,54826,41,389.89,39
74,2024,44,33,1041.37,33,31.56,1047.27,5.9,778.75,26,55281,33,364.04,33
74,2024,45,41,1171.87,41,28.58,1171.87,0.0,838.0,28,63415,40,399.88,41
74,2024,46,35,1023.87,35,29.25,1030.02,6.15,753.25,24,55573,34,362.55,34
74,2024,47,29,984.93,29,33.96,984.93,0.0,735.25,23,49812,29,358.66,29
74,2024,48,28,835.58,28,29.84,835.58,0.0,712.46,24,41017,28,298.66,28
74,2024,49,30,868.12,30,28.94,868.12,0.0,604.5,21,51172,30,309.51,29
74,2024,50,30,878.37,30,29.28,895.87,0.0,628.75,22,48655,30,320.7,29
74,2024,51,35,1039.67,35,29.7,1047.71,3.04,698.5,25,55239,35,370.21,35
74,2024,52,22,695.63,22,31.62,695.63,0.0,561.5,18,38544,22,259.51,21
74,2025,1,24,747.12,24,31.13,748.12,0.0,611.5,20,35438,24,282.78,24
74,2025,2,44,1260.01,44,28.64,1260.01,0.0,1083.0,36,64270,44,442.07,44
74,2025,3,39,1214.12,39,31.13,1224.07,9.45,843.5,27,64765,39,424.47,37
74,2025,4,31,853.92,31,27.55,853.92,0.0,609.25,21,42365,31,286.57,30
74,2025,5,29,834.45,29,28.77,840.55,6.1,511.0,17,47892,29,283.8,27
74,2025,6,35,1104.47,34,32.48,1104.51,0.04,825.75,26,52042,34,360.07,33
74,2025,7,28,770.14,28,27.5,771.21,0.07,672.25,24,39815,28,284.76,28
74,2025,8,37,1019.01,37,27.54,1026.01,7.0,835.75,28,52441,37,374.26,37
74,2025,9,30,843.89,30,28.13,912.14,20.0,587.94,21,46316,30,293.57,30
74,2025,10,26,757.62,26,29.14,758.62,0.0,611.75,21,42464,26,273.37,25
74,2025,11,37,1041.0,37,28.14,1042.0,0.0,638.03,23,56951,37,361.49,37
74,2025,12,33,971.4,33,29.44,971.45,0.05,762.0,26,51855,33,354.89,33
74,2025,13,27,805.45,27,29.83,805.45,0.0,589.25,20,40940,26,291.43,26
74,2025,14,42,975.62,42,23.23,978.62,0.0,693.5,25,55084,41,337.55,36
74,2025,15,32,937.04,32,29.28,940.45,2.91,676.92,23,53132,32,346.35,32
74,2025,16,45,1440.06,45,32.0,1448.59,5.53,865.0,29,73743,45,481.8,45
74,2025,17,40,1147.65,40,28.69,1147.65,0.0,748.5,26,64448,40,412.24,39
74,2025,18,42,1214.18,42,28.91,1223.37,7.19,859.0,29,67233,41,439.27,41
74,2025,19,39,1154.07,39,29.59,1157.07,0.0,793.0,28,60725,39,398.15,39
74,2025,20,26,738.55,26,28.41,808.2,12.15,519.18,18,40581,26,263.46,25
74,2025,21,37,1080.52,37,29.2,1083.52,0.0,724.25,24,62667,37,391.28,36
74,2025,22,45,1354.16,45,30.09,1367.02,12.86,1078.0,35,74679,45,494.34,45
74,2025,23,35,1077.87,35,30.8,1084.02,6.15,859.0,28,59195,35,398.75,35
74,2025,24,47,1358.12,47,28.9,1358.12,0.0,1065.25,36,78701,47,491.38,46
74,2025,25,39,1111.0,39,28.49,1111.0,0.0,915.25,31,60774,39,406.36,39
74,2025,26,37,1124.54,37,30.39,1139.26,14.22,817.5,27,61329,37,384.16,36
74,2025,27,34,1051.21,34,30.92,1110.71,0.0,684.5,24,58163,34,383.46,33
74,2025,28,53,1961.51,53,37.01,1967.01,0.0,1142.25,38,110794,53,714.97,52
74,2025,29,52,1473.12,52,28.33,1473.12,0.0,1230.75,41,80659,52,539.91,52
74,2025,30,52,1608.05,52,30.92,1614.95,6.9,1275.5,41,84110,52,582.42,52
74,2025,31,44,1245.38,44,28.3,1371.02,15.39,1030.0,37,67635,44,458.16,41
74,2025,32,59,1797.44,59,30.47,1876.49,10.05,1442.31,48,91815,58,641.28,57
74,2025,33,48,1467.42,48,30.57,1484.26,16.34,1102.75,37,74061,48,509.5,46
74,2025,34,40,1178.26,40,29.46,1191.38,12.62,1017.5,34,63378,40,410.96,39
74,2025,35,58,1710.64,58,29.49,1730.14,17.0,1229.61,40,88722,58,589.42,56
74,2025,36,53,1707.17,53,32.21,1713.04,5.37,1288.77,42,91143,53,633.96,53
74,2025,37,55,1738.55,55,31.61,1751.43,12.38,1363.5,44,94100,55,622.62,54
74,2025,38,50,1434.51,49,29.28,1446.8,11.29,1126.75,38,79110,49,522.15,49
74,2025,39,46,1416.56,46,30.79,1416.56,0.0,1099.0,37,72731,46,501.4,46
74,2025,40,47,1438.11,47,30.6,1438.11,0.0,916.5,30,76415,46,487.04,46
74,2025,41,32,1033.02,32,32.28,1034.02,0.0,694.0,23,54660,32,337.13,32
74,2025,42,26,832.52,26,32.02,838.43,4.91,516.0,17,45038,26,311.25,26
74,2025,43,14,481.56,14,34.4,481.56,0.0,237.75,8,28468,14,181.19,14
74,2025,44,16,597.48,16,37.34,597.48,0.0,255.22,9,28925,15,218.75,15
74,2025,45,16,527.75,16,32.98,527.75,0.0,343.25,12,27101,16,196.89,16
74,2025,46,27,935.75,27,34.66,966.84,29.09,764.25,22,42543,27,254.11,24
74,2025,47,16,506.17,16,31.64,506.17,0.0,309.5,10,27544,16,178.14,16
74,2025,48,28,963.5,28,34.41,963.5,0.0,506.25,17,46781,28,311.27,27
74,2025,49,22,717.29,22,32.6,717.29,0.0,467.5,15,34746,22,240.43,22
74,2025,50,25,821.18,25,32.85,821.75,0.07,478.5,16,44445,25,311.75,24
74,2025,51,22,744.05,22,33.82,744.55,0.0,503.5,16,42022,22,263.68,21
74,2025,52,21,740.01,21,35.24,749.76,5.25,346.0,11,35253,21,283.31,21
74,2026,1,25,768.52,25,30.74,788.77,15.75,544.0,17,39086,25,244.84,23
74,2026,2,18,558.42,17,32.85,558.42,0.0,282.0,9,29818,16,200.83,16
74,2026,3,23,829.52,23,36.07,829.92,0.4,388.25,12,39580,23,288.63,23
74,2026,4,17,591.74,17,34.81,591.88,0.14,279.5,9,34053,17,194.59,17
74,2026,5,15,519.08,15,34.61,519.08,0.0,203.5,7,29020,15,196.26,14
74,2026,6,24,746.18,24,31.09,778.53,26.35,512.0,16,34925,24,216.48,21
74,2026,7,20,687.54,20,34.38,750.66,17.12,374.0,12,30543,20,213.4,19
74,2026,8,24,794.25,24,33.09,794.25,0.0,422.5,14,42148,24,282.76,24
74,2026,9,19,584.55,19,30.77,584.55,0.0,249.25,9,33053,19,211.88,19
74,2026,10,20,643.28,20,32.16,656.64,11.86,376.27,11,34829,19,223.66,18
74,2026,11,25,692.08,25,27.68,751.55,10.47,392.0,14,41463,25,248.26,23
74,2026,12,20,593.35,20,29.67,648.4,13.05,358.5,13,27484,20,188.4,17
74,2026,13,19,649.7,19,34.19,661.32,11.12,297.0,9,31610,19,193.23,17
74,2026,14,22,724.28,22,32.92,724.28,0.0,335.75,11,32040,21,179.52,18
74,2026,15,20,602.23,20,30.11,614.85,11.62,414.0,14,31554,20,187.78,18
74,2026,16,17,574.63,17,33.8,590.72,0.09,297.5,10,26998,17,162.05,15
74,2026,17,28,725.29,28,25.9,731.05,4.76,455.91,15,42646,26,249.03,23
74,2026,18,13,422.19,13,32.48,437.81,15.12,332.25,10,22332,13,125.59,12
74,2026,19,21,644.89,21,30.71,652.89,0.0,388.5,13,38476,21,225.72,20
74,2026,20,17,559.98,17,32.94,580.0,19.52,427.5,13,27428,16,171.14,15
74,2026,21,13,390.08,13,30.01,390.58,0.0,230.0,8,17563,13,123.57,11
74,2026,22,13,331.9,12,27.66,380.09,10.19,257.75,10,14085,12,112.19,10
75,2024,1,189,5818.79,189,30.79,5865.37,23.08,3852.25,130,228100,189,1924.91,177
75,2024,2,214,6277.51,214,29.33,6297.73,9.22,3605.75,124,264925,211,1938.14,201
75,2024,3,209,6280.1,208,30.19,6334.85,42.75,3929.47,132,241680,204,2122.66,198
75,2024,4,200,6360.41,200,31.8,6405.07,40.62,3285.75,106,275022,198,2005.67,185
75,2024,5,207,6396.76,206,31.05,6416.76,6.0,2941.0,101,281199,204,2043.37,190
75,2024,6,243,7662.74,243,31.53,7740.74,42.5,4209.75,140,308920,239,2515.7,227
75,2024,7,236,7376.97,236,31.26,7425.09,26.62,4096.5,139,285450,233,2332.4,213
75,2024,8,255,7618.45,255,29.88,7663.39,28.94,4800.25,160,292644,251,2475.13,225
75,2024,9,271,8198.2,271,30.25,8253.45,8.25,4642.25,159,327661,259,2673.57,244
75,2024,10,278,8504.02,278,30.59,8578.72,22.7,4680.5,161,353240,273,2787.02,264
75,2024,11,275,8507.98,275,30.94,8585.52,43.54,5014.54,167,363681,271,2868.27,257
75,2024,12,246,7335.68,246,29.82,7403.53,35.85,4310.25,148,368244,242,2413.97,225
75,2024,13,287,8350.23,287,29.09,8427.16,29.93,4529.75,154,322487,277,2644.0,247
75,2024,14,260,7561.81,257,29.42,7650.81,55.5,4312.75,151,314375,251,2460.99,235
75,2024,15,248,7649.61,248,30.85,7695.9,23.79,4215.75,147,319566,244,2447.27,225
75,2024,16,266,7604.84,265,28.7,7659.99,23.15,5007.14,180,312577,259,2412.43,235
75,2024,17,218,6578.19,218,30.18,6706.92,28.73,4011.58,141,263350,214,2207.65,198
75,2024,18,256,7572.51,256,29.58,7611.01,11.5,4452.57,159,327555,252,2492.35,236
75,2024,19,225,6449.73,224,28.79,6529.75,40.02,4369.93,156,284108,218,2284.53,207
75,2024,20,267,7854.7,267,29.42,7936.37,28.67,4681.44,169,347673,266,2624.27,243
75,2024,21,250,6950.85,250,27.8,7053.7,28.35,4711.27,166,295696,247,2354.01,228
75,2024,22,253,7286.16,252,28.91,7328.94,16.28,4805.09,167,318680,249,2451.41,235
75,2024,23,256,7846.49,256,30.65,7879.31,4.32,4853.29,169,323815,254,2685.67,234
75,2024,24,256,7760.5,256,30.31,7795.7,22.2,5268.25,178,295692,251,2546.02,231
75,2024,25,259,7697.77,257,29.95,7830.46,71.94,5058.27,174,317148,254,2741.09,240
75,2024,26,224,6292.83,220,28.6,6385.61,45.78,4070.14,147,265213,216,2159.07,208
75,2024,27,251,7592.48,250,30.37,7638.43,12.95,5072.61,174,287509,248,2704.46,236
75,2024,28,243,7474.55,243,30.76,7520.86,7.81,4969.5,169,311480,242,2574.65,228
75,2024,29,236,7374.28,236,31.25,7407.67,15.39,4699.25,160,301442,235,2569.36,224
75,2024,30,224,6661.45,223,29.87,6693.56,20.61,4646.5,163,261648,221,2415.59,218
75,2024,31,252,7427.79,252,29.48,7462.48,24.19,4878.6,169,287358,251,2672.03,246
75,2024,32,215,6281.8,215,29.22,6471.24,59.94,4823.55,167,247486,213,2306.75,209
75,2024,33,221,6779.02,221,30.67,6827.5,22.48,4983.91,168,282314,219,2456.41,212
75,2024,34,194,6586.48,194,33.95,6620.19,27.71,3818.32,127,256413,194,2257.76,187
75,2024,35,241,7214.19,240,30.06,7265.73,42.04,4678.87,160,298259,239,2393.35,223
75,2024,36,225,6811.82,225,30.27,6857.61,41.79,4134.43,143,286733,223,2274.69,218
75,2024,37,255,7932.15,254,31.23,7958.86,17.71,4548.53,156,376331,252,2883.75,246
75,2024,38,215,6629.21,215,30.83,6680.73,34.02,3929.43,138,288814,215,2309.24,207
75,2024,39,211,6381.27,211,30.24,6405.16,16.39,4180.12,142,260703,209,2263.8,207
75,2024,40,239,7130.48,239,29.83,7278.31,48.33,4901.3,169,289800,237,2519.38,232
75,2024,41,236,7044.59,235,29.98,7103.21,19.62,4434.28,154,279150,233,2529.99,229
75,2024,42,250,7478.91,249,30.04,7548.98,38.57,4600.15,158,311479,247,2710.46,244
75,2024,43,259,7819.62,259,30.19,7899.1,50.48,5148.25,175,324445,258,2789.49,252
75,2024,44,272,8306.81,272,30.54,8346.62,27.81,5098.5,174,356589,268,3025.33,262
75,2024,45,260,7476.36,258,28.98,7532.96,27.6,5081.0,176,334574,255,2717.95,251
75,2024,46,291,8593.14,290,29.63,8727.17,22.03,6192.75,212,352721,290,3136.29,282
75,2024,47,275,8456.85,273,30.98,8480.6,11.25,5541.19,187,338481,272,3049.19,267
75,2024,48,245,7287.52,245,29.74,7319.65,28.13,5301.5,179,266564,241,2678.51,238
75,2024,49,262,7829.45,262,29.88,7887.92,27.97,5387.42,187,302118,261,2838.6,256
75,2024,50,228,6823.53,228,29.93,6831.74,0.21,4774.89,164,274408,228,2470.31,226
75,2024,51,264,8010.23,263,30.46,8034.37,5.14,5119.05,177,369416,262,2749.82,255
75,2024,52,213,6366.41,213,29.89,6397.05,4.14,3888.65,134,224584,210,2298.52,202
75,2025,1,226,6702.51,224,29.92,6731.01,0.0,4525.34,156,258936,223,2457.63,221
75,2025,2,253,7423.17,253,29.34,7550.23,39.06,5040.4,171,283280,252,2669.41,245
75,2025,3,252,7395.73,250,29.58,7413.96,8.23,4954.7,170,296116,250,2661.4,240
75,2025,4,222,6637.98,222,29.9,6735.64,27.66,4358.95,147,243217,216,2457.99,216
75,2025,5,232,6928.71,232,29.87,6957.45,20.24,5077.9,173,283652,232,2496.95,226
75,2025,6,263,7784.03,261,29.82,7840.98,33.95,5305.32,184,320609,260,2795.64,252
75,2025,7,250,7345.65,250,29.38,7375.15,20.25,4774.93,168,284678,249,2598.66,241
75,2025,8,268,7802.25,268,29.11,7966.04,36.79,5557.89,193,369743,266,2861.95,260
75,2025,9,274,7931.86,273,29.05,7961.85,8.49,5532.84,197,303275,271,2819.06,256
75,2025,10,262,7801.28,262,29.78,7812.74,1.46,4923.1,175,315064,260,2762.71,254
75,2025,11,298,8366.49,298,28.08,8433.62,35.13,5786.97,205,331687,294,3009.17,282
75,2025,12,311,9256.45,311,29.76,9383.46,64.21,6206.38,215,369903,309,3365.44,301
75,2025,13,242,7051.83,242,29.14,7084.95,10.12,5108.75,175,266815,240,2575.4,233
75,2025,14,280,8193.46,280,29.26,8294.86,43.4,5418.99,191,328208,277,2895.92,263
75,2025,15,292,8739.1,292,29.93,8800.08,26.73,6161.91,211,335813,292,3178.45,283
75,2025,16,301,9038.47,301,30.03,9090.75,19.28,5971.02,205,370242,300,3361.7,295
75,2025,17,280,8371.67,280,29.9,8439.48,48.31,5389.31,188,322982,280,3059.64,272
75,2025,18,303,8934.88,303,29.49,9009.54,39.16,5710.55,199,373172,299,3218.67,292
75,2025,19,318,9246.14,318,29.08,9328.13,34.49,6199.71,221,380753,317,3401.97,309
75,2025,20,280,8387.55,280,29.96,8485.74,43.69,5528.61,192,326580,278,3099.03,267
75,2025,21,296,8789.31,295,29.79,8922.38,34.57,6111.78,209,342755,295,3219.57,288
75,2025,22,284,8177.69,284,28.79,8223.83,17.14,5640.17,199,328084,282,2986.34,272
75,2025,23,311,9108.13,311,29.29,9184.05,29.92,6324.0,218,391211,308,3277.73,299
75,2025,24,275,8422.43,274,30.74,8491.4,29.97,5590.5,196,330062,273,3115.07,267
75,2025,25,277,8070.15,276,29.24,8215.96,34.81,6029.2,211,312630,275,3005.21,274
75,2025,26,284,8436.47,284,29.71,8496.08,26.61,6114.77,210,321915,283,3078.96,274
75,2025,27,317,9302.69,317,29.35,9355.48,28.79,6520.75,229,367166,313,3319.62,304
75,2025,28,301,8732.32,301,29.01,8803.41,34.59,5532.25,197,354376,298,3139.67,283
75,2025,29,281,8283.3,280,29.58,8346.17,20.37,5560.99,197,365230,279,3016.26,273
75,2025,30,289,9163.93,289,31.71,9194.17,12.24,5736.75,196,372920,287,3358.01,281
75,2025,31,302,8876.14,302,29.39,9063.9,54.76,6943.28,242,366370,301,3327.57,294
75,2025,32,296,8719.48,296,29.46,8821.38,33.4,6520.56,227,342017,295,3259.83,287
75,2025,33,315,8921.25,314,28.41,9008.57,24.82,6644.45,233,388376,310,3237.15,295
75,2025,34,289,8778.45,289,30.38,8854.05,46.1,6264.23,214,350146,288,3233.5,282
75,2025,35,331,9817.41,330,29.75,9871.16,20.25,6783.11,238,380569,328,3626.33,320
75,2025,36,318,9694.13,318,30.48,9751.26,35.13,7167.59,239,412861,317,3575.05,310
75,2025,37,317,9375.56,315,29.76,9441.26,48.7,6784.73,230,385384,313,3370.76,302
75,2025,38,339,10555.81,338,31.23,10714.37,34.31,6911.99,238,437584,336,3716.37,325
75,2025,39,344,10403.36,344,30.24,10485.66,48.3,7507.72,259,396008,343,3835.51,331
75,2025,40,286,8788.95,286,30.73,8865.3,35.6,6292.89,213,336230,286,3227.22,280
75,2025,41,174,5605.92,174,32.22,5677.12,36.7,3683.85,120,224889,174,1981.83,166
75,2025,42,154,4973.15,154,32.29,5053.22,4.57,2147.0,76,224394,154,1803.35,144
75,2025,43,117,3934.98,117,33.63,3972.23,33.25,1735.03,58,152137,116,1329.26,113
75,2025,44,129,3900.13,129,30.23,3941.51,7.13,1502.75,57,155763,129,1345.51,120
75,2025,45,137,4609.5,137,33.65,4678.14,10.64,2194.4,75,200807,136,1693.06,130
75,2025,46,146,4548.66,146,31.16,4597.13,16.72,2052.82,74,182911,146,1670.93,137
75,2025,47,157,5119.19,156,32.82,5159.75,7.81,1933.25,69,229474,154,1748.8,145
75,2025,48,136,4103.73,136,30.17,4116.46,4.23,2206.75,79,226556,135,1506.57,131
75,2025,49,163,5099.17,163,31.28,5124.24,5.07,2662.86,95,209549,163,1807.37,154
75,2025,50,163,5359.8,163,32.88,5399.87,10.07,2501.88,88,221576,162,1898.02,150
75,2025,51,145,5322.59,145,36.71,5361.04,25.6,2154.74,70,197965,145,1671.43,134
75,2025,52,137,4208.74,136,30.95,4244.01,23.77,2180.22,78,157047,133,1523.71,128
75,2026,1,109,3378.73,109,31.0,3411.48,10.5,1752.55,62,128989,107,1276.68,102
75,2026,2,135,4693.78,135,34.77,4843.11,42.08,2506.75,81,173320,134,1585.45,122
75,2026,3,157,5101.8,157,32.5,5170.25,41.7,2772.29,94,197591,157,1793.17,149
75,2026,4,106,3347.31,105,31.88,3373.5,16.44,1584.45,56,139026,103,1237.72,98
75,2026,5,140,4269.57,140,30.5,4311.08,26.51,2177.75,75,188286,139,1728.26,133
75,2026,6,172,5504.67,171,32.19,5559.01,31.84,2588.44,90,247511,170,2110.07,163
75,2026,7,157,5105.53,157,32.52,5142.19,19.41,2680.75,91,226515,156,2009.86,153
75,2026,8,159,5005.48,159,31.48,5323.0,15.52,2053.5,73,216858,157,1947.16,147
75,2026,9,156,4879.67,156,31.28,4910.02,7.6,2460.53,84,214267,156,1927.57,150
75,2026,10,169,5109.27,169,30.23,5128.56,1.54,3023.99,103,218869,168,2014.56,163
75,2026,11,174,5212.16,174,29.95,5265.21,17.3,2817.43,98,212500,172,1863.23,161
75,2026,12,158,4905.92,157,31.25,4960.91,16.74,1988.03,74,194219,153,1696.61,140
75,2026,13,179,5581.53,179,31.18,5654.54,35.76,2803.14,99,209905,177,1933.94,167
75,2026,14,165,5334.94,165,32.33,5422.83,46.14,2491.04,88,218633,164,1846.94,154
75,2026,15,188,5970.22,187,31.93,6034.07,13.85,2749.25,94,245345,187,2070.55,174
75,2026,16,148,4655.7,148,31.46,4702.65,8.2,2041.23,72,200692,147,1701.41,139
75,2026,17,154,4896.96,154,31.8,4982.91,36.45,2287.75,80,207181,151,1741.83,143
75,2026,18,145,4771.44,145,32.91,4805.44,8.0,2334.89,81,185946,144,1655.12,140
75,2026,19,142,4496.9,142,31.67,4560.78,16.13,2356.21,84,180030,142,1576.59,133
75,2026,20,178,5839.88,178,32.81,5873.58,32.2,3109.3,101,236843,177,1997.35,173
75,2026,21,166,5310.43,166,31.99,5360.59,28.66,2699.29,92,207863,165,1771.17,157
75,2026,22,134,4301.8,134,32.1,4346.83,34.53,2349.57,78,177041,133,1521.03,129
76,2024,1,20338,777412.46,20261,38.37,1055119.35,122894.96,596679.66,15011,33121096,20058,275239.94,19259
76,2024,2,19470,723984.56,19400,37.32,996523.08,122088.67,570958.67,14699,33205476,19202,253284.23,18253
76,2024,3,25524,995496.36,25449,39.12,1353962.18,173207.37,812116.92,20023,46430864,25165,354805.51,24250
76,2024,4,22110,837600.59,22036,38.01,1152101.31,152183.13,698529.03,17561,41813847,21767,291741.27,20555
76,2024,5,20396,780329.09,20334,38.38,1066001.89,140628.76,649267.74,16303,37238819,20100,277883.84,19251
76,2024,6,20835,795034.54,20761,38.29,1092924.22,143105.93,662651.55,16729,37089424,20529,283711.89,19674
76,2024,7,20310,771908.62,20209,38.2,1055436.73,135691.18,634445.17,15877,37320930,19960,275591.84,19102
76,2024,8,25656,1002810.03,25584,39.2,1362275.78,176234.17,828938.28,20478,49473521,25301,354691.54,24158
76,2024,9,24356,924699.02,24267,38.11,1266308.25,164627.18,763925.02,19315,45290724,24016,329067.5,23026
76,2024,10,25120,963228.49,25014,38.51,1321537.41,172974.85,803273.04,20104,47708088,24727,342496.4,23617
76,2024,11,28098,1121138.51,27988,40.06,1511666.33,192943.47,914470.3,22070,60460637,27673,397171.55,26495
76,2024,12,26659,1046365.53,26539,39.43,1424862.88,183373.44,861329.86,21052,52927932,26172,366879.45,24800
76,2024,13,22305,847164.05,22205,38.15,1163002.74,146485.89,681094.65,17151,42634058,21900,298397.42,20798
76,2024,14,26550,1019886.66,26412,38.61,1391985.95,178858.56,830594.85,20709,54279999,26134,360672.15,24899
76,2024,15,26730,1072449.62,26610,40.3,1459392.36,190585.04,892971.22,21415,56205099,26284,376668.68,24959
76,2024,16,27590,1068898.28,27479,38.9,1463498.84,191894.27,886721.97,21946,57141474,27160,376827.29,25678
76,2024,17,25875,1009360.05,25765,39.18,1381593.21,177773.57,823453.61,20286,55207586,25446,359212.66,24155
76,2024,18,29481,1173264.3,29343,39.98,1591278.8,204746.6,959504.47,23247,65580708,29049,414742.82,27557
76,2024,19,30010,1189622.1,29883,39.81,1625186.4,209352.14,974100.97,23626,66618045,29543,417396.88,27962
76,2024,20,33962,1387121.89,33798,41.04,1881352.77,245962.31,1149263.81,27078,81943936,33426,488666.89,31758
76,2024,21,29297,1168446.69,29135,40.1,1602921.85,200487.29,936629.9,22486,65205114,28764,401500.09,26950
76,2024,22,31904,1308428.78,31756,41.2,1763026.9,225766.61,1073748.34,25137,77799276,31450,461080.0,29896
76,2024,23,31797,1298177.51,31628,41.05,1773135.59,231177.27,1072806.1,25248,74542999,31213,443447.25,29115
76,2024,24,29984,1197039.85,29864,40.08,1643087.75,212533.65,990436.34,23813,68110130,29465,416198.3,27664
76,2024,25,30615,1240590.73,30506,40.67,1691916.01,217610.15,1024031.58,24296,70833405,30215,437346.96,28672
76,2024,26,28979,1143520.59,28822,39.68,1576092.6,200740.15,932021.32,22591,64351462,28499,401573.4,26788
76,2024,27,18290,702789.26,18183,38.65,956200.83,109707.47,537093.15,13398,34988421,18005,249486.46,17043
76,2024,28,26827,1071413.64,26703,40.12,1461702.42,183657.28,871807.69,20954,60321484,26451,380769.9,25150
76,2024,29,31073,1243712.98,30935,40.2,1715448.08,211559.36,994952.25,23995,68117724,30673,439594.27,29106
76,2024,30,29066,1154253.22,28957,39.86,1584093.12,196720.07,928276.17,22538,63737447,28687,410038.02,27247
76,2024,31,28839,1154639.4,28735,40.18,1579857.12,196577.43,931527.64,22326,64785628,28431,406299.09,27075
76,2024,32,29711,1197190.45,29596,40.45,1639338.1,199780.24,949879.87,22682,67403012,29310,424600.69,27991
76,2024,33,27235,1082827.87,27140,39.9,1488340.48,186610.65,877520.47,21260,59521358,26861,385617.84,25638
76,2024,34,26009,1023622.31,25895,39.53,1400207.06,174259.51,822590.59,20151,54480264,25659,367373.32,24591
76,2024,35,24829,984518.58,24713,39.84,1335962.17,163633.14,784137.3,18985,53457698,24474,351099.1,23358
76,2024,36,26659,1062234.43,26533,40.03,1438743.04,179942.92,859533.62,20701,58084827,26299,383031.99,25220
76,2024,37,30225,1227276.09,30090,40.79,1678689.16,216746.35,1017302.01,24159,69683248,29788,430874.97,28436
76,2024,38,32338,1323314.23,32184,41.12,1801651.02,235958.27,1102185.94,25896,78926890,31902,468330.71,30627
76,2024,39,32019,1323527.96,31880,41.52,1796865.42,236810.1,1107017.48,25820,78307059,31595,467809.26,30303
76,2024,40,28568,1150644.06,28446,40.45,1563639.26,201721.24,951871.51,22748,64238406,28215,415038.28,27178
76,2024,41,30398,1244573.12,30244,41.15,1687592.17,215197.82,1016619.15,23964,69712740,29973,441031.81,28668
76,2024,42,32571,1339037.91,32428,41.29,1812466.97,237333.78,1115169.23,26230,75636037,32128,474279.45,30753
76,2024,43,31067,1251999.51,30930,40.48,1707653.21,224615.62,1049291.94,25139,68064156,30622,446990.0,29267
76,2024,44,26731,1081544.42,26619,40.63,1458369.11,188932.68,897514.92,21297,56138236,26385,395190.81,25378
76,2024,45,27200,1091364.02,27063,40.33,1486798.38,194575.76,917153.6,21887,56554805,26721,388671.64,25365
76,2024,46,32522,1311265.94,32386,40.49,1782935.69,239102.29,1112104.37,26706,69830900,32125,477231.17,30989
76,2024,47,25477,1023837.74,25356,40.38,1401724.76,185778.28,867627.36,20741,56060194,25103,361226.6,23844
76,2024,48,22278,907310.41,22201,40.87,1219386.07,150853.95,732433.75,17310,48392730,22053,340986.01,21457
76,2024,49,27284,1096428.16,27173,40.35,1500293.89,195798.35,918961.26,22039,58950314,26912,393116.21,25776
76,2024,50,23139,914160.99,23041,39.68,1254266.86,167001.44,770689.89,18826,49359712,22871,334309.41,22115
76,2024,51,16595,649167.18,16535,39.26,885469.45,112804.33,527551.92,12929,35290438,16404,237269.59,15830
76,2024,52,14178,542856.53,14130,38.42,725591.54,82740.36,398232.54,10023,27667354,14011,203280.81,13588
76,2025,1,18445,706182.88,18363,38.46,957972.14,112000.63,544397.89,13635,32145919,18223,266298.14,17746
76,2025,2,18180,689493.11,18103,38.09,942910.16,116345.91,555364.17,13895,32801424,17981,258770.77,17363
76,2025,3,17964,696422.55,17896,38.91,956792.6,122744.75,574263.85,14272,34469536,17749,260578.2,17251
76,2025,4,20547,784893.5,20467,38.35,1073815.91,140450.83,653767.48,16376,37712256,20300,295893.63,19717
76,2025,5,20516,787371.39,20408,38.58,1075838.4,142145.84,662811.93,16563,39205038,20251,295160.88,19639
76,2025,6,20343,785392.96,20257,38.77,1073932.91,140985.79,658557.92,16383,37070333,20111,294894.3,19530
76,2025,7,20822,799958.17,20707,38.63,1097911.28,142474.29,663427.63,16552,40041246,20553,296529.11,19957
76,2025,8,24004,932529.74,23888,39.04,1269959.03,165123.8,778301.18,19236,46070511,23673,346782.65,22966
76,2025,9,25854,1021873.6,25737,39.7,1385953.02,179793.74,844085.65,20669,51141021,25527,383792.22,24878
76,2025,10,24459,960624.72,24341,39.47,1307870.93,171159.25,808965.48,19817,49709848,24099,351360.09,23198
76,2025,11,24932,997425.88,24826,40.18,1356022.77,178424.57,843510.57,20407,53911369,24653,366402.55,23828
76,2025,12,25819,1030707.29,25715,40.08,1404305.01,184248.91,869408.36,20937,53371771,25432,372407.37,24451
76,2025,13,26310,1040086.37,26188,39.72,1420836.59,185917.03,875009.75,21342,51458560,25996,384273.83,25200
76,2025,14,29021,1135853.45,28906,39.29,1563436.95,201165.1,949166.35,23407,54770004,28666,414159.95,27615
76,2025,15,25794,1013875.05,25679,39.48,1392042.7,182141.22,854608.58,20919,52354817,25422,370213.24,24482
76,2025,16,21993,872932.89,21891,39.88,1185853.63,152312.16,728546.1,17697,45995907,21685,316768.95,20825
76,2025,17,29916,1229252.3,29762,41.3,1657976.21,219640.47,1042409.16,24516,68264637,29524,443830.45,28423
76,2025,18,29806,1203415.68,29663,40.57,1638255.63,217363.18,1024967.43,24484,63000384,29430,430360.92,28153
76,2025,19,28415,1148445.25,28255,40.65,1565446.62,205854.71,973526.37,23237,62974526,28049,409321.7,26827
76,2025,20,33175,1379199.9,33021,41.77,1873028.09,247858.51,1172227.76,27300,79572616,32780,490624.71,31520
76,2025,21,26649,1073184.02,26504,40.49,1465924.29,188619.15,901206.17,21404,57938659,26296,378465.75,25010
76,2025,22,29441,1234666.14,29319,42.11,1656912.48,219598.95,1056989.74,24320,70155417,29130,445528.41,28115
76,2025,23,29469,1233271.65,29347,42.02,1672545.21,219136.6,1045103.51,24130,70665382,29044,426727.14,27521
76,2025,24,31781,1321196.83,31636,41.76,1797266.65,234636.31,1119201.86,25930,74750211,31364,463703.77,29900
76,2025,25,29863,1213173.93,29711,40.83,1657078.56,213463.03,1015915.23,24120,66732975,29477,427799.3,28108
76,2025,26,28524,1140373.24,28397,40.16,1572980.03,200987.09,950884.36,22927,61544323,28170,401632.19,26772
76,2025,27,18106,706409.51,18004,39.24,958635.56,113263.79,559000.93,13743,36876701,17816,252433.06,17058
76,2025,28,25837,1027154.68,25697,39.97,1401802.79,176827.23,852055.87,20573,55301177,25498,368506.48,24354
76,2025,29,28044,1135545.72,27902,40.7,1554713.57,199399.51,948880.24,22556,60918480,27705,402679.29,26365
76,2025,30,25678,1032187.04,25553,40.39,1413485.89,181912.56,866097.05,20708,54564080,25307,364759.16,24059
76,2025,31,26783,1074914.71,26648,40.34,1475313.24,186069.33,885199.56,21237,58863355,26392,377189.44,25075
76,2025,32,24182,967201.38,24059,40.2,1320506.06,166714.22,802713.23,19297,50987561,23828,342393.17,22630
76,2025,33,27466,1099438.4,27322,40.24,1507920.01,188455.57,903778.7,21698,59847299,27109,387507.03,25785
76,2025,34,24979,983088.45,24844,39.57,1352731.54,169885.23,815129.55,19879,52413734,24617,347650.78,23437
76,2025,35,21695,881025.24,21583,40.82,1198401.72,149624.95,721300.02,17008,49892443,21383,310523.07,20323
76,2025,36,24493,979006.37,24379,40.16,1323817.9,165975.51,810461.02,19353,49699552,24134,351369.65,22983
76,2025,37,28879,1185312.56,28750,41.23,1618728.8,211938.42,999100.98,23546,64482745,28498,416886.58,27113
76,2025,38,30526,1254076.85,30377,41.28,1712584.59,225973.82,1065887.76,25084,70447412,30137,442538.66,28766
76,2025,39,28526,1160495.86,28384,40.89,1575826.93,205251.62,974428.57,23085,63372324,28150,413682.3,26944
76,2025,40,26509,1081490.8,26405,40.96,1469933.78,190167.63,910553.82,21521,57770615,26197,379476.4,24872
76,2025,41,30155,1235107.14,30011,41.16,1681682.51,216968.5,1028049.14,24289,65088639,29773,435577.59,28374
76,2025,42,31501,1309304.73,31374,41.73,1786243.86,235116.02,1104172.75,25684,70247399,31065,453787.19,29491
76,2025,43,29417,1213508.49,29283,41.44,1661722.48,218859.07,1028006.95,24112,66202405,29043,427039.54,27712
76,2025,44,26759,1091424.04,26637,40.97,1485814.51,193598.11,912470.55,21557,56967358,26379,382585.76,24968
76,2025,45,25779,1045569.29,25682,40.71,1431488.67,191720.96,902179.68,21416,55155438,25477,366244.28,24101
76,2025,46,25923,1020455.84,25823,39.52,1402430.07,187387.02,872635.53,21321,53689842,25630,360634.92,24416
76,2025,47,22308,895715.48,22219,40.31,1229039.33,164049.04,761027.25,18217,49378342,22021,313408.65,20881
76,2025,48,20781,843846.29,20671,40.82,1145333.13,142143.6,686073.06,16250,41085813,20533,306285.14,19822
76,2025,49,26821,1084525.2,26720,40.59,1493156.18,195381.13,911963.15,21848,54793567,26490,377418.98,25105
76,2025,50,21630,861311.52,21559,39.95,1188458.61,160435.01,733973.92,17814,46255190,21396,309632.79,20626
76,2025,51,15569,615314.95,15493,39.72,844078.79,110611.94,510222.13,12435,33671119,15376,221933.84,14781
76,2025,52,12707,489699.06,12629,38.78,663870.14,77992.68,370889.27,9336,23275211,12527,180516.53,12163
76,2026,1,17257,663966.08,17172,38.67,908153.28,109419.37,526950.93,13186,31345566,17071,246281.05,16583
76,2026,2,16978,663475.45,16894,39.27,910776.11,113385.11,540913.99,13371,31261658,16792,244859.6,16211
76,2026,3,17858,693976.3,17770,39.05,959506.91,125314.08,580099.69,14357,33484706,17670,256583.91,17112
76,2026,4,19098,736217.82,19031,38.69,1017855.22,134965.05,618017.14,15494,34859184,18897,271563.17,18335
76,2026,5,19417,748225.18,19319,38.73,1035001.49,134272.67,618326.67,15485,36670868,19190,273854.35,18598
76,2026,6,17887,698823.66,17796,39.27,962994.46,127068.59,585597.91,14526,34308926,17682,255683.19,17103
76,2026,7,18328,710134.28,18254,38.9,979264.86,129538.07,600317.99,14866,35534010,18126,259701.75,17474
76,2026,8,22744,901930.15,22657,39.81,1235088.77,163975.72,762343.85,18574,44188684,22519,328894.39,21686
76,2026,9,21264,837907.55,21184,39.55,1151350.04,151283.62,704910.4,17258,41119113,21044,305922.96,20309
76,2026,10,23152,912310.12,23048,39.58,1257023.21,166629.14,771577.43,18915,44960909,22900,328164.63,22017
76,2026,11,24803,997747.98,24661,40.46,1371103.47,178825.74,845073.46,20284,50554200,24451,351993.62,23353
76,2026,12,24089,960377.24,23982,40.05,1318188.5,174008.41,807755.13,19550,48280860,23815,341746.97,22767
76,2026,13,25299,984397.34,25216,39.04,1360713.24,178755.83,825968.23,20477,47261639,25036,352502.45,24031
76,2026,14,20419,794817.75,20330,39.1,1103132.59,137949.12,647044.88,15967,39468507,20182,283206.2,19302
76,2026,15,22745,917243.97,22635,40.52,1258807.72,164796.98,773655.5,18517,48330952,22479,327380.87,21564
76,2026,16,27046,1098251.91,26948,40.75,1508422.63,202255.7,944105.9,22474,57935070,26728,388584.22,25550
76,2026,17,26411,1084780.37,26299,41.25,1486574.96,201022.3,937818.32,22034,57852644,26088,380127.84,24843
76,2026,18,27597,1135448.3,27515,41.27,1548705.25,206382.1,973534.1,22892,61813960,27310,402076.4,26159
76,2026,19,26181,1068048.97,26064,40.98,1474563.93,197666.24,916751.94,21724,56758180,25849,367389.94,24356
76,2026,20,28554,1202621.41,28447,42.28,1645684.52,219625.0,1025431.72,23612,68779106,28250,420231.45,27040
76,2026,21,24987,1010274.11,24867,40.63,1395563.69,182205.93,851784.56,20266,54027051,24639,347478.29,23302
76,2026,22,26768,1135161.8,26660,42.58,1530854.24,203508.55,973358.94,22155,62717530,26457,400008.56,25385
76,2026,23,10,346.5,10,34.65,469.84,73.84,287.25,9,12560,10,135.44,10
77,2024,1,1248,23817.07,1244,19.15,25404.29,1250.33,15911.03,749,1370317,1215,6742.38,1114
77,2024,2,1207,23040.86,1204,19.14,24923.86,1515.0,15567.13,703,1358653,1180,6019.86,1066
77,2024,3,1244,25195.58,1241,20.3,27005.96,1533.33,16699.35,728,1631558,1210,6838.34,1105
77,2024,4,1287,25331.93,1274,19.88,27469.99,1677.06,17037.16,774,1655676,1242,6757.14,1137
77,2024,5,1325,25897.08,1322,19.59,27873.63,1552.91,17558.81,799,1490451,1297,7189.06,1169
77,2024,6,1342,25841.24,1338,19.31,27504.58,1242.59,16526.23,777,1506290,1318,7278.94,1202
77,2024,7,1365,27102.68,1357,19.97,28774.15,1367.07,18298.01,827,1568488,1330,8050.66,1233
77,2024,8,1377,27494.21,1370,20.07,29400.65,1516.44,19000.75,849,1580544,1346,8008.41,1224
77,2024,9,1392,26911.89,1381,19.49,28732.4,1319.76,17684.04,817,1677857,1346,7869.87,1247
77,2024,10,1395,28078.72,1386,20.26,30165.98,1593.91,19083.97,828,1641130,1359,7902.51,1260
77,2024,11,1541,31912.52,1528,20.89,34415.41,1826.09,21440.55,941,2083211,1498,8860.33,1362
77,2024,12,1505,29893.25,1487,20.1,32204.83,1903.37,19652.7,874,1894016,1445,8322.25,1304
77,2024,13,1447,29026.97,1426,20.36,30939.06,1502.34,19257.71,873,1726465,1392,8263.26,1271
77,2024,14,1467,27888.39,1443,19.33,29783.36,1476.97,18944.35,881,1743840,1413,8159.89,1292
77,2024,15,1238,24439.06,1228,19.9,26550.57,1490.01,16812.0,767,1558556,1204,7194.72,1106
77,2024,16,1538,30955.12,1527,20.27,33192.82,1814.19,21708.32,987,1914465,1492,9187.5,1373
77,2024,17,1581,32096.17,1567,20.48,34274.87,1694.84,22412.5,1018,2064673,1549,9432.29,1413
77,2024,18,1618,32246.3,1604,20.1,34405.37,1635.55,22101.25,1034,2020288,1582,9344.07,1431
77,2024,19,1594,32550.72,1590,20.47,35123.26,1865.44,22444.96,999,2049806,1562,9503.83,1425
77,2024,20,1561,33070.91,1547,21.38,35540.92,1936.51,22056.77,962,2031623,1526,9785.42,1397
77,2024,21,1561,32205.2,1540,20.91,34509.87,1883.42,22401.53,980,2165685,1520,8840.26,1359
77,2024,22,1482,30287.46,1472,20.58,32168.51,1510.05,20334.23,910,1913859,1451,8975.73,1304
77,2024,23,1644,32459.98,1622,20.01,34707.84,1692.27,21441.53,998,2070866,1599,9328.65,1418
77,2024,24,1521,30982.31,1501,20.64,33201.0,1833.94,21088.56,929,2041366,1485,8974.27,1342
77,2024,25,1427,29180.56,1414,20.64,31360.82,1758.42,19962.19,892,1899932,1396,8606.52,1253
77,2024,26,1466,30677.88,1442,21.27,32929.42,1639.04,20467.78,921,1918334,1430,9046.13,1291
77,2024,27,1410,26438.21,1399,18.9,28372.47,1363.96,17396.52,836,1717900,1374,7666.24,1246
77,2024,28,1472,30165.45,1461,20.65,31948.37,1531.42,20466.07,917,1956216,1446,8836.61,1329
77,2024,29,1513,31733.58,1499,21.17,33755.56,1602.73,20921.5,906,2078894,1479,9264.59,1334
77,2024,30,1437,29914.67,1431,20.9,31647.73,1401.56,20013.07,903,1862216,1423,9134.21,1321
77,2024,31,1560,30896.66,1543,20.02,33137.91,1544.3,20398.68,941,1952598,1535,9148.35,1403
77,2024,32,1566,31512.85,1557,20.24,33568.28,1563.93,20839.39,959,1943269,1547,9394.78,1427
77,2024,33,1465,29623.61,1456,20.35,31669.55,1416.47,20388.38,910,1736647,1448,9163.87,1320
77,2024,34,1506,30764.24,1495,20.58,32704.5,1402.39,20014.16,945,1938366,1484,9363.8,1371
77,2024,35,1596,31162.93,1590,19.6,32961.12,1370.47,20867.15,991,2065051,1567,9463.96,1428
77,2024,36,1474,29152.34,1466,19.89,30918.49,1409.16,20292.99,919,1923112,1451,8826.36,1343
77,2024,37,1619,31868.67,1605,19.86,33782.87,1539.32,22490.87,1019,2249661,1587,9697.36,1462
77,2024,38,1473,30467.88,1465,20.8,32730.54,1686.41,20522.25,909,2136142,1443,8977.63,1317
77,2024,39,1454,30295.44,1439,21.05,32496.74,1617.05,20735.29,910,1991979,1424,8741.66,1317
77,2024,40,1512,32061.45,1507,21.28,34181.91,1621.7,21773.58,920,2120585,1492,9092.58,1357
77,2024,41,1426,28672.95,1418,20.22,30499.42,1303.47,19550.2,874,1972589,1400,8666.2,1307
77,2024,42,1505,31400.46,1495,21.0,33953.16,1882.1,22222.13,944,1980377,1480,9198.22,1340
77,2024,43,1466,29320.74,1451,20.21,31251.96,1438.72,19628.54,884,1979008,1430,8687.79,1314
77,2024,44,1560,31088.98,1553,20.02,33354.17,1751.19,21642.03,977,1949514,1542,9173.23,1402
77,2024,45,1496,29537.46,1483,19.92,31338.21,1430.75,20787.41,930,1771310,1468,8893.44,1332
77,2024,46,1454,29332.28,1441,20.36,31088.64,1438.36,20118.97,908,1813254,1432,8891.87,1317
77,2024,47,1575,32359.05,1563,20.7,34580.47,1705.17,23028.6,1039,1972160,1548,9684.86,1434
77,2024,48,1360,26147.53,1347,19.41,27609.09,1111.31,17973.49,831,1574501,1327,8102.97,1229
77,2024,49,1558,29559.96,1542,19.17,31493.65,1394.94,20909.5,977,1772835,1523,8744.33,1390
77,2024,50,1599,32154.07,1588,20.25,34164.2,1653.13,23863.92,1075,1995557,1570,9710.9,1465
77,2024,51,1633,33206.15,1626,20.42,35453.87,1699.97,24077.08,1065,1933908,1615,10027.87,1491
77,2024,52,1215,24751.25,1203,20.57,25988.46,1015.21,16808.0,735,1510499,1189,9894.72,1097
77,2025,1,1290,25293.8,1282,19.73,26540.76,923.46,16890.37,799,1618971,1274,7522.29,1175
77,2025,2,1414,27862.17,1404,19.84,29276.52,1142.35,20021.82,921,1702023,1391,8552.75,1291
77,2025,3,1432,28364.5,1422,19.95,29766.29,1069.29,19358.03,895,1718512,1400,8436.41,1292
77,2025,4,1333,26710.04,1329,20.1,28464.35,1258.81,19733.37,908,1601743,1315,8310.05,1220
77,2025,5,1386,27455.13,1381,19.88,29271.6,1309.48,19891.51,914,1640603,1375,8270.86,1274
77,2025,6,1510,29313.06,1500,19.54,30956.96,1275.9,21102.66,994,1690118,1490,9221.5,1414
77,2025,7,1482,29940.07,1474,20.31,31427.63,1141.56,21284.0,988,1823846,1459,9345.92,1387
77,2025,8,1588,33025.86,1579,20.92,34957.74,1407.38,24434.06,1094,1996379,1570,10330.61,1481
77,2025,9,1591,31271.59,1581,19.78,33029.89,1306.1,22075.16,1018,1912261,1569,9653.17,1473
77,2025,10,1542,30726.29,1527,20.12,32411.56,1212.26,21153.88,983,1794753,1515,9658.85,1432
77,2025,11,1540,33207.51,1531,21.69,35118.97,1448.51,23298.51,1049,1906476,1519,10122.38,1438
77,2025,12,1553,33325.26,1545,21.57,35371.66,1474.8,23352.18,1033,2318555,1521,9797.08,1432
77,2025,13,1396,29133.54,1388,20.99,30925.84,1449.3,20626.75,925,1616022,1371,8841.19,1297
77,2025,14,1586,32523.91,1574,20.66,34684.93,1576.02,23277.35,1046,1939524,1565,9588.4,1461
77,2025,15,1491,31166.28,1477,21.1,33108.18,1410.9,22694.32,1025,1874011,1469,9226.65,1378
77,2025,16,1554,30751.79,1542,19.94,32532.22,1295.68,22384.62,1048,1839683,1534,9473.52,1455
77,2025,17,1521,31372.51,1509,20.79,33428.1,1498.34,22247.24,1003,1930007,1496,9322.37,1388
77,2025,18,1609,33398.2,1601,20.86,35493.61,1703.41,24534.95,1100,1959918,1587,9614.84,1490
77,2025,19,1563,31013.02,1550,20.01,33091.29,1496.77,22659.98,1043,1892616,1532,9411.76,1431
77,2025,20,1691,34384.96,1677,20.5,36767.53,1802.82,26407.8,1203,2155769,1663,10137.82,1563
77,2025,21,1723,35584.9,1713,20.77,37748.24,1613.84,26821.17,1177,2193937,1692,10496.69,1594
77,2025,22,1628,33708.21,1616,20.86,35543.51,1386.79,25498.06,1102,2051435,1600,9975.71,1498
77,2025,23,1838,37296.64,1826,20.43,39417.05,1481.66,27747.93,1262,2327506,1813,11127.67,1704
77,2025,24,1839,38160.28,1831,20.84,40923.27,1662.74,29831.74,1323,2293632,1819,11489.86,1720
77,2025,25,1629,33801.31,1626,20.79,35945.3,1585.98,25564.96,1162,2072038,1622,10153.23,1526
77,2025,26,1642,34334.46,1631,21.05,36576.05,1503.34,25774.72,1119,2152732,1616,10188.76,1517
77,2025,27,1419,27663.26,1413,19.58,29272.36,1088.6,18553.72,882,1754519,1399,8344.81,1309
77,2025,28,1523,31223.81,1515,20.61,33160.87,1284.31,22199.93,997,1989667,1503,9546.36,1408
77,2025,29,1591,32940.63,1585,20.78,34896.37,1441.73,24432.74,1101,1999008,1569,10201.23,1487
77,2025,30,1532,32468.38,1522,21.33,34284.78,1398.78,23166.58,1021,1945346,1512,10074.19,1424
77,2025,31,1632,33188.24,1624,20.44,35308.05,1549.81,24303.93,1101,1927019,1600,9856.38,1499
77,2025,32,1588,33295.8,1582,21.05,35284.69,1527.14,24399.34,1100,1939155,1566,10409.21,1486
77,2025,33,1584,32798.85,1579,20.77,34817.26,1428.16,25114.15,1118,1999724,1567,10199.25,1477
77,2025,34,1549,33181.61,1545,21.48,35058.12,1418.76,24508.67,1068,2019875,1532,10211.19,1439
77,2025,35,1598,33434.3,1588,21.05,35226.74,1203.93,23435.26,1028,2051490,1569,10361.1,1489
77,2025,36,1484,30400.69,1477,20.58,32019.51,1144.96,21893.97,964,2006206,1469,9216.37,1369
77,2025,37,1536,32590.11,1531,21.29,34797.12,1407.51,24343.36,1064,1978767,1520,10176.71,1421
77,2025,38,1541,34933.48,1536,22.74,36740.74,1384.76,25552.1,1096,2131427,1522,10808.64,1438
77,2025,39,1513,31958.86,1508,21.19,34053.99,1439.58,24219.79,1048,1910175,1496,9954.34,1414
77,2025,40,1477,30697.49,1471,20.87,32584.71,1376.22,22270.3,998,1883616,1449,9369.33,1378
77,2025,41,1400,29437.19,1396,21.09,31402.62,1512.38,20697.93,945,1930197,1382,8753.54,1299
77,2025,42,1334,28494.73,1330,21.42,30613.66,1522.71,19665.96,913,1660651,1315,8375.78,1232
77,2025,43,1319,26157.91,1313,19.92,28360.53,1525.62,18480.96,851,1544098,1288,7806.57,1199
77,2025,44,1280,24929.75,1276,19.54,26694.75,1325.0,18208.83,884,1579206,1263,7260.07,1183
77,2025,45,1356,26696.76,1350,19.78,28812.37,1552.6,18803.67,896,1583353,1333,8000.46,1244
77,2025,46,1365,26601.59,1359,19.57,28469.05,1312.95,19053.8,898,1828993,1343,7974.77,1263
77,2025,47,1361,26901.16,1355,19.85,28933.77,1485.77,18862.99,899,1715302,1342,8189.48,1265
77,2025,48,1115,22569.98,1111,20.32,24482.91,1434.38,14750.05,681,1366294,1096,6538.02,1014
77,2025,49,1579,32426.78,1573,20.61,34482.34,1468.17,24514.49,1126,1829085,1563,9243.26,1470
77,2025,50,1597,32024.71,1586,20.19,34345.84,1607.13,23851.07,1135,1933973,1575,9398.89,1496
77,2025,51,1479,29858.83,1469,20.33,31871.27,1555.19,20797.67,990,1688449,1457,8978.26,1374
77,2025,52,1069,20504.11,1064,19.27,22295.97,1429.76,14647.24,703,1107514,1054,6227.5,974
77,2026,1,1000,18300.13,994,18.41,19505.52,895.89,11764.79,603,1046991,992,5500.36,907
77,2026,2,1234,24522.84,1226,20.0,26558.08,1365.99,16944.77,803,1481069,1216,7277.55,1126
77,2026,3,1302,26090.11,1286,20.29,28167.83,1406.22,18084.33,867,1670935,1273,7776.47,1197
77,2026,4,1127,21686.42,1119,19.38,23245.57,1075.96,14946.52,756,1246484,1102,6540.27,1044
77,2026,5,1339,25551.65,1329,19.23,27346.04,1326.14,18164.29,904,1530882,1321,7404.1,1257
77,2026,6,1310,25164.47,1302,19.33,26661.19,1177.27,16377.4,840,1514400,1296,7626.18,1228
77,2026,7,1289,25538.64,1281,19.94,27341.1,1276.11,18080.69,868,1520267,1272,7798.19,1193
77,2026,8,1185,23352.81,1178,19.82,24883.59,1236.84,15688.72,760,1263723,1166,7168.12,1105
77,2026,9,1277,24480.07,1273,19.23,26113.97,1283.65,16230.3,817,1406558,1255,7389.08,1188
77,2026,10,1353,26845.6,1344,19.97,28733.72,1486.27,19001.56,899,1556685,1334,7885.46,1251
77,2026,11,1485,29582.5,1480,19.99,31226.41,1300.48,22009.52,1056,1652552,1474,8783.68,1389
77,2026,12,1574,30776.44,1565,19.67,32788.43,1509.51,23996.91,1169,1640785,1552,9180.42,1483
77,2026,13,1219,23475.52,1212,19.37,25516.16,1359.39,16508.63,802,1214469,1207,6869.68,1116
77,2026,14,1384,26202.15,1379,19.0,28214.93,1323.28,19370.28,983,1644735,1372,7702.77,1294
77,2026,15,1388,26973.39,1381,19.53,28911.43,1307.92,19582.52,952,1574970,1374,8096.95,1293
77,2026,16,1478,29994.87,1467,20.45,32038.59,1358.72,22651.29,1046,1741939,1448,8869.87,1397
77,2026,17,1401,27062.91,1392,19.44,29027.28,1329.12,19808.27,996,1488795,1376,7933.89,1299
77,2026,18,1509,29130.04,1500,19.42,30968.69,1383.05,20764.76,1033,1877999,1477,8513.07,1384
77,2026,19,1464,29757.58,1459,20.4,32114.99,1747.71,23041.35,1057,1965258,1441,8331.52,1362
77,2026,20,1526,30464.25,1521,20.03,32615.65,1612.4,23628.83,1131,1725037,1506,9019.24,1435
77,2026,21,1448,28737.83,1447,19.86,30747.84,1425.21,22346.01,1069,1609599,1435,8295.06,1352
77,2026,22,1333,26294.25,1328,19.8,28097.77,1246.27,20805.24,1001,1463192,1308,7613.34,1249
8,2024,1,15073,203108.14,15023,13.52,236845.53,23249.27,126637.08,8802,10768997,14804,47007.99,13369
8,2024,2,17496,216968.19,17425,12.45,264658.95,28734.62,145003.49,10894,12258101,17203,50000.33,15662
8,2024,3,19472,244007.44,19366,12.6,289919.21,33944.34,170110.4,12607,13734299,19095,54594.98,17068
8,2024,4,23003,316956.04,22909,13.84,377722.78,45648.21,226445.25,14998,18860731,22594,76147.37,20413
8,2024,5,19777,255321.64,19719,12.95,300443.84,33190.78,172523.8,12393,14424123,19446,61385.75,17751
8,2024,6,19752,260512.99,19677,13.24,310321.35,34597.73,177426.66,12425,14662630,19453,63241.41,17805
8,2024,7,21158,271413.05,21069,12.88,322296.75,35724.48,183838.34,13410,15600753,20806,63615.36,18946
8,2024,8,22273,304491.85,22182,13.73,365749.04,40628.82,210479.39,14104,17149739,21861,73542.52,19925
8,2024,9,20673,274990.39,20564,13.37,325626.68,36195.5,188503.02,13115,15915388,20252,66070.24,18488
8,2024,10,23112,307171.66,22979,13.37,366715.74,41830.66,213886.79,14847,17792260,22695,72903.29,20660
8,2024,11,26542,364366.63,26396,13.8,435363.3,49985.22,253865.21,17244,22372564,25981,83818.2,23619
8,2024,12,26121,367912.26,25980,14.16,445995.99,50214.48,260295.03,17045,21516301,25593,89352.5,23354
8,2024,13,23569,316193.07,23416,13.5,377188.84,42822.62,214910.25,14798,18411198,23072,75826.02,21164
8,2024,14,24617,327484.43,24468,13.38,389468.02,44935.85,224655.44,15614,19435964,24046,77984.22,22073
8,2024,15,23823,352914.56,23702,14.89,424043.53,51347.89,255105.53,15838,20514993,23313,86149.14,21267
8,2024,16,25995,375607.97,25846,14.53,446789.85,51688.96,269345.03,17119,22302122,25547,93516.75,23366
8,2024,17,26014,362065.03,25882,13.99,428761.78,48136.01,256789.86,16983,21921665,25512,87435.82,23280
8,2024,18,27741,417006.07,27593,15.11,495689.57,56532.68,302264.23,18503,25790037,27224,103500.97,24901
8,2024,19,28188,428587.23,28036,15.29,511758.34,60382.3,313276.91,18960,27281187,27700,105866.37,25160
8,2024,20,30833,464080.51,30647,15.14,558882.32,68072.62,340502.0,20806,28257991,30207,111650.96,27294
8,2024,21,29539,466910.49,29327,15.92,556862.22,64045.64,341254.64,19683,28842765,28950,111949.44,26085
8,2024,22,30079,434745.67,29882,14.55,521998.57,60140.97,324267.05,20888,25212661,29491,100744.65,26228
8,2024,23,32526,512719.09,32330,15.86,617478.96,75105.79,387436.25,22250,30752070,31948,124958.45,28784
8,2024,24,34496,509818.4,34300,14.86,617805.66,76845.25,379874.31,23732,30671999,33891,120001.94,30655
8,2024,25,30995,446537.97,30802,14.5,539709.5,64659.38,321391.57,20684,26461740,30411,102167.58,27288
8,2024,26,30452,461616.69,30266,15.25,554175.06,66488.48,341169.54,20602,28014854,29928,110929.73,26992
8,2024,27,21858,306810.97,21699,14.14,363559.64,38150.24,205220.36,13416,17877304,21460,72065.79,19185
8,2024,28,26062,367552.92,25885,14.2,438390.14,48328.2,253686.07,16581,23024573,25583,86302.76,23176
8,2024,29,29311,434675.35,29166,14.9,522681.05,60818.45,308909.07,19178,25626878,28811,102160.09,26111
8,2024,30,27529,402604.14,27387,14.7,481709.8,55075.64,285362.86,17972,24042939,27074,95863.94,24653
8,2024,31,28337,418984.66,28194,14.86,503728.82,58005.89,298067.08,18592,24147040,27875,94755.07,25213
8,2024,32,29209,441821.13,29070,15.2,530674.24,61346.52,319539.89,19231,25829197,28777,105300.07,26179
8,2024,33,26758,404263.64,26642,15.17,482427.92,55190.06,287740.27,17475,23668643,26337,98521.33,24027
8,2024,34,26307,384463.12,26200,14.67,464629.04,54640.14,277726.54,17482,21992969,25929,93125.97,23441
8,2024,35,27855,407557.7,27707,14.71,486035.84,55296.91,291679.72,18307,24266605,27404,99176.52,25039
8,2024,36,23977,363931.81,23867,15.25,431126.74,45974.56,252027.45,15196,20657986,23583,92165.36,21635
8,2024,37,27619,433914.94,27482,15.79,519831.92,60540.76,314865.5,18143,24326126,27184,108182.38,24689
8,2024,38,28496,444231.5,28351,15.67,530358.72,61412.6,320372.26,18748,26048016,28049,110154.94,25711
8,2024,39,28894,439363.43,28741,15.29,526422.58,61877.51,319218.0,18985,25308349,28396,107603.39,26040
8,2024,40,25010,367299.54,24883,14.76,436311.58,48886.63,256200.71,15919,21397067,24611,90197.48,22688
8,2024,41,27813,431228.56,27701,15.57,515745.22,59740.4,317200.27,18514,24754098,27383,104709.84,25074
8,2024,42,31579,489207.71,31427,15.57,584303.12,67875.24,355902.51,21269,28575777,31089,118964.76,28475
8,2024,43,28353,442870.14,28195,15.71,527493.41,61319.74,322029.52,18851,25361471,27915,110341.84,25760
8,2024,44,25561,366742.99,25449,14.41,436077.24,49377.17,259916.73,16505,20566574,25164,87611.32,23278
8,2024,45,28238,423793.61,28100,15.08,507876.1,59965.16,309188.02,18688,23952429,27833,101012.96,25513
8,2024,46,28975,422850.58,28849,14.66,505028.28,59237.09,308251.22,19332,24071616,28585,100570.91,26397
8,2024,47,30493,455235.26,30355,15.0,541676.71,63030.03,344260.65,21203,26575890,30091,107407.74,27674
8,2024,48,19221,258022.09,19113,13.5,304242.52,31105.11,171173.26,11676,14339974,18914,61224.27,17550
8,2024,49,30758,439040.46,30593,14.35,523521.87,60990.49,321287.55,20569,24968128,30332,103394.59,28164
8,2024,50,30961,404783.98,30819,13.13,478772.95,55066.08,298833.76,21319,23722688,30590,95288.67,28728
8,2024,51,27345,348809.83,27202,12.82,411512.85,45709.33,247272.03,17997,20663862,27020,81730.73,25382
8,2024,52,15592,203328.01,15491,13.13,238781.51,22902.69,130054.44,9141,11430622,15361,49581.09,14293
8,2025,1,16239,215759.22,16114,13.39,253581.52,23986.57,140170.8,9672,11525339,15958,50589.0,14772
8,2025,2,18417,229244.36,18292,12.53,265136.92,26913.17,157551.56,11881,12986210,18159,55466.86,17085
8,2025,3,20840,256792.14,20730,12.39,301526.4,31863.77,180821.64,13752,14769421,20581,61961.48,19395
8,2025,4,19718,245548.74,19629,12.51,289221.94,30993.53,178361.81,13561,13925617,19505,60182.55,18404
8,2025,5,20391,255083.47,20304,12.56,300702.36,31760.33,181112.66,13665,14554753,20157,62741.07,19024
8,2025,6,20650,267967.25,20585,13.02,314845.29,33612.12,194527.43,14074,14876153,20413,66854.06,19391
8,2025,7,23413,294189.71,23330,12.61,344616.41,35440.58,221216.01,16867,17059717,23157,69763.13,22122
8,2025,8,24814,323207.42,24727,13.07,379591.44,39397.47,240514.53,17637,18306194,24536,79732.65,23472
8,2025,9,23293,302025.39,23218,13.01,354311.16,36027.46,219593.9,16031,17546556,23047,73892.21,22015
8,2025,10,25901,345052.37,25816,13.37,404192.72,40852.23,259318.88,18495,20634605,25605,84754.38,24401
8,2025,11,29070,395092.45,28966,13.64,464199.18,46708.76,301891.91,20986,23017361,28744,92457.68,27323
8,2025,12,29529,416952.71,29432,14.17,491720.85,52113.26,325334.67,21753,24959597,29195,98303.05,27729
8,2025,13,24093,325932.46,24005,13.58,386304.83,40998.2,240126.01,16651,18750869,23782,77372.67,22543
8,2025,14,27128,385676.7,27025,14.27,453585.5,48211.64,291991.6,19345,22287112,26797,92844.04,25459
8,2025,15,26754,361702.51,26663,13.57,425006.37,42957.15,271988.48,18972,21250017,26421,85769.81,25131
8,2025,16,27519,375420.97,27437,13.68,439963.73,43262.85,281717.57,19824,22091997,27235,88414.99,25881
8,2025,17,31021,434119.31,30899,14.05,512996.0,52947.26,328748.76,22187,25624300,30644,100029.94,28949
8,2025,18,29590,424523.21,29489,14.4,502427.41,53293.21,325917.53,21251,25045910,29230,102364.95,27721
8,2025,19,31338,448639.49,31232,14.36,527283.42,53936.96,345675.08,22985,26911940,30959,104328.19,29348
8,2025,20,34110,521881.7,33996,15.35,616563.1,63157.24,413577.76,25516,31088372,33691,120745.24,31691
8,2025,21,34042,488071.78,33918,14.39,572808.1,56473.15,379760.07,25106,28919276,33645,113601.87,31967
8,2025,22,30884,440739.21,30774,14.32,521183.55,53258.22,345443.3,23103,25181461,30481,96857.82,28478
8,2025,23,35364,532375.13,35247,15.1,627546.81,65426.86,425156.97,26819,29735538,34954,124673.16,33133
8,2025,24,37812,558222.17,37679,14.82,661298.29,69340.21,443453.04,28405,31864637,37379,127565.38,35282
8,2025,25,35308,512655.34,35143,14.59,603298.5,59280.18,402326.51,26404,29766202,34874,116364.18,32966
8,2025,26,32318,458815.57,32207,14.25,537588.25,53062.49,356117.63,23746,27049514,31947,105292.87,30261
8,2025,27,24697,337485.73,24586,13.73,395471.77,36287.88,244667.94,17049,20071613,24382,74739.19,22896
8,2025,28,29109,401051.43,28982,13.84,469820.48,46413.78,301113.47,20734,24005974,28721,89848.44,27120
8,2025,29,33605,472119.41,33493,14.1,557096.32,56201.6,364903.73,24679,26701479,33185,103733.89,31179
8,2025,30,31693,445415.32,31580,14.1,526743.48,53644.51,340717.23,23030,25769159,31294,98587.17,29467
8,2025,31,30303,432887.61,30182,14.34,512659.14,52230.5,331902.1,21986,25174823,29864,93356.12,27794
8,2025,32,31696,438204.51,31569,13.88,515394.4,49828.8,334381.02,22909,25425923,31223,98351.45,29439
8,2025,33,32434,455579.1,32317,14.1,535094.79,52449.37,349974.33,23632,27297046,32027,100770.24,30271
8,2025,34,29540,416285.96,29418,14.15,490784.16,48260.63,316713.37,21217,23795049,29149,96844.61,27682
8,2025,35,29669,416455.12,29541,14.1,486963.75,45525.18,317445.23,21508,24110531,29251,94968.89,27664
8,2025,36,27466,383065.72,27353,14.0,447694.11,40956.65,289872.22,19808,21043384,27069,89016.13,25633
8,2025,37,31718,467015.91,31594,14.78,549659.95,54547.33,357245.6,23281,26461151,31251,106864.46,29453
8,2025,38,34318,502420.39,34194,14.69,588932.41,56047.76,392436.84,25676,28366629,33867,115601.87,32091
8,2025,39,34128,488618.81,34002,14.37,571012.29,52945.99,380857.83,25463,27913826,33658,111370.64,31957
8,2025,40,34272,479427.15,34148,14.04,560263.38,52043.26,379265.28,26140,27121134,33819,106870.43,32039
8,2025,41,34737,495175.33,34622,14.3,581305.13,53483.79,392469.95,26442,28497981,34289,107439.5,32374
8,2025,42,35439,531361.09,35297,15.05,626681.9,61722.31,421052.54,27044,31976336,34973,115682.32,32874
8,2025,43,32991,450732.86,32885,13.71,529132.61,51276.48,357528.88,25187,26610388,32597,98438.24,30983
8,2025,44,32605,452661.14,32485,13.93,534744.14,52123.16,355191.89,24332,24997248,32170,98979.25,30415
8,2025,45,30955,432065.77,30840,14.01,508397.44,50912.16,339546.13,23368,24253938,30591,96983.24,29067
8,2025,46,30139,398012.2,30036,13.25,465948.49,45111.62,313476.31,22898,23037500,29775,85751.55,28313
8,2025,47,31643,415918.51,31532,13.19,489331.79,48523.77,327620.81,24066,24292398,31234,88921.56,29704
8,2025,48,23204,301031.72,23142,13.01,355290.07,32406.16,234445.5,17406,16266309,22887,64242.74,21712
8,2025,49,39749,536810.41,39575,13.56,629208.6,59356.97,437183.99,31420,30620455,39254,112528.08,37264
8,2025,50,37950,470391.0,37851,12.43,547652.8,50743.15,382514.18,30027,27857944,37617,101304.7,36278
8,2025,51,36116,432692.76,36017,12.01,502783.04,45978.91,347542.37,28250,26064354,35760,92281.76,34499
8,2025,52,20374,244012.16,20316,12.01,284138.06,24882.7,184505.76,15069,13999951,20160,54512.44,19430
8,2026,1,18857,220896.25,18804,11.75,255924.76,21130.55,165626.55,13985,12111899,18647,47138.07,17878
8,2026,2,21784,262213.42,21726,12.07,303084.37,26829.37,200022.22,16203,14901528,21565,58145.63,20758
8,2026,3,28725,332184.44,28649,11.59,381905.93,31707.55,266916.32,22760,19259354,28452,69861.02,27513
8,2026,4,26442,297781.83,26367,11.29,341294.67,28401.13,244492.2,21664,17044051,26199,62356.86,25388
8,2026,5,30465,349791.06,30377,11.51,402814.65,34343.59,285565.26,24721,20338363,30183,70906.74,29159
8,2026,6,28263,326414.31,28192,11.58,374968.01,31955.17,262779.45,22498,18752529,28008,70414.3,27137
8,2026,7,25936,308847.5,25864,11.94,356532.4,30697.3,244324.73,20115,18429269,25683,66615.73,24768
8,2026,8,25743,318736.15,25665,12.42,372289.53,35194.09,251832.84,19804,17639456,25471,69169.2,24342
8,2026,9,26118,317440.03,26045,12.19,366005.53,32260.42,251739.24,20247,17969642,25849,69201.29,24879
8,2026,10,27022,336311.25,26943,12.48,388313.93,34569.01,266151.59,20815,19123172,26752,72836.44,25675
8,2026,11,34509,452462.65,34382,13.16,523474.96,45557.95,373702.56,27756,26223044,34079,93001.33,32550
8,2026,12,36010,459178.35,35873,12.8,524767.41,41081.53,381482.22,29411,26302195,35630,97592.83,34424
8,2026,13,29252,363749.43,29171,12.47,421134.13,36010.32,288959.36,22820,20283970,28954,75992.54,27656
8,2026,14,33167,413455.74,33049,12.51,476192.65,37789.95,336212.02,26412,23747263,32764,83781.77,31253
8,2026,15,32475,415617.39,32361,12.84,480867.29,40458.37,339697.2,25759,23805485,32051,87147.69,30684
8,2026,16,32854,438438.1,32749,13.39,507789.94,43971.7,356518.68,25979,25082808,32489,93759.73,31065
8,2026,17,36472,487973.85,36351,13.42,563548.65,47327.12,405536.86,29340,28242811,36057,101517.65,34401
8,2026,18,36328,478034.22,36200,13.21,556853.31,48412.38,390738.72,28713,27212682,35878,98982.36,34130
8,2026,19,37476,531210.19,37300,14.24,615068.25,53474.23,440685.74,30132,30738870,36977,112866.37,35157
8,2026,20,37548,534103.66,37399,14.28,621629.06,54685.39,443698.4,30146,30632701,37072,111610.66,35109
8,2026,21,37783,538164.88,37654,14.29,622047.01,52879.89,447506.9,30445,30661294,37328,114546.65,35528
8,2026,22,36459,508823.17,36315,14.01,593653.55,50987.06,426526.36,29673,27358122,35940,101046.87,33732
8,2026,23,7,96.8,7,13.83,102.8,3.0,96.8,7,4046,7,24.3,7
9,2024,1,28,695.58,28,24.84,719.4,21.82,585.33,21,37359,27,189.79,24
9,2024,2,21,559.25,21,26.63,569.91,10.16,440.5,15,29655,21,154.66,20
9,2024,3,32,740.79,32,23.15,792.94,28.65,644.54,25,40639,30,241.29,29
9,2024,4,32,907.03,32,28.34,922.98,15.95,547.15,20,51011,32,238.28,31
9,2024,5,38,963.22,38,25.35,983.13,14.41,742.91,25,53322,38,267.06,37
9,2024,6,36,862.06,36,23.95,939.72,15.66,706.56,26,44019,35,265.58,31
9,2024,7,36,882.66,36,24.52,893.88,8.02,594.21,23,49476,34,248.35,32
9,2024,8,36,883.62,36,24.55,890.18,6.56,645.87,22,55008,36,261.6,35
9,2024,9,43,1059.57,43,24.64,1120.83,36.76,863.76,33,57701,41,312.35,38
9,2024,10,32,935.15,32,29.22,963.53,21.38,705.78,23,126678,31,245.72,31
9,2024,11,40,1034.62,40,25.87,1075.36,18.24,848.51,32,65110,38,300.98,36
9,2024,12,38,979.5,37,26.47,984.6,3.6,740.5,26,60929,37,274.9,36
9,2024,13,36,850.1,36,23.61,879.99,17.39,610.79,24,52450,35,232.13,32
9,2024,14,45,1124.95,45,25.0,1136.21,9.26,702.14,26,68418,40,280.16,39
9,2024,15,25,963.25,25,38.53,968.3,5.05,395.75,14,134779,25,193.79,24
9,2024,16,40,1030.08,40,25.75,1052.92,19.84,773.33,29,71076,40,283.6,39
9,2024,17,45,1214.9,44,27.61,1271.96,3.56,882.68,30,78309,43,326.63,43
9,2024,18,47,1168.9,47,24.87,1247.52,30.62,885.4,33,70380,47,294.96,42
9,2024,19,46,1154.83,46,25.1,1237.87,15.04,784.08,28,71438,43,288.94,38
9,2024,20,37,948.0,37,25.62,1005.2,18.2,780.25,29,67924,36,222.32,32
9,2024,21,46,1114.81,46,24.23,1165.3,11.49,794.25,31,86194,45,320.93,44
9,2024,22,35,977.83,35,27.94,989.53,11.7,760.03,26,65653,35,310.41,33
9,2024,23,43,1038.09,42,24.72,1068.47,28.38,768.59,27,83055,41,256.13,38
9,2024,24,28,759.31,28,27.12,763.5,4.19,534.56,20,54568,28,202.47,28
9,2024,25,36,1046.1,35,29.89,1062.12,7.02,535.05,19,91331,34,226.9,32
9,2024,26,40,1069.25,40,26.73,1151.98,27.23,720.75,25,68602,39,314.04,36
9,2024,27,34,883.04,34,25.97,902.99,11.95,625.79,21,55943,32,274.18,32
9,2024,28,51,1414.07,51,27.73,1498.13,35.06,986.35,35,96113,49,433.43,48
9,2024,29,39,962.31,38,25.32,1013.98,7.05,642.25,25,67709,38,308.75,37
9,2024,30,37,838.73,36,23.3,874.48,27.75,607.48,25,52789,36,230.99,32
9,2024,31,30,791.23,29,27.28,856.21,38.48,524.1,19,52058,29,252.6,27
9,2024,32,23,872.25,23,37.92,953.75,76.0,781.5,18,41052,21,180.4,20
9,2024,33,42,1175.93,42,28.0,1288.96,49.03,830.5,27,64780,42,302.54,34
9,2024,34,29,728.56,29,25.12,748.25,19.19,577.81,21,43335,27,197.65,24
9,2024,35,40,940.19,40,23.5,990.97,35.78,672.69,22,57879,39,293.33,37
9,2024,36,36,887.77,35,25.36,907.91,19.64,661.46,25,56852,34,281.79,33
9,2024,37,37,952.26,37,25.74,981.82,29.06,634.79,24,65559,37,293.27,36
9,2024,38,49,1229.09,49,25.08,1269.71,12.37,737.28,24,76585,47,366.28,46
9,2024,39,33,896.47,33,27.17,923.23,18.76,665.22,24,65792,33,290.04,33
9,2024,40,32,902.06,32,28.19,916.9,10.84,578.33,20,57620,32,260.2,31
9,2024,41,45,1308.41,45,29.08,1370.34,25.93,859.29,31,90586,45,426.46,43
9,2024,42,47,1307.8,47,27.83,1348.47,15.67,1053.05,36,87919,47,394.13,44
9,2024,43,35,1038.47,35,29.67,1051.78,13.31,674.68,24,67803,35,329.62,35
9,2024,44,35,866.75,35,24.76,907.38,11.63,617.5,24,59671,35,283.6,33
9,2024,45,43,1226.87,43,28.53,1300.55,24.43,853.0,29,78831,43,361.02,40
9,2024,46,43,1290.91,43,30.02,1350.63,18.22,977.1,31,79190,42,384.15,40
9,2024,47,54,1450.5,54,26.86,1478.95,23.45,1197.0,40,86674,52,449.16,49
9,2024,48,42,1188.7,42,28.3,1243.14,48.44,1114.95,37,67479,42,340.6,39
9,2024,49,47,1224.01,47,26.04,1238.82,14.81,882.04,33,84907,47,386.11,46
9,2024,50,41,1211.96,41,29.56,1244.2,30.74,864.0,30,78376,40,383.02,40
9,2024,51,29,759.96,29,26.21,794.62,20.66,556.21,20,43503,27,236.42,25
9,2024,52,39,1283.68,38,33.78,1283.68,0.0,815.25,27,88032,38,409.79,38
9,2025,1,39,955.22,39,24.49,983.72,20.98,649.35,23,49865,38,281.38,33
9,2025,2,33,806.4,33,24.44,825.86,19.46,594.15,21,57924,33,260.28,31
9,2025,3,39,1060.0,39,27.18,1081.32,20.32,807.0,27,62626,38,347.17,38
9,2025,4,33,876.86,33,26.57,887.83,10.47,614.25,22,59397,33,290.79,31
9,2025,5,43,1265.38,43,29.43,1275.67,4.79,1033.88,35,81618,43,434.13,42
9,2025,6,27,716.6,27,26.54,736.17,14.07,614.1,21,49557,27,247.24,27
9,2025,7,33,1029.62,33,31.2,1058.42,16.3,689.25,24,64344,33,346.9,33
9,2025,8,32,829.89,32,25.93,872.03,20.89,652.6,24,46760,32,277.56,29
9,2025,9,32,847.9,32,26.5,891.61,37.21,616.4,21,48195,30,271.01,27
9,2025,10,29,881.77,29,30.41,890.37,4.6,699.69,23,47172,29,275.14,28
9,2025,11,37,1036.25,37,28.01,1136.12,18.87,809.5,29,115157,36,322.66,33
9,2025,12,32,866.31,32,27.07,880.95,5.14,759.59,27,59359,32,296.46,30
9,2025,13,35,1086.56,35,31.04,1117.34,23.28,752.02,26,58524,35,362.92,33
9,2025,14,42,1321.01,42,31.45,1340.07,18.06,919.75,32,71180,42,421.38,41
9,2025,15,42,1066.63,41,26.02,1084.05,16.42,800.32,31,69186,41,335.62,40
9,2025,16,41,1072.22,41,26.15,1115.72,12.5,856.5,31,65365,41,328.38,38
9,2025,17,54,1461.92,54,27.07,1542.36,41.74,1049.11,36,101255,53,428.21,46
9,2025,18,52,1353.75,52,26.03,1367.13,8.88,1081.75,38,93991,52,405.6,49
9,2025,19,44,1311.02,44,29.8,1323.88,11.86,794.0,29,83345,43,367.12,42
9,2025,20,57,1468.31,57,25.76,1482.92,12.11,1223.31,44,107737,56,461.31,54
9,2025,21,53,1662.09,53,31.36,1701.27,7.18,1188.33,42,116495,53,542.89,53
9,2025,22,46,1208.25,46,26.27,1231.4,22.15,979.75,35,86974,46,377.76,44
9,2025,23,45,1444.57,45,32.1,1461.75,15.18,983.14,32,95104,45,425.44,42
9,2025,24,46,1252.88,45,27.84,1297.17,38.29,933.38,33,89629,45,397.96,41
9,2025,25,58,1562.68,58,26.94,1616.05,49.37,1242.37,43,94033,58,472.02,51
9,2025,26,40,1103.31,40,27.58,1114.3,10.49,1011.25,35,72240,40,374.05,40
9,2025,27,37,993.5,37,26.85,994.54,0.04,959.25,35,65497,37,337.76,37
9,2025,28,37,1186.57,37,32.07,1218.55,29.98,1105.07,36,72574,35,368.11,35
9,2025,29,49,1444.75,49,29.48,1501.72,55.47,1272.72,44,88413,48,422.65,47
9,2025,30,43,1392.83,43,32.39,1392.9,0.07,1087.0,36,95696,43,444.94,43
9,2025,31,43,1323.38,42,31.51,1378.97,22.09,1135.32,36,80158,41,448.41,39
9,2025,32,34,976.08,34,28.71,986.8,9.72,839.36,29,62331,34,308.36,33
9,2025,33,43,1227.66,43,28.55,1284.89,15.23,1121.75,38,81584,43,399.73,42
9,2025,34,45,1155.98,44,26.27,1216.39,38.41,1083.98,36,68960,43,328.06,40
9,2025,35,45,1161.7,45,25.82,1171.39,7.69,978.0,33,84019,45,377.83,41
9,2025,36,34,909.97,33,27.57,939.74,23.77,783.22,27,62440,33,300.52,31
9,2025,37,45,1246.1,45,27.69,1286.03,9.43,1039.05,37,85731,45,388.61,42
9,2025,38,57,1501.67,57,26.35,1554.9,23.23,1390.17,48,102742,57,473.11,53
9,2025,39,49,1450.32,49,29.6,1465.88,12.56,1316.81,45,104301,49,488.02,48
9,2025,40,33,936.62,33,28.38,986.41,37.29,836.87,27,59903,31,254.12,29
9,2025,41,28,716.18,28,25.58,760.04,37.36,668.93,24,57797,28,233.92,28
9,2025,42,28,737.62,28,26.34,847.58,31.96,632.56,25,49526,27,244.07,24
9,2025,43,24,550.27,24,22.93,559.15,7.88,518.52,20,39970,24,161.88,22
9,2025,44,24,753.9,24,31.41,782.64,26.74,753.9,24,43174,24,215.59,22
9,2025,45,33,755.71,33,22.9,859.17,43.46,622.83,23,49455,32,221.1,30
9,2025,46,27,617.46,27,22.87,622.53,4.57,495.65,17,41313,27,195.77,24
9,2025,47,31,909.35,30,30.31,923.35,13.5,703.24,22,58671,29,302.36,28
9,2025,48,28,923.23,28,32.97,935.3,4.07,636.73,21,56543,27,298.11,25
9,2025,49,44,1095.65,44,24.9,1218.25,41.1,894.26,31,60139,42,285.5,38
9,2025,50,35,1119.96,35,32.0,1216.98,57.02,748.99,24,66979,35,309.1,27
9,2025,51,30,1011.09,30,33.7,1028.99,16.4,568.06,20,64771,30,356.8,30
9,2025,52,33,958.03,33,29.03,986.15,26.12,832.97,28,55793,31,321.7,31
9,2026,1,16,536.79,16,33.55,559.1,19.81,411.04,14,26021,16,194.24,15
9,2026,2,33,913.0,33,27.67,913.0,0.0,817.25,28,66556,33,299.73,32
9,2026,3,26,767.12,26,29.5,769.62,2.0,540.75,18,49411,26,216.13,25
9,2026,4,16,446.93,16,27.93,480.91,12.48,446.93,16,27106,16,158.75,15
9,2026,5,30,881.37,30,29.38,918.4,34.53,738.56,27,52632,29,261.0,28
9,2026,6,16,436.5,16,27.28,488.9,18.9,379.0,12,24428,15,136.88,14
9,2026,7,27,708.16,27,26.23,758.1,23.44,671.41,21,44361,27,202.83,21
9,2026,8,24,681.56,24,28.4,692.77,8.21,572.94,19,39558,24,207.43,23
9,2026,9,25,727.2,25,29.09,737.76,9.56,622.14,22,44225,25,247.84,25
9,2026,10,27,700.03,27,25.93,768.58,35.05,606.03,22,35850,26,183.11,24
9,2026,11,32,860.07,32,26.88,924.65,23.33,756.32,27,57727,32,292.0,31
9,2026,12,25,790.87,25,31.63,809.85,16.98,693.71,23,48915,25,264.39,25
9,2026,13,25,668.79,25,26.75,721.5,49.71,562.29,19,41983,25,196.88,21
9,2026,14,25,804.73,25,32.19,879.38,25.65,571.73,20,58058,24,274.12,23
9,2026,15,36,1186.24,35,33.89,1209.54,20.3,1003.24,26,72338,35,288.34,31
9,2026,16,29,949.91,29,32.76,983.84,23.43,689.69,22,55321,29,284.05,27
9,2026,17,22,708.1,22,32.19,730.95,14.35,513.04,16,50185,22,196.71,20
9,2026,18,18,429.98,18,23.89,486.89,13.91,396.98,15,29328,18,142.69,17
9,2026,19,18,508.58,18,28.25,518.04,8.96,496.58,17,38150,18,168.73,18
9,2026,20,20,546.75,20,27.34,581.51,28.26,516.49,17,33474,20,145.33,17
9,2026,21,23,645.67,23,28.07,677.26,26.59,555.67,20,43949,23,210.87,22
9,2026,22,18,515.68,18,28.65,535.07,12.39,458.18,16,34313,18,162.28,17
